:020000041000EA
:10000000002008205D0100101B0100101D010010E0
:100010001101001011010010110100101101001058
:100020001901001019010010190100101F01001022
:10003000110100101901001021010010230100100E
:100040001101001011010010110100101101001028
:100050001101001011010010110100101101001018
:100060001101001011010010110100101101001008
:1000700011010010110100101101001011010010F8
:1000800011010010110100101101001011010010E8
:1000900011010010110100101101001011010010D8
:1000A00011010010110100101101001011010010C8
:1000B00011010010110100101101001011010010B8
:1000C00011010010110100101101001011010010A8
:1000D0001101001011010010110100101101001098
:1000E0001101001011010010110100101101001088
:1000F0001101001011010010110100101101001078
:100100001101001011010010110100101101001067
:10011000EFF30580103800BE00BE00BE00BE00BE7A
:1001200000BE00BEF2EB887198A70010BCA70010BB
:10013000A001001090A31AE7D3DEFFFF42012110B7
:10014000FF01000064C70000793512AB4FF00000DA
:100150001E49086006C881F3088810474FF05040D8
:10016000006810B14FF00000F2E70DA40ECC00299A
:1001700002D000F012F8F9E71549164A002000E015
:1001800001C19142FCD11449884714498847144958
:10019000884700BEFDE701C901C29A42FBD3704700
:1001A000BCA7001010010020F02100209CC8001006
:1001B00000000820000008209CC800100010082043
:1001C00000100820000000007047000008ED00E06B
:1001D000F0210020008802201D4300102D03001094
:1001E00015430010F8B500BF064B0749C91A89101E
:1001F00048BF0131491003D0044B0BB101481847E7
:10020000704700BFF0210020F02100200000000016
:1002100008B5054B1BB105490548AFF30080BDE8A3
:100220000840FFF7E1BF00BF00000000582F00208A
:10023000007C001008B5034D034C2968206807F0C6
:100240008FFCFAE7C42A0020AC1B002010B5084C34
:100250002068012806D0002000F002FE01230120C2
:10026000236010BD00F0FCFD00230120236010BDC1
:10027000A01B0020002110B5264C084623681B69EE
:100280009847236800210420DB68984723682248A8
:10029000DB6A9847236800210620DB6898472368BB
:1002A0001E48DB6A9847236803200021DB689847D3
:1002B0001B4B1A782368012A94BF1A481A48DB6A34
:1002C0009847236800210220DB68984703234FF4F6
:1002D00020723021002001F0CFF903234FF4207267
:1002E0003121002001F0C8F903234FF4207232219C
:1002F000002001F0C1F90323332100204FF42072C4
:1003000001F0BAF923680421BDE8104000201B6900
:10031000184700BFCC2F0020007C00102C7C001060
:10032000FF870220447C0010847C001000B589B057
:1003300004F0ECF8224807AB06AA05A903F094FCE8
:1003400018B91F491F4802F0ADFBDDE906120598F8
:1003500003F0C8FB00F098F8022001F09FF8022299
:10036000194B1A4C1A4D1A702060FFF783FF28466C
:1003700003F0D8FA23689B689847044603F0C0F856
:1003800000214FF47A72134BCDE90115009323B28B
:1003900083FB022303F036FA0F4806F075FE0121B5
:1003A0000E4A0F4B10681B6808305A688140114292
:1003B00005D153F820205A681142FAD0FEE7FDE734
:1003C000F0490200FC7C0010FF870220CC2F0020A7
:1003D000782300204D02001035020010C42A0020AE
:1003E000AC1B0020244870B40468A10101F1A043B3
:1003F0001A69520117D44FF4113C204B204803F5E1
:10040000A05200EA44309D0712D012F8011BBCF143
:10041000010C03F8011BF6D14FF4A05270BC00216F
:10042000184807F02DB91A695601FCD40468E2E7B0
:100430005FEA9C060CF0030511D040F4FC00A1011A
:1004400001F1A04140F059000A604B608E60C86025
:1004500008694001FCD42CF0030C63446244002D75
:10046000DAD01178012D1970D6D05178022D59703B
:100470001CBF92789A70CFE7502F0020DC2F00200D
:10048000FDFF7FFCDC730220F0B5474989B0474887
:1004900006F03AFC0024464B0646214643481C60C1
:1004A00006F00EFC4FF480304FF4F8314FF4402347
:1004B0004FF4000E6D46CDE90001039402930DF157
:1004C000100C06F11703F70147EA03379DE80F0008
:1004D0008CE80F0005979CE80F008DE80F00CDF821
:1004E0000CE020460721013402F0AAFA0E2CF8D1C4
:1004F000039B072123F0E05323F4787343F08063D8
:1005000043F4E073204603930F2702F099FA4FF06B
:10051000000343EC4470152443EC44400022384669
:10052000012102F0ABFA00222046012102F0A6FAD6
:100530003846072102F084FA2046072102F080FAAB
:10054000DDE901746FF31D4427F0F85744F084741B
:1005500044F480344FF480420021164B134847F096
:1005600070670294019706F063FC104C616811F407
:100570008031FBD144F2FF0C324648F2A0074AF228
:1005800047062B464FF48035C4F810C00748C4F81E
:10059000D870C4F8D860009506F0C6FC236843F014
:1005A0000103236009B0F0BD687F001000003050E7
:1005B000C42A0020FFFF20002DE9F8430124DFF8C2
:1005C0009890DFF89880214ED9F80030D8F80010C4
:1005D0001F48326804FA01F104FA03F3056804FACB
:1005E00002F21C4F0B43134325EA03033D4603600D
:1005F00006F004FC38464FF00041D9F80020DFF83F
:1006000060C0131D04FA03F3CCF8003002EB420281
:10061000D8F80030D20017441A1D04FA02F2CCF8C0
:10062000002003EB43033268DB001D4402EB42036E
:10063000DB00043218449440CCF800403960396043
:100640002960296001600160BDE8F883A41B0020D7
:1006500000002050D0102050442B0020A81B002068
:1006600000202050000000002DE9F04F2DED028BFE
:1006700014468FB002900491FFF79EFF052C00F204
:100680003381DFE814F0060006005D015D0106001D
:100690005D019D499D4806F037FB9D4981469B4879
:1006A00006F032FB9B498046984806F02DFB9FEDF3
:1006B000928B994BDFF878A219680746DFF874B27D
:1006C000924806F0FDFA9148DAF8001006F0F8FAC0
:1006D0008E48DBF8001006F0F3FA4FF440220021B8
:1006E0008DED068B09F1060609F10103360346EA92
:1006F000C316894BCDE90821186806AC0AAD4FF442
:10070000A80C039094E80F0085E80F000B960126D3
:1007100095E80F00DFF820E284E80F0006211020A2
:10072000CDF824E0CDF818C002F08AF93346102243
:1007300003990096754806F0B1FB23464A46039993
:10074000724806F0F1FB4FF440334FF440220A9315
:1007500008F10D030C921B0308EB060243EAC213D7
:1007600023F0C04343F08043DAF800900B936B4BC7
:10077000062111200D9302F063F9334611224946F8
:100780000096624806F08AFB42462B4649465F487F
:1007900006F0CAFB4FF4402200218DED068B4FF48A
:1007A000102E9FED577BCDE9082107F1080CBB1CEB
:1007B0004FEA0C3C4CEAC31C94E80F0085E80F009C
:1007C000CDF82CC095E80F0084E80F000621122018
:1007D0008DED087BCDF818E0DBF8008002F030F9F1
:1007E0000621132002F02CF90621142002F028F92A
:1007F0000323122241460096444806F04FFB23464D
:1008000041463A46414806F08FFB434B3F4C19683E
:1008100001F110039E4063683342FCD140F247155A
:100820000122DAF800000B1D44F8235000F11003F8
:10083000364D9A406B681342FCD140F2DF1601221C
:10084000DBF80040031D45F82360DFF8C08004F1A9
:1008500010039A40D8F804301342FBD101259F239E
:10086000029E05FA00F0D6F800C0261D48F8263092
:1008700005FA01F3034305FA04F10B43190201F4ED
:100880007061DFF8B8E003F00F030B43244A254FF3
:10089000CEF800302846C7F800C0176806F098FB6D
:1008A0004FF0A041204B8540820118600A44C1F8F6
:1008B0006454D3685B01FCD4C1F80C54A021029BA2
:1008C00007EB8606136007F12F4303F560031B0D4A
:1008D00004EBC304154B566003EA403343EA444338
:1008E00043F01103916013610FB0BDEC028BBDE8C2
:1008F000F08F00BFAFF300800000010000F00100A6
:1009000000000C405202300C3C80001000002050CF
:1009100018800010FC7F0010442B0020204600446B
:10092000B01B0020D82F0020A02F0020FDFF01FCCD
:10093000A81B0020A41B002000020004002020505F
:10094000AF49B04806F0E0F9AF498046AD4806F03F
:10095000DBF9AE490746AB4806F0D6F903469FEDF2
:10096000A48BAB4ADFF8C8A21168A648DFF8C4B26E
:10097000039306F0A5F9A348DAF8001006F0A0F9F1
:10098000A048DBF8001006F09BF94FF44029002145
:100990008DED068B9E4ACDE9089108F10806106896
:1009A00008F10103360306AC0AAD46EAC3164FF45C
:1009B000C02C059094E80F0085E80F000B960126E7
:1009C00095E80F00DFF870E284E80F0006211020A0
:1009D000CDF824E0CDF818C002F032F833461022EA
:1009E00005990096874806F059FA2346424605992C
:1009F000844806F099FA4FF480330A9307F10D0307
:100A0000BA191B0343EAC21323F0C04343F08043E7
:100A1000DAF800800B937F4B06211120CDF830903F
:100A20000D9302F00DF833464146112200967548A9
:100A300006F034FA3A4641462B46724806F074FAFC
:100A400000218DED068B039BCDE908910FF2A819CB
:100A5000D9E9008903F1080C4FEA0C3C02334CEA57
:100A6000C31C94E80F0085E80F00CDF82CC095E872
:100A70000F0084E80F0006211220DBF80070CDE99A
:100A8000088901F0DDFF0621132001F0D9FF0621BE
:100A9000142001F0D5FF032312223946009659484D
:100AA00006F0FCF92346039A3946564806F03CFA0C
:100AB000574A544C126802F110039E406368334257
:100AC000FCD140F28F250121DAF80000131D44F813
:100AD000235000F110034B4C994063680B42FCD14A
:100AE00040F2DF160121DBF80050031D44F82360BB
:100AF000444F05F1100399407B680B42FCD1012360
:100B000040F23F1E4FF0A04103FA00F003FA02F258
:100B100005F1040C024303FA05F52A43100200F420
:100B200070603D4E3D4C02F00F02024347F82CE04E
:100B30003260226803FA02F0394B92011D680A44C0
:100B4000C1F86404D3685E01FCD4C1F80C04012030
:100B50004FF0A046334F3B689A0198403244C1F8A9
:100B60006404D3685B01FCD4C6F80C04012006F0D1
:100B70002FFA2060012006F02BFA0121D4F800C0E2
:100B8000DBF80040284A04F1040E05EB8E04029DB8
:100B9000386002EA4C322F684FEA8C1505F1A04507
:100BA00042EA4032214B2F6042F480226C60049C68
:100BB00003EA403342F01102AC6043EA4C332A614D
:100BC0008001029A00F1A04043F4FC03026043F06C
:100BD000090301FA0CF2456081600361C6F85024F4
:100BE0000FB0BDEC028BBDE8F08F00BFAFF300800B
:100BF0000000010000F0010000000C405202300C27
:100C0000E07F001000002050BC7F0010A07F00108B
:100C1000442B00202046004400202050A02F00201C
:100C2000B01B0020A42F0020FD1F00FCFD1F7EFC38
:100C3000A81B0020A41B002000020004054B1B6819
:100C40005B6D5A68197C13885B1A1BB223EAE37345
:100C500013807047D02F0020054B1B685B6D5A68CE
:100C6000597C53885B1A1BB223EAE37353807047A5
:100C7000D02F00200B4B1B68596D4A680B7C1088E5
:100C800003441BB24F2B01DC1380704700201080FF
:100C9000B2F802C04B7C63441BB21E2BD4BF5380FE
:100CA00050807047D02F0020064B1B685B6D5A6840
:100CB0005B7C51880B441BB21F2BA8BF00235380C1
:100CC000704700BFD02F0020024B1B685B6D9862FD
:100CD000704700BFD02F0020002110B5064C0846F9
:100CE00023685A6D1B695268117198470122236865
:100CF0005B6D5B681A7110BDD02F00200A4B1B681A
:100D00005B6D187205280AD8DFE800F006060303B9
:100D10000603064A1A607047054A1A6070470222A5
:100D200002491A7219607047D02F00208002E0013A
:100D30004001F0000F4B1B685B6DB3F800C08445A9
:100D400017D900B5B3F802E08E4510D91A7C12FB12
:100D500000F258685B7C92B213FB01F39BB294459E
:100D600098BF00229E4598BF0023028043805DF813
:100D700004FB7047D02F0020024B1B685B6D987CF2
:100D8000704700BFD02F0020024B1B685B6D5B6873
:100D9000D8807047D02F0020024B1B685B6D5B68CA
:100DA000D8887047D02F0020024B1B685B6D5B68B2
:100DB00018717047D02F0020024B1B685B6D5B6879
:100DC00058717047D02F0020024B1B685B6D18765E
:100DD00059767047D02F0020024B1B685B6D187E40
:100DE000704700BFD02F0020064B10B51B680021B4
:100DF0005C6DE269A06A06F043FC002263681A6039
:100E000010BD00BFD02F0020014B1868704700BFF5
:100E1000D02F0020114B30B51B685C6D40EA0103F8
:100E2000B4F802E0DB0F8E45D8BF43F00103B4F8FD
:100E300000C06BB984450BDD01FB0C00A56A4110B5
:100E4000C0076B5C05D5208C034043EA02126A544C
:100E500030BD608C03401A436A5430BDD02F00204F
:100E60007A4B2DE9F04F1B6885B0D3F85490D9F830
:100E7000043099F818701D7999F81960B3F9004099
:100E8000B3F902A0002D75D05D79002D3AD08046CF
:100E9000002800F0A5801D7A514610230822204624
:100EA000009601F095FC99F8113015FB03F133B36E
:100EB0000022674BCDF808901944CDF80CA091465C
:100EC0008A4607344FF0070B039B1AF8018F03EB98
:100ED00009052DB248FA0BF3DB07A4EB0B004CBF5E
:100EE0003A463246294600B2FFF794FFBBF1010BA8
:100EF000F0D2029B09F101095B7C9945E2DB05B068
:100F0000BDE8F08F93F80880514610230822204650
:100F1000009601F05DFC99F8113018FB03F1002BED
:100F2000EDD04B4BCDF808901944CDF80CA0A94654
:100F30008A4607344FF0070B039B1AF8018F03EB27
:100F400009052DB248FA0BF3DA07A4EB0B004CBFEE
:100F50003A463246294600B2FFF75CFFBBF1010B6F
:100F6000F0D2029B09F101095B7C9945E2DB05B0F7
:100F7000BDE8F08F1023514608222046009601F06C
:100F800027FC99F811305901002BB8D0314BCDF81E
:100F900008901944CDF80CA02A468946AA46073481
:100FA0004FF0070B039B19F8018B0AEB03052DB2D9
:100FB00048FA0BF3DB07A4EB0B004CBF3A46324672
:100FC000294600B2FFF726FFBBF1010BF0D2029BCE
:100FD0000AF1010A5B7C9A45E2DB05B0BDE8F08FBF
:100FE0001023514608222046009601F0F1FB99F8A3
:100FF00011305901002B82D0164BCDF808901944BE
:10100000CDF80CA04246C1468A4607344FF0070B84
:10101000039B1AF8018B09EB03052DB248FA0BF379
:10102000D907A4EB0B004CBF3A463246294600B222
:10103000FFF7F0FEBBF1010BF0D2029B09F10109B1
:101040005B7C9945E2DB05B0BDE8F08FD02F002036
:10105000B7050020B80500202DE9F04FAC4D89B050
:101060002B685C6DA0F10803052B3CD8DFE803F08A
:101070001BB3123B3B036368002201201A80FFF779
:10108000EFFE62686388B2F902709F421FDA09B00E
:10109000BDE8F08F0020FFF7E3FE6368627C5988AB
:1010A0000A445A80E8E70020FFF7DAFE6268217CF4
:1010B000138801205B1A1BB223EAE3731380FFF746
:1010C000CFFE62686388B2F902709F42DFDBFFF7F0
:1010D00089F9002263681A80617C5A88521A5A8002
:1010E00009B0BDE8F08F237E62680493A37C0646B6
:1010F000022B94F819B0B2F90090B2F9027078D0CE
:101100001023484608223946CDF800B001F060FBB4
:10111000637C16FB03F0002B00F0D7801FFA89F3E5
:1011200019464FF000097B4AD5F8008010444FEA79
:101130000B120592049ABDB21201CDE906240A46AB
:10114000072610F801AF0FFA85FECDF80C9017E0D6
:1011500083B909FB0E49BC6A4FEA690C19F0010F0B
:1011600014F80C3000F0C6803F8C1F40069B1F43D4
:1011700004F80C70013E0132731C92B200F09980A9
:10118000D8F8547045EA02047B88B7F800909E4571
:10119000B4BF002301234AFA06FC43EAD43314B255
:1011A000A145D8BF43F001031CF0010FD0D1002BA3
:1011B000E0D109FB0E44D7F828904FEA640CE4070D
:1011C00019F80C3040F19D803C8C1C40059B1C4361
:1011D00009F80C40CEE7616894F82400B1F90020CA
:1011E000238802449342B1F902706388C8BF0A8021
:1011F0004BE72088638848456EDD9F426CDA19F121
:101200000B0F69DB17F10F0FC0F2888000230093EA
:10121000102339461A46484601F0DAFA049B1FFAB1
:1012200089F55B4506EB86063B4BBAB27DD033446D
:101230001F4605F10A0102F110090394049C89B2CA
:101240001FFA89F917F8018B0FFA85FACDE90427FF
:10125000069516465D460F469346022318F0010F89
:1012600031B206F1020614BF0094009550461A46AA
:10127000B6B201F0ADFA4E454FEA5808EDD1394605
:101280005A46AB46069D049B0235ADB28D42059F82
:10129000D8D11F465E46039C2DB2022339B20237D5
:1012A00028461A460096BFB201F092FA4F45F4D193
:1012B0000BE0079BDDF80C905B7C09F1010901351F
:1012C0009945ADB2FFF63BAF079C62682088B2F942
:1012D0000090B2F902706388217C494409B28142CE
:1012E0001180FFF6D2AE0020617C108039440FB22D
:1012F0005780CAE67F8C3B40049F3B4304F80C3088
:1013000038E77C8C23404BEA030309F80C3031E7C3
:10131000D02F0020B705002068800010217C4944B0
:1013200009B288421180DEDDB1E60394144605F16E
:101330000A0702F1100906EB030BBFB21FFA89F985
:1013400026460FFA85FA5446B2461BF8018B18F070
:10135000010F07D00223049A2046009231B21A46A8
:1013600001F036FA0236B6B24E454FEA5808EED1D1
:101370000235ADB2AF425446E2D1039CA5E700BFAF
:1013800030B5044600780D4685B028B1FFF764FEFD
:1013900014F8010F0028F9D100240D4BC5F30312F6
:1013A00005F00F05985C5B5D8DF804008DF8053045
:1013B0008DF806408DF80C4040B10134E4B2FFF7DF
:1013C0004BFE0DEB040318790028F6D105B030BDB3
:1013D0005480001070B50446094D00202B689B69AD
:1013E0009847207828B1FFF737FE14F8010F00283E
:1013F000F9D12B680120BDE870409B69184700BFF8
:10140000D02F002030B5044600780D4685B028B1B5
:10141000FFF722FE14F8010F0028F9D100241D4B1C
:10142000C5F3031205F00F05985C5B5D8DF80400B1
:101430008DF805308DF806408DF80C4040B1013430
:10144000E4B2FFF709FE0DEB040318790028F6D18A
:101450000025114B00201B685C6DFFF701FD6368E0
:10146000627C59881D800A445A800120FFF7F8FCED
:1014700062686388B2F902209A4201DA05B030BD91
:10148000FEF7B0FF63681D80617C5A88521A5A804B
:1014900005B030BD54800010D02F00202DE9F84F4A
:1014A0000646582002F0D6FE05463F4F2C203D60F0
:1014B00002F0D0FE0446002D6DD000286BD0012034
:1014C00005F086FD0246394B0C201A6001F0ACFA9B
:1014D0000346374DDFF8188132464FF4163128465F
:1014E000C8F80030FFF7C0F83B68DFF808B15C656A
:1014F00001F05CFA0722D5F800C04FF4163104253C
:10150000D8F8003022831A686060E26030469E8816
:10151000DFF8E4A026829B796261A374254BC4F8AE
:1015200028C0C4E9071384F82450FFF7E7FB3B68A1
:101530002149224A2248C3E90912224A2249586114
:101540001A622248224A9863C3E90C122148224AAF
:10155000DFF8A8E0C3E91102DFF8A4C01F49204A60
:10156000DFF8A090DFF8A0801E4E1F4D1F4CC3E98E
:101570000098C3E90665C3E91312C3F82CB0C3F899
:101580000CA0C3F810E0C3F83CC09C6000F03EF82B
:101590003868BDE8F88F284602F078FE204602F051
:1015A00075FE0020F5E700BFD02F0020502F00204F
:1015B000B41B00200F00F000D90C0010FD0C00102F
:1015C000890D0010C90C00100514001059100010EE
:1015D00081130010A90C0010750C0010590C00109C
:1015E0003D0C0010A90D0010B90D0010990D001050
:1015F0003C2B0020D5130010C90D0010350D001034
:10160000E90D0010D90D0010790D001070B5C0B0B3
:10161000FFF7FAFB6C460D4B0D4DC66A18600FCDF7
:101620000FC495E8030044F8040B21706846B047E6
:1016300014242046052201340A21FFF7EBFBA3B254
:10164000292B24B2F5D140B070BD00BFD42F0020AB
:10165000307D0010F8B55518A9420BDA0C46074644
:101660001E46214601343246384624B2FFF7D2FBEB
:10167000AC42F6DBF8BD00BF2DE9F041214C2468F7
:10168000D4F85480B8F800C0844519DD1F46B8F876
:1016900002300E468B4213DD83189C45B8BFACEB7D
:1016A000000C1446B8BF0CF1FF34C207054620D425
:1016B000E30715D46210002A02DDB6F5F07F01DBE6
:1016C000BDE8F081D8F8280006EB86066D1005EB22
:1016D000861547EA07112844BDE8F04105F0D0BF60
:1016E000281901383A4600B231B2FFF793FB013CAA
:1016F000E0E73A4609B200B2FFF78CFB0135013C46
:10170000D6E700BFD42F00202DE9F84FA3EB010A44
:1017100006468346101A0C461F468C468AEAEA7330
:1017200080EAE071A3EBEA73A1EBE0718B429DF8D4
:10173000289033DCB24271DAA6EB020AA4EB070868
:10174000CAF3C035B8F1000F05FA8AF5B8BFC8F181
:101750000008A7421FFA8AFA4FEA650570DA304698
:1017600014463E464FF0010B07468B421FFA88F89D
:101770003FDD21464A463046FFF74CFBA5EB080308
:101780001DB20134002D24B29BB203DA5E445344EF
:1017900036B21DB2BC42ECDDBDE8F88FA74217DAC5
:1017A000A4EB070AA6EB0208CAF3C035B8F1000F94
:1017B00005FA8AF5B8BFC8F10008B2421FFA8AFAE2
:1017C0004FEA650549DA964626463A467746C6E721
:1017D000CAF3C03505FA8AF5B24288461FFA8AFA7A
:1017E0004FEA65053FDC8B424FF6FF7B1FFA88F816
:1017F000BFDC20464A463146FFF70CFBA5EB080349
:101800001DB20134002D24B29BB203DA5E4453446E
:1018100036B21DB2BC42ECDDBDE8F88FC0F3C03576
:10182000A74205FA80F53446174666461FFA80FA45
:101830004FEA65050DDC4FF6FF7B1FFA83F8D8E70A
:101840003E4614465F464FF6FF7BA7428DDABDE861
:10185000F88F98464FF0010BF7E73C46164667466F
:101860004FF6FF7B81E74FF0010B7EE72DE9F04F4C
:101870001F4682460E46904694B21FFA81FBC4EB87
:10188000C43385B05B0004EB0B011BB2029209B2BA
:101890003A460393FFF7BEFAABEB040150463A46D3
:1018A00009B21FFA8AFAFFF7B5FA04EB0A003A46C2
:1018B000314600B2FFF7AEFAAAEB040031463A46D1
:1018C00000B2FFF7A7FA4346002B68DDC4F101051B
:1018D0002DB22B464FF00008554601E09CB2019B0B
:1018E00008F101081FFA88F605EB060A0FFA8AFAD2
:1018F000002B3A4650460FFA88F899B20ADB039B50
:10190000023311FA83F11BB20393631E9CB21BB224
:1019100089B2029301EB460101310BB2A5EB060936
:101920000BEB040109B20FFA89F901930091FFF75B
:1019300071FA48463A460099FFF76CFAABEB04019E
:10194000504609B23A4600910BEB060AFFF762FADD
:10195000484605EB04093A4600990FFA89F90FFA4F
:101960008AFA2C1BFFF756FA24B23A4651464846EB
:10197000ABEB0606FFF74EFA36B23A465146204622
:10198000FFF748FA3A4631464846FFF743FA3A46E7
:1019900031462046FFF73EFA029B43459EDC05B0E8
:1019A000BDE8F08F2DE9F04F154689B01FFA82F996
:1019B000002D9DF848B0C9EBC93262DD52000FFA24
:1019C00082FE03F00202C9F1010403F0040C02924A
:1019D00003F0080213F0010324B2019254D1BCF1C8
:1019E000000F40F0C580E146F24687B28EB204E0B7
:1019F000019B002B30D14D4543DD09F10109002C3D
:101A00001FFA89F8A3B208DB0AF1020A13FA8AF373
:101A1000013D2DB29BB20FFA8AFA03EB4803013362
:101A20001CB2029B0FFA89F9002BE1D0ABB2F11A7C
:101A300007EB08005A4609B200B20393FFF7EAF930
:101A4000039BA6EB0801F8185A4600B209B2FFF74B
:101A5000E1F9019B002BCED0ABB2F81A06EB0801DE
:101A60005A4609B200B20393FFF7D4F9039BA7EBE0
:101A7000080099195A4609B200B2FFF7CBF94D4553
:101A8000BBDC09B0BDE8F08F4FF00008F246CDE9AD
:101A9000034C87B28EB217E0029B002B44D1019B0E
:101AA000002B54D1311BA7EB09005A4609B200B2F2
:101AB000FFF7B0F9381BA6EB09015A4600B209B28C
:101AC000FFF7A8F94545DCDD039B08F10108002B71
:101AD0001FFA88F49AB20ADB0AF1020A013D12FAEF
:101AE0008AF21FFA85F992B22DB20FFA8AFA02EB46
:101AF0004402013213B20393049B0FFA88F8002BBF
:101B0000CAD006EB090138195A4609B200B2FFF7EC
:101B100081F9311907EB09005A4609B200B2FFF703
:101B200079F9029B002BBAD0A6EB090138195A4665
:101B300009B200B2FFF76EF9311B07EB09005A46F4
:101B400009B200B2FFF766F9019B002BAAD0311948
:101B5000A7EB09005A4609B200B2FFF75BF909EB9F
:101B60000601381B5A4609B200B2FFF753F999E74C
:101B7000CDE903B587B29B468EB2CDF81CE006E0F6
:101B8000019B002B49D1049B9B45BFF67AAF0BF11B
:101B90000103002C9DB20FFA83FBA3B20CDB079A62
:101BA00004990232013913FA82F31FFA81F912B251
:101BB00009B29BB20491079203EB450301331CB2B7
:101BC00006EB09027B191BB212B207EB090A06EBFE
:101BD00005081846114606920FFA8AFA039A0FFA78
:101BE00088F80593FFF716F9039A41465046FFF728
:101BF00011F9029A059B002AC2D0A6EB09011846EA
:101C0000039A09B2FFF706F9711B5046039A09B20D
:101C1000FFF700F9019B002BB5D04146DDF80C80A1
:101C2000A7EB0900424600B2FFF7F4F8781B4246E2
:101C3000069900B2FFF7EEF8A5E700BF914244DB3A
:101C40002DE9F04F9B465318B3F5F07F83B036DA99
:101C5000002A34DB0D46002602FB022702F10109AF
:101C60004FEA4108019016FB06F3FB1AB3F1804FCF
:101C70004FF0804203D292089342FCD312B300206B
:101C8000811899424FEA50009CBF80185B1A920855
:101C9000F6D14FEA400A019BA8EB05011C1A5246F7
:101CA0005B462046FFF7E8FC013629465B46524674
:101CB0002046FFF7E1FC4E4505F1FF35D3D103B0D7
:101CC000BDE8F08F92461046E5E770472DE9F04FEA
:101CD000002A89B095B21646BDF948409DF84C904F
:101CE000C5EBC53C40F3B680A4B289B2029104F1C1
:101CF000030B611C1FFA8BFB059103F0010103F03C
:101D000002034FF0000A03935B46C5F101054FEA59
:101D10004C0C2DB20FFA8CF280B2D3460190AA4639
:101D200004911D46009207E0039B002B5BD1AB1C86
:101D30005E459DB240F38E80BAF1000F1FFA8AF221
:101D40000ADB009B711E03F1020812FA88F20FFAF7
:101D500088F30EB2009392B20BF1010B1FFA8BF4D1
:101D600002EB4402049B01320FFA8BFB0FFA82FA5A
:101D7000002BD9D0029AB3B2D71A059A3FB202EB20
:101D8000430E019A07FA8EF81019474500B20FDA90
:101D9000CDE906343C464746804621464A46404601
:101DA000FFF738F8611C0CB2BC42F6DBDDE9063403
:101DB000019A1A44029B12B21F1B3FB207FA85F820
:101DC0004745B1DA06943C464746904621464A4686
:101DD0004046FFF71FF8611C0CB2BC42F6DB039BC8
:101DE000069C002BA3D0029BB2B29F1A059B3FB268
:101DF00003EB420E019B07FA8EF8181B474500B211
:101E00000FDACDE906243C464746804621464A463D
:101E10004046FEF7FFFF611C0CB2BC42F6DBDDE979
:101E20000624029B1C1B24B2019B04FA85F89A1A13
:101E3000444517B2BFF67BAF214601344A463846C7
:101E400024B2FEF7E7FF4445F6DBAB1C5E459DB2CE
:101E50003FF772AF09B0BDE8F08F00BF2DE9F04F3A
:101E600092461C460F4606468BB0BDF950309DF891
:101E700054500493049A2B4600EB0208AAEB420943
:101E80004A464046FFF7F8FBE1194A4640462B46D2
:101E90000139FFF7F1FBBDF810C0BBB24FEA4C07A8
:101EA00003EB0C09A1B2BFB20FFA89FBCC1B1FFADE
:101EB00086F80BFA84F4C24406935C451FFA8AF351
:101EC00007911FFA89F902931BDD0197E2465F46ED
:101ED00039462A463046FEF79DFF791C0FB2A742CD
:101EE000F6DB029B019F5E1E36B259460BF1010BD9
:101EF0002A4630460FFA8BFBFEF78CFFA345F4DB36
:101F0000D4467F423BB20393CCF101031BB205934D
:101F1000049BE044002B1FFA88F840F3F780DDF8BB
:101F20000CB0059CCDF804B00027A3461C46CDF8A4
:101F300020C001371FFA87FAA9EB0A01BBF1000F95
:101F40002A4609B23FB2A6B21FFA8BF00BDB019B07
:101F5000741E03F1020B10FA8BF00FFA8BF3A6B28A
:101F600080B224B2019300EB4A03A8EB06000133D0
:101F700000B20FFA83FBFEF74DFFA9EB0601A8EBB9
:101F80000A002A4609B200B2FEF744FFA742D0DB9E
:101F9000DDF820C0029B0026A3EB0C039BB21A467F
:101FA0000293DDE903B39A46013A92B2059C01928D
:101FB000CDF82080CDF824C0029BB6B2721C002C54
:101FC0001E441FFA82F830B21FFA8AF716B2A2B284
:101FD0000CDB0BF1020B07F1FF3A12FA8BF21FFA3E
:101FE0008AF792B20FFA8AFA0FFA8BFB02EB4802D9
:101FF000A9EB0701531C09B22A461CB2FEF70AFFDF
:10200000019BA9EB0801D8192A4609B200B2FEF7D4
:1020100001FF5645D0DBDDE9088C079B069A013BA2
:102020001A440026DDE903B39946A2EB0C0A059C8D
:102030001FFA8AFACDF81880CDF81CC0029BB6B200
:10204000721C002C1E441FFA82F830B21FFA89F766
:1020500016B2A2B20CDB0BF1020B07F1FF3912FA38
:102060008BF21FFA89F792B20FFA89F90FFA8BFBFC
:1020700002EB48020AEB0701531C09B22A461CB2C4
:10208000FEF7C8FE019B0AEB0801D8192A4609B2DF
:1020900000B2FEF7BFFE4E45D0DBDDE9068CDDE980
:1020A000049B0024664601E01FFA89F60134A7B2BA
:1020B0000AEB0701BBF1000F2A4609B224B21FFA4E
:1020C0008BF00EDB039B06F1FF3903F1020B10FAD4
:1020D0008BF00FFA8BF31FFA89F680B203930FFA95
:1020E00089F900EB470001300FFA80FBA8EB0600EE
:1020F00000B2FEF78FFE0AEB0601A8EB07002A46A6
:1021000009B200B2FEF786FE4C45CDDB0BB0BDE850
:10211000F08F00BF2DE9F04F06468DB0BDF9580095
:10212000DFF8A8861FFA80FE0490D8F800004FEA76
:102130004E04476D91469AB29DF85C30B7F800C0E6
:10214000A0B28CB2009304EB0E031BB2664502935F
:1021500041DA1D467B8801959D423CDA131A1BB279
:10216000002B03EB050A36DDF30700F1DE81B5F540
:10217000F07FC0F24381CDE905E2019D3A4606EBCE
:10218000090B0746039401910AE04C46E00713D47B
:10219000D8F80020526DB2F800C00135AA4513DD11
:1021A0006645FADA51888D42F7DADC45EDDAACEBB8
:1021B0000604013CE007EBD5701E2044009A00B2F3
:1021C00029B2FEF727FEE3E73846039C1746DDF801
:1021D00014E0069A0199B3B203937344A4EB0E047E
:1021E0001DB2224465451FFA89F49BB20FFA82F9A9
:1021F00042DA221A12B201927A880E46914262DACB
:10220000049A002A02EB010A36DD03F00102D90725
:10221000059200F1C081B6F5F07FC0F23881019AD5
:10222000CDE906E905EB020BA1461C460BE0019F38
:10223000FB0714D4D8F80020576DB7F800C001365A
:10224000B24540F389806545F9DA7A88B242F6DD15
:10225000E345ECDDACEB0507013FFB07EAD5601E6B
:102260003844009A00B231B2FEF7D4FDE2E75C4692
:10227000DDF814E0DDF81890039E009F2644DDF899
:102280000880A6EB0E060EF1FF3E0FFA8EF436B272
:102290003B46224641463046FFF7D0FC3B462246AD
:1022A00041462846FFF7CAFC3B462246494630468F
:1022B000FFF7C4FC3B462246494628460DB0BDE820
:1022C000F04FFFF7BBBC91454E46D5DA049A002A81
:1022D00002EB090AD0DD03F001020592059A002AFB
:1022E0004CD0019BCDE904E405EB030B6B1C3C4691
:1022F0000793CDF818900FE05210002A03DDB6F5D1
:10230000F07FC0F28D810136564580F27681D8F893
:102310000020546DB4F800C06545F4DA6288B2421A
:10232000F1DDDC45B4BFACEB0507019F0FFA86F980
:10233000B8BF07F1FF37009A49462846FEF76AFD05
:10234000FB0707F1FF32D7D42A4410B24946009A5E
:10235000FEF760FDBA1ECFE72346DDF818E04C46D5
:10236000DDF81C90654587DA7A884E464A4583DD5C
:10237000049A4A449246059A002AB2D1013B04933A
:10238000019BCDE905E905EB030BD946A3463C4685
:10239000374611E0019EF2071AD47210002A02DDBE
:1023A000B7F5F07F1DDB01375745BFF660AFD8F8B2
:1023B0000020546DB4F800C06545F4DA6288974295
:1023C000F1DAE145E6DDACEB0506013EF207E4D5C6
:1023D000049B009A981900B239B2FEF71BFD013E2A
:1023E000DBE707EB8701A06A009B890101EB650130
:1023F000084443EA031105F043F9D4E740F2DF1340
:102400000AF1FF3B9B45A8BF9B46009BCDE9054ECB
:1024100043EA0313CDE907200393099118E04C46E2
:10242000E30723D46210002A2BDDB86A05EB85048C
:10243000711001EB84110844039905F021F9D8F8D3
:102440000020576DB7F800C001355D4500F30181EC
:10245000B445F9DD7A88AA42F6DD06EB0902944517
:10246000DDDAACEB0604013CE307DBD5701E20444B
:10247000009A00B229B2013CFEF7CCFC6210002A9F
:10248000D3DCD8F80020576DB7F800C0DCE740F285
:10249000DF120AF1FF3B9345A8BF9346009ACDE9AE
:1024A000084A42EA0212DA46CDF828909B46CDE966
:1024B000062EDDF8049018E04C46E20723D46210A3
:1024C000002A2CDD06EB8601B86A890101EB650163
:1024D0000844069905F0D4F8D8F80020576DB7F8ED
:1024E00000C00136564500F3A9806545F9DA7A88BF
:1024F000B242F6DD05EB09026245DDDDACEB050419
:10250000013CE207DBD50BF1FF302044009A00B21A
:1025100031B2013CFEF77EFC6210002AD2DCD8F812
:102520000020576DB7F800C0DBE7B5F5F07FC0F2CB
:102530009A8093463A465746CDE9054E06EB090385
:10254000019D03930790019166451ADA51888D42E7
:1025500017DA039B0FFA85FA9C45AEBF4C46ACEBED
:10256000060404F1FF3430465146009AFEF752FC4F
:10257000E30704F1FF304CD5D8F80020526DB2F8D3
:1025800000C00135AF42DFDCDDE9054E1746079894
:102590005A4601991FE6B6F5F07FC0F2B580079460
:1025A000F34654469A46019ACDF82090AA1806920E
:1025B00065451ADA7A88964217DA069B0FFA86F989
:1025C0009C45B6BFACEB0507019F07F1FF374946B5
:1025D0002846009AFEF71EFCF90707F1FF3011D5D7
:1025E000D8F80020576DB7F800C00136B442DFDCE0
:1025F000DDE90749DE465346B4E6DDF81890DDE92B
:1026000004E439E628444946009A00B2FEF702FC89
:10261000E6E730445146009A00B2FEF7FBFBABE719
:10262000079BA06A591006EB8604009B01EB8411FE
:10263000084443EA031105F023F864E6DDE9084A9B
:10264000B2455B46DDF81CE0DDF828903FF7E7ADCA
:1026500088E6AA4509990195DDE9054EDDE90720DF
:102660003FF789ADB7E540F2DF130AF1FF359D4230
:10267000A8BF1D462B46009DCDF824A045EA0515B0
:1026800003959A46CDE9054ECDE90720019D0A91B3
:1026900014E05210002A09DD05EB8501B86A5B10D1
:1026A00003EB81131844039904F0EAFFD8F80030D3
:1026B0005F6DB7F800C00135554571DC6645FADA43
:1026C0007B88AB42F7DD06EB09039C45ACBF4C466B
:1026D000ACEB06040FFA85FBB8BF04F1FF34594692
:1026E000009A3046FEF796FBE10706F1010304F17C
:1026F000FF32CED4324410B25946009A0193FEF70D
:1027000089FB019BA21EC4E740F2DF120AF1FF31F0
:102710009142A8BF11460A460099934641EA011129
:10272000CDE9061ECDE90834CDE90AA915E052101D
:10273000002A0ADD06EB8601B86A4FEA6A0303EB5A
:1027400081131844069904F09BFFD8F800305F6DA0
:10275000B7F800C001365E452EDC6545FADA7B88A5
:10276000B342F7DD019B0FFA86F9EB189C45B6BF23
:10277000ACEB0504019C04F1FF342846009A49465D
:10278000FEF748FBE00705F1010A04F1FF32CED461
:102790002A4410B24946009AFEF73CFBA21EC6E747
:1027A000DDF824A00A9955450195DDE9054EDDE9DE
:1027B0000720FFF6BEAE0EE5DDE9094A5645DDF815
:1027C0002C90DDE907E3FFF6EAAECBE5D42F00203D
:1027D0002DE9F04F494F9E463B6885B05B6D9DF8F3
:1027E00038A01D88A84237DA90465A880C46914294
:1027F00032DABEF1000F0EEB01092DDDC1073AD42C
:10280000421ECDE9018200EB080B1E4680460EE019
:10281000019DEA0717D46A10002A02DDB4F5F07FA3
:102820001DDB0134A14517DD3A68566D3588A84592
:10283000F7DA7288A242F4DDAB45E9DDA5EB0805C5
:10284000013DEA07E7D5029B5246581900B221B272
:10285000FEF7E0FA013DDEE705B0BDE8F08F04EBDE
:102860008401B06A890101EB680108444AEA0A114F
:1028700004F006FFD5E700EB08020192421C8346F4
:102880001E460392CDF808800BE05210002A02DDAC
:10289000B4F5F07F25DB01344C45DDDA3A68566D3E
:1028A0003588AB45F7DA7288A242F4DD019B0FFA56
:1028B00084F89D42B6BFA5EB0B05029D05F1FF35DF
:1028C000524641465846FEF7A5FAEB0705F1FF329E
:1028D000DBD45A4410B241465246FEF79BFAAA1E78
:1028E000D3E7039BB06A04EB8405591001EB851113
:1028F00008444AEA0A1104F0C3FECCE7D42F0020B2
:10290000704700BFB0F5207F02D2024B1B681880D1
:10291000704700BFB42F0020B0F5F07F02D2024B09
:102920001B685880704700BFB42F0020B0F5207F8F
:1029300002D2054B1B681880B1F5F07F02D2024B22
:102940001B685980704700BFB42F0020014B1B68E3
:1029500018717047B42F0020014B1B6858717047E5
:10296000B42F0020014B1B68D8807047B42F002083
:10297000014B1B68D8887047B42F0020014B1B689F
:1029800018727047B42F0020014B1B6818887047DD
:10299000B42F0020014B1B6858887047B42F0020CB
:1029A000014B1B6818797047B42F002010B53820F0
:1029B00001F050FCE8B1002280230E4C0E4920604B
:1029C00041600E4C0E490260C0E903410D4C0E49B6
:1029D0000372C0E905410D4C0D49C0E907410D4C9A
:1029E0000D49446341620D4C0D49C0E90A410D494E
:1029F000016310BDB42F00200101960005290010CD
:102A0000192900102D2900104D29001059290010F6
:102A100065290010712900107D29001089290010F6
:102A200095290010A12900100A38C0B203289ABFC6
:102A3000024B53F820000020704700BF648500104F
:102A400010B44FF480740C4B53F8202003EB800338
:102A5000C00082F0400200F1804003F5805C02F08B
:102A6000C00200F5203003F54053CCF8002041604F
:102A70001C605DF8044B70470480034010B4084CA0
:102A8000C90041EA820154F8202004EB8003514040
:102A900003F5805301F00C015DF8044B1960704799
:102AA000048003400FB400B583B0049C074801F0D4
:102AB00071FD3CB105A92046019101F0FBFB0448E2
:102AC00001F068FD012001F00DFC00BF787D0010D1
:102AD000887D0010EFF3108072B6064BD3E8CF1F4D
:102AE00001220029FAD1C3E8412F0029F6D1BFF312
:102AF0005F8F7047AF2600200023034AC2E88F3F54
:102B000080F31088704700BFAF26002070B586465E
:102B1000EFF3108572B6124CD4E8CF6F0120002E6F
:102B2000FAD1C4E8460F002EF6D1BFF35F8F4FF005
:102B3000010CC80801F007030CFA03F31EF800C0EB
:102B40001CEA030608D14CEA030C0EF800C0C4E8E6
:102B50008F6F85F3108870BD1046FFF7A3FF00BF8D
:102B6000AF260020F8B5EFF3108772B61C4ED6E8FA
:102B7000CF5F0124002DFAD1C6E8454F002DF6D1D4
:102B8000BFF35F8F9A421BD8012502E001329342C6
:102B900022D3D40810F804E002F0070C05FA0CFC6C
:102BA0001EEA0C0FF2D14EEA0C0E00F804E01046BB
:102BB0000023C6E88F3F87F31088984207DBF8BDF3
:102BC0000023C6E88F3F87F310884FF0FF300029BD
:102BD000F5D00698FFF766FF4FF0FF30E8E700BF3B
:102BE000AF260020044A1078431CDBB2182B28BF04
:102BF00010231370704700BFE81B002010B5054C70
:102C000082B001461F23182200940348FFF7AAFF51
:102C100002B010BD8C7D0010D02A00204FF0E022C1
:102C2000936843F000539360704700BF0021044B4A
:102C300003F12002C3E88F1F01339342FAD170479A
:102C4000A42600204FF0E0234FF08032C3F8002488
:102C5000C3F80424C3F80824C3F80C24C3F81024D0
:102C6000C3F81424C3F81824C3F81C24C3F8202480
:102C7000C3F82424C3F82824C3F82C24C3F8302430
:102C800062B67047012300F01F029340400941B132
:102C9000800000F1604000F56140C0F880310360C1
:102CA0007047024A203042F82030704700E100E0CF
:102CB0000123064A410952F8212000F01F0003FABF
:102CC00000F01040003818BF0120704700E100E01C
:102CD00001224309034900F01F008240403341F8BC
:102CE0002320704700E100E0054A10309268054B50
:102CF00052F82000C01A2F288CBF002001207047F6
:102D000000ED00E0EC1B0020F8B50D46EFF3108756
:102D100072B6124ED6E8CF2F0123002AFAD1C6E8A8
:102D2000423F002AF6D1BFF35F8F0D4B00F1100434
:102D30009B680C4A53F82430934203D0994201D047
:102D400001F064F9064B9B6843F82450BFF35F8F92
:102D50000023C6E88F3F87F31088F8BDAD2600201A
:102D600000ED00E0110100102DE9F04F81468B4687
:102D7000164683B0EFF3108372B6DFF8D0A100934C
:102D8000DAE8CF1F01230029FAD1CAE8413F002920
:102D9000F6D1BFF35F8F664B93F90040002CC0F271
:102DA000A080644D04EB440705EB870898F80610F3
:102DB00009F110091970604BBF009B6853F8290096
:102DC0006300411B2F292FD95C49884240F0A48021
:102DD0001C445B4B02372F44043BDB1BC3F34A0309
:102DE0006FEAC3434FF421416FEAD34325F824101F
:102DF00005EB840463804BF60153A380FF2348F066
:102E00000100E671C4F808B0A3714B4B9B6843F80E
:102E10002900BFF35F8F0023CAE88F3F009B83F335
:102E2000108803B0BDE8F08F20F0010E9EF8071067
:102E3000B1422ED84FF42143EB53414BB91C2944E6
:102E4000043B04375B1A2F44AEF10401C91BC1F3E4
:102E50004A043C49C3F34A030B432143A8F8041036
:102E60003949A8F802304AF6AA2073465B1B5B4139
:102E70005843000D88F8076088F80600C8F808B0C5
:102E800048F00100CEF80010BFE7D179B1422ED949
:102E900096469EF906C00CEB4C02BCF1000F05EB08
:102EA0008202F2DA4BF601510EF10402A8F1040796
:102EB000BF1AC7F34A076FEAC7476FEAD7478EF8CA
:102EC000064003EB0408204C05EB8803AEF80470C1
:102ED00045F82840998083F806C0DE71C3F808B031
:102EE00093E701F093F8124B93F9004059E77246CB
:102EF00032F8041F490514D44915023102EB41018F
:102F000001916FF00701C91B019F491B3944C1F3AF
:102F10004A0141F46041C9E7019301F077F8019B50
:102F200056E701F5FF1101F5FF511F31E4E700BF3E
:102F3000F8870220EC1B002000ED00E011010010DA
:102F40001C1C002000E0FFFF01488047AD26002048
:102F5000F0B5EFF30585EDB2EFF3108C72B62649AC
:102F6000D1E8CF2F0123002AFAD1C1E8423F002A3D
:102F7000F6D1BFF35F8F214E40F0010EB4684AF6E0
:102F8000AA2354F825701E4A0446A41A64416343D8
:102F90001B0D77455BB21BD092F906409C421CD0BA
:102FA00092F912409C4223D092F91E409C4221D0BB
:102FB00092F92A409C4208BF03240FD0114A0024F2
:102FC000157813708571C1E88F4F8CF31088F0BDB0
:102FD000B2680D4C42F82540F0E7002404EB4404AD
:102FE00002EB8402FF2494714BF601549480E5E7D0
:102FF0000124F3E70224F1E7AD26002000ED00E014
:10300000EC1B0020F88702201101001010B5074CBE
:1030100082B001460523002200940548FFF7A2FD77
:103020000028A8BFC0F1330002B010BDA87D001079
:10303000FE870220014B0B4403607047A42600204A
:1030400070B5104C104DAC420ED2FF26236863B110
:10305000FFF7C8FD01462046FFF7ECFFA680BFF34F
:103060005F8F0834AC42F1D370BDFFF7BBFD014662
:103070002046FFF7DFFF2671BFF35F8F0834AC42B5
:10308000E4D370BDE0210020F021002010B50446FB
:10309000FFF7A8FD01462046FFF7CCFFFF23237171
:1030A000BFF35F8F10BD00BF10B504460120FFF7CE
:1030B000A5FD034B03442360BFF35F8F10BD00BF2A
:1030C000A4260020024B0B440360BFF35F8F7047C0
:1030D000A42600200D4B1A68EFF3108172B6D2E8D7
:1030E000CFCF0120BCF1000FF9D1C2E84C0FBCF1E9
:1030F000000FF4D1BFF35F8F00221B68C3E88F2F4E
:1031000081F3108840BF002000217047A82F0020C5
:103110002DE9F04F2DED028B85B0EFF30583DBB287
:10312000103B9A0818BF01224FF0010103F0030B76
:1031300018BFAF4DAF4B08BFAF4D0BEB820253F83A
:10314000226001FA0BF205F541539FEDA78B019226
:103150005A602FE0B3881C0440F19380B379002BB0
:1031600040F0DD80B6F90820002AC0F21E817369A4
:1031700002EB420203EBC203D3E90247B7F1FF3F80
:1031800008BFB4F1FF3F0ED005EB8B01AB6A0A69B3
:10319000D21AE31A934205D301232A6A03FA0BF3E6
:1031A000134200D10C61284600F01CFCA042B9413A
:1031B000C0F2FB80B6F90830019A002B0093EA6355
:1031C000C8DBD6F8148003EB4309284608EBC9078F
:1031D000D7E9024A00F006FCA04271EB0A01B9DB14
:1031E000BAF1000FC0F2C380D7E90431834A934299
:1031F00000F0ED807A88B6F9080092B242EA004009
:10320000984702460B4652EA030100F0B080002BBB
:1032100080F2D180B4EB020E6AEB030A38F9393040
:10322000C7E902EA002B95DB716903EB430201EB6E
:10323000C202D2E90270BE457AEB000C4FEA4302AB
:1032400088DBB4462CF8083F06E003EB430001EBB3
:10325000C0005A00D0E90270BE451A447AEB000063
:1032600001EBC20404DB31F93230A446002BECDA66
:1032700028F83930009BACF80030B3881C043FF5C7
:103280006DAF3369EFF3108272B6D3E8CF0F01212F
:103290000028FAD1C3E8401F0028F6D1BFF35F8FA2
:1032A0004FF6FF74B0880023316900B2B480C1E8E2
:1032B0008F3F82F310889842FFF650AF0746A94629
:1032C000746906F1080807EB470E04EBCE03D3E957
:1032D0000250B6F90830C446002B13DBB246009703
:1032E00004E034F936309446002B09DB03EB430647
:1032F00004EBC602D2E90271BD4270EB0101F0DAC3
:103300005646009FACF8007034F93E7024F83E3009
:10331000002FD8DAB3794D46002B3FF423AF0023BA
:10332000B371B6F9083006F10808581C3DD01A46AA
:10333000776903E08046591C3FF416AF03EB430165
:1033400007EBC100B0F802C01C461CF4004F9E46BB
:1033500037F93130EED0944280ED028B05D0A8F8D9
:103360000030328927F8312034817246E3E738F89B
:10337000393033813369EFF3108272B6D3E8CF0F5F
:1033800001210028FAD1C3E8401F0028F6D1BFF37D
:103390005F8F7388316928F83930009B7380002370
:1033A000C1E88F3F82F31088D4E640BF05B0BDEC82
:1033B000028BBDE8F08F2846CDE9022300F012FB16
:1033C000029A039B10EB020E43EB010A26E7084624
:1033D0000B69029198470028C9D00299D1E90023CE
:1033E00011E700BFAFF30080FFFFFFFFFFFFFFFF0C
:1033F00000800B40782F002000000B40113100109E
:103400002DE9F84F364C25692DB1BDE8F84F0A215A
:103410003448FFF70FBEDFF8E4800321404600F098
:10342000CFFA0326C4F80C80FFF7DCFB4FF0504CBA
:103430002D4B267003442361DCF800300F216370AC
:10344000636961801D834FF00405A3F878504FF045
:103450000505A3F890504FF00605A3F8A8504FF0CB
:1034600007050E214FF6FF7208274FF00A0EA3F84A
:10347000C0504FF001094FF00C0C4FF0020B4FF011
:10348000090A0D204FF00B05A3F868111749A28017
:10349000A3F808E1A160A3F848B0A3F8F0A0A3F84E
:1034A0002051A3F838C1A3F85001A3F83090A3F835
:1034B0006060A3F8D8701A800D4B3046C8F82070B1
:1034C0000C49DC60FFF720FC49463046FFF7DAFB89
:1034D000094B0A211F640348BDE8F84FFFF7AABD56
:1034E000341C0020A82F0020A4260020FFFF10007D
:1034F000782F00201131001000200B4000000B40FD
:1035000000487047341C0020F8B59DF82050044650
:1035100017461E4635B900F06DFA874266EB010189
:1035200000295CDB2169EFF3108372B6D1E8CF0F7D
:1035300001220028FAD1C1E8402F0028F6D1BFF3BC
:103540005F8FB4F90220656902EB4201002A4FEA5D
:10355000C10C206905EBC10139DB35F80CE0A4F89A
:1035600002E04FF0000EC0E88FEF83F31088488828
:10357000069B0130C0F30E00012838BF01200B610B
:10358000079B48804B61C1E9027640EA024023690B
:10359000EFF3108172B6D3E8CF7F0126002FFAD166
:1035A000C3E8476F002FF6D1BFF35F8FA38825F8DC
:1035B0000C30A2802369C3E88FEF81F310880122C9
:1035C000E368217803F501538A405A60F8BD002270
:1035D000C0E88F2F83F310884FF0FF30F8BD2846E6
:1035E000F8BD00BF0146F0B50069EFF3108772B671
:1035F000D0E8CF5F0124002DFAD1C0E8454F002D5F
:10360000F6D1BFF35F8FB1F902E04C690EEB4E0CBF
:10361000BEF1000F4FEACC05086904EBCC0C3CDB93
:10362000665B4E800026C0E88F6F87F31088BCF879
:103630000200CCE902230130C0F30E00012838BF9C
:103640000120059BACF80200CCF81030069B40EA44
:103650000E40CCF814300B69EFF3108272B6D3E849
:10366000CFCF0127BCF1000FF9D1C3E84C7FBCF1EB
:10367000000FF4D1BFF35F8F8B886353A1F804E090
:103680000B69C3E88F6F82F310880122CB68097839
:1036900003F501538A405A60F0BD0023C0E88F3F14
:1036A00087F310884FF0FF30F0BD00BF034640891C
:1036B000B0EB214F37DD58690A1402EB420210B516
:1036C00000EBC2001C69EFF3108C72B6D4E8CFEFA8
:1036D0000122BEF1000FF9D1C4E84E2FBEF1000F58
:1036E000F4D1BFF35F8F428889B292B28A4207D089
:1036F00000221B69C3E88F2F8CF31088002010BDB7
:1037000042F4004242800121002218699971C0E808
:103710008F2F8CF310881C78DA68084602F5015365
:10372000A140596010BD0020704700BF407870472D
:103730002DE9F04306460D4683B0EFF30584E4B26D
:103740003CB12D4B5A6AAA421CD2002003B0BDE8FE
:10375000F0832A4FD7F80C9097F80080484600F085
:1037600041F908F1040859F828301B1A301A65EBA2
:103770000101984271F1000110DB20BF1E4B5A6A13
:10378000AA42E2D314BF012400249B6AB34234BF8F
:10379000204644F0010003B0BDE8F08300F02AF9B0
:1037A000864265EB0101002914DB154B3846CDE953
:1037B000003432462B46FFF715FF011E0ADD0E4B83
:1037C0005A6AAA4216D39B6AB34211D30B48FFF739
:1037D0006DFFB6E7084B5C6AAC42B6D3641B18BFFA
:1037E00001249B6AB34234BF204644F00100ADE798
:1037F000AA42EBD120BFE9E700000B40341C0020B7
:10380000D53000102DE9F0410446DDE9071552EAF4
:10381000030072D0002B16461F4673DB0698C5E9DD
:1038200000232861AC60696100F0E4F84FF0FF32DA
:103830006FF00043801947EB0107824273EB0701E9
:103840003CBF1F4610462369EFF3108272B6D3E8DF
:10385000CF6F0121002EFAD1C3E8461F002EF6D10A
:10386000BFF35F8FB4F90210666901EB41030029D1
:103870004FEAC30CD4F8108006EBC30346DB36F8DE
:103880000CE0A4F802E04FF0000EC8E88FEF82F3DE
:1038900010885A88C3E902070132C2F30E02012AD6
:1038A00038BF01221E485A805D61186142EA014218
:1038B0002369EFF3108072B6D3E8CF8F0127B8F1F8
:1038C000000FF9D1C3E8487FB8F1000FF4D1BFF37E
:1038D0005F8FA38826F80C30A1802369C3E88FEF9F
:1038E00080F3108801202178E36800FA01F103F5E4
:1038F00001535960EA60BDE8F08101260027324695
:103900003B468BE7564263EB430787E70020C8E856
:103910008F0F82F310884FF0FF32EA60BDE8F0812C
:10392000113100100246C06800B970479168031455
:10393000B1F80AC0BCEB204F3DDD30B54C6903EB5C
:10394000430304EBC30C0B69EFF3108E72B6D3E89C
:10395000CF5F0124002DFAD1C3E8454F002DF6D1E9
:10396000BFF35F8F83B2BCF8020080B2834209D0FC
:1039700000230969C1E88F3F8EF3108800230020DF
:10398000D36030BD43F40043ACF802304FF0010C7B
:103990000023086981F806C0C0E88F3F8EF31088C5
:1039A000CB68097803F501530CFA01F15960002343
:1039B0006046D36030BD00230020D360704700BF55
:1039C00010B4054B054C064AA04214BF1846581CBB
:1039D0005DF8044BFFF79AB8D42A002000800B4012
:1039E000C47D00100346416A0A46986A596A8A42B1
:1039F000FAD17047034B596A0A46986A596A91424C
:103A0000FAD1704700000B4000EB400C4FEA8C0CE1
:103A10000CF1804C0CF5803CF0B51646DCF8042027
:103A2000051FB2F5803F38BF4FF48032EDB238BF8A
:103A3000CCF80420012D2AD94FF40067254C0CF551
:103A40004052176054F82020B2B9DCF80020012D54
:103A500082EA461202F0E0020CF5805632602AD962
:103A60004FF4006144F820304FF480330CF50052DD
:103A70001160CCF80430F0BD6769B7FBF2FE0EF1BF
:103A8000010E0EEB4E0EBEF1030EFCD2DDE7012956
:103A9000D2D103240CF540521460DCF80820D20780
:103AA000FBD5DCF800200B4C82EA461202F0E00263
:103AB0000CF5805632600122DCF800504D4005F0D4
:103AC0000305356002FA01F1DCF808200A42FBD058
:103AD000C6E700BFDC2A0020014B53F820007047E6
:103AE000DC2A0020584B2DE9F0431C6C1746B4F536
:103AF000803F38BF4FF4803283B038BF1A6403224E
:103B000080460E46514B504DDA636C6CE307FCD592
:103B1000EB6B4F4A83F0200303F0E003D363EB6BBE
:103B2000494D83F0010303F00303D3636C6CA407D6
:103B3000FCD54FF400624FF48039464B464CDA63B3
:103B4000464B4246636101213346C5F840904448E4
:103B5000009700F057F94FF400616B6B07FB06F616
:103B60004B4538BFC5F83490384B2269B8FBF6F6A0
:103B700019633AB16369B3FBF2F3013303EB430317
:103B8000033BFDD23049324A0B6B03F0E003136371
:103B90000B6B83F0020303F0030313638B6B580773
:103BA000FCD54FF400654FF480332A4A15632D4A43
:103BB0004B6322610A6C9A424FF0030238BF0B64D8
:103BC000224B2149DA634B6CDA07FCD5CB6B204AD8
:103BD00003F0E003D363CB6B1B4983F0010303F0D5
:103BE0000303D3634B6C9B07FCD54FF480334FF436
:103BF0000065184A6661D5630B64CA6C9A4238BF87
:103C0000CB644FF40061114BA26999643AB16369C6
:103C1000B3FBF2F3013303EB4303033BFDD24FF459
:103C200000604FF48031084A094D936C83F04003E3
:103C300003F0E003AB64074B084DA5619864D164C1
:103C400003B0BDE8F08300BF000001400030014038
:103C50000010014000200140DC2A0020006CDC0242
:103C600000000540001BB7002DE9F04F4FF4A0788D
:103C7000994685B0CDE902125F4CDFF884A1544526
:103C80000AD908F1FF38A4F53B54B8F10F0FA4F19D
:103C90002004F4D1002069E0072304F537220194C1
:103CA00003FB03F402F5D872B2FBF4FE70454FF04B
:103CB000010C4FF002074FF003064FF004054FF0E0
:103CC00005013FD0B3F1010E00F094800EFB03F428
:103CD000B2FBF4FB58454CD019B301FB03F4B2FB23
:103CE000F4FB58454FD0E5B105FB03F4B2FBF4FB00
:103CF000584553D0AEB106FB03F4B2FBF4FB584574
:103D000057D077B107FB03F4B2FBF4FB58455BD007
:103D1000BCF1000F05D00CFB03F4B2FBF4FB8345B0
:103D20005DD0734603FB03F4B2FBF4FE704501F172
:103D3000FF3105F1FF3506F1FF3607F1FF370CF1D2
:103D4000FF3CBFD104FB1024002CBBD19E464A4649
:103D5000DDF808B0DDF80C900120284901FB08F1DE
:103D6000CBF80010C9F80030C2F800E005B0BDE89B
:103D7000F08F04FB1024002CAED14A46DDF808B0C9
:103D8000DDF80C90E8E704FB1024002CABD14A4688
:103D90008E46DDF808B0DDF80C90DDE704FB10245A
:103DA000002CA7D14A46AE46DDF808B0DDF80C90ED
:103DB000D2E704FB1024002CA3D14A46B646DDF816
:103DC00008B0DDF80C90C7E704FB1024002C9FD14D
:103DD0004A46BE46DDF808B0DDF80C90BCE704FBAF
:103DE0001024002C9DD14A46E646DDF808B0DDF8E7
:103DF0000C90B1E7019C44E750262F00001BB70050
:103E000050F80C0070B4039D04682D0345EA034587
:103E10001B4B002CB3FBF1F3B2FBF3F61FDB194A8B
:103E2000194B904214BF4FF480424FF40042174C9C
:103E30001A6003F580531A60A36832EA0303FBD1CA
:103E4000212200F540530433016086601A60026845
:103E5000002AFCDA0822C5601A6070BC704703684B
:103E600003F03F038B42DAD18368C3F30B03B34201
:103E7000D5D1C36803F4EE23AB42D0D1EDE700BF48
:103E8000001BB700008005400020024000000240F7
:103E900030B44FF080441C4B1C60E0B11B4CA3F5C8
:103EA0004053DC611A4C40F0010044401C625962EE
:103EB00098624FF080454FF0E061134B1548164C67
:103EC0001D60846019604AB930BC4FF00042A3F510
:103ED00080531A607047114BD861EAE74FF47A7348
:103EE00003FB02F2B2F1807F2ABF6FF07F431346DB
:103EF0001A464FF080410A4C08482360094B426043
:103F000030BC1960704700BF00B00D40D3C007B08F
:103F10002D3FF84F00A00140F3FFFF0100800D404E
:103F20004C2F002000A00D40012300EB400080003A
:103F300000F1804000F5841041600360704700BFCD
:103F4000002370B5DB8A04460D46002242E800F2E9
:103F5000520254BF1021042144F252209847864651
:103F60002B462246F446BDE870400A214FF481708A
:103F7000604700BF0023DB8A002242E800F25202C1
:103F800001D4102118470421184700BF08B5034683
:103F90000846191E02DB1AB140F03000FFF7D0FFCF
:103FA00040F02000FAE700BF034AD2F82838002B7F
:103FB000FBD0BFF35F8F704700000E400021044B21
:103FC000044ABFF35F8F43F8041B9342F9D1704753
:103FD0000C080E402C080E4010B44FF48D704FF4B6
:103FE0002A64064A064B07491460D060196053687A
:103FF000002BFCDA5DF8044B704700BF00800440E2
:1040000000A0044000B0FA00704700BF08B50148A6
:10401000FEF748FDE87D001038B5054C054DAC4273
:1040200004D254F8043B9847AC42FAD338BD00BFE1
:10403000B87B0010F87B001038B5054C054DAC423C
:1040400004D254F8043B9847AC42FAD338BD00BFC1
:10405000E47B0010F87B001010B40748074C084BB5
:10406000084A094904601A608B6832EA0303FBD1ED
:104070005DF8044B704700BF002002407F3BEFEF2C
:1040800000300240F6FFF30300000240044BDB6CFB
:10409000B3F5004F03D14FF48022024BDA6470472E
:1040A00000001150002011504FF0E022044BD2F8D4
:1040B000881D0B43C2F8883D10EE3004704700BFE6
:1040C000030330006FF06041044B054A19609368A8
:1040D000DB4333F06043FAD1704700BF0030024049
:1040E0000000024010B545F25320FFF743FFBDE842
:1040F000104003460420184710B545F25320FFF73F
:1041000039FFBDE81040034601201847FEF78EBD79
:104110001449154B70B55C1AA610442E324628BFC0
:104120004422124D9200284603F022FBB4F5867F0C
:1041300013D80F4AC6F1440012D02B19410803EBE3
:10414000C101C3E9002208338B42FAD1C30704D569
:1041500020F00100304445F82020064B9D6070BDE2
:104160004320F8E7000000101001001000000020BC
:104170001101001000ED00E0002370B52B4C82B05F
:10418000C4F88430FFF728FF0122294BDA63636CFF
:10419000012BFCD10321264A244B11639C6B012C7B
:1041A000FCD10226052521460523224A22480096F5
:1041B000FFF728FE21462B46204A21480095FFF7AD
:1041C00021FE0022042031461E4BFFF71DFC214634
:1041D000284600221C4BFFF717FC0022082011463E
:1041E0001A4BFFF711FC002209201146174BFFF76D
:1041F0000BFC002206201146134BFFF705FC0022A2
:10420000114B07201146FFF7FFFB0420FFF764FC6A
:1042100000240F4BA3FB0035AD0CE0B2294601345E
:10422000FFF782FE062CF8D102B070BD00000140FD
:1042300000300140002F685900000540008C86477F
:1042400000800540001BB70080D1F008006CDC0244
:1042500083DE1B4338B50446094803F095FC20462D
:1042600002F036FF0546064803F08AFC2DB1054BE7
:104270002C449C4201D8284638BD0348FEF712FC66
:10428000E021002000000820F47D001010B5044655
:10429000054803F079FC204602F022FFBDE81040FB
:1042A000014803F06DBC00BFE021002000B9704759
:1042B00000F02EB910B5094B84B01C684CB1034610
:1042C00000914FF0FF3203A90548A047012004B038
:1042D00010BD00F05FF9204604B010BD482F00204B
:1042E000AD42001000BEFDE7074A0346106838B132
:1042F000064903448B428CBF4FF0FF301360704778
:10430000034908461160F3E7402B00200000082015
:104310000088022008B5FFF7E5FF00BF38B5064C5E
:10432000064DFFF779FEAC4204D254F8043B98479F
:10433000AC42FAD338BD00BFF87B0010007C0010FF
:1043400003680846114618472DE9F0411546427D9D
:1043500007468846002A46D0002D1DDD0B780A2B23
:1043600023D0012D4FF0000C18D04646012416F83A
:10437000012F21460A2A04F1010422D0A542F6D1D8
:1043800065450BDC08EB050313F8013CA3F10D03B5
:10439000B3FA83F35B093B75BDE8F0813B68A5EB9D
:1043A0000C0108EB0C009847ECE7037D002BD8D1FB
:1043B000036802210F489847012DE3D04FF0010C0C
:1043C000D3E716F8013C0D2BD8D08C4508EB0C0038
:1043D000A1EB0C0101DA3B689847022105483B68D4
:1043E0009847A446CAE7294640463B68BDE8F041E5
:1043F000184700BFD4A500102DE9F04782B00D4644
:1044000091461C460646FFF7F5FA4FF0FF3C6FF069
:1044100000472E4A821841F10003944577EB0301CF
:104420003CBF62463B462A4803F0BAFB6B1C804601
:1044300040D00CB3274F284B1C68B4B1B9F1000F22
:104440001CD1DFF89C9001E0246974B12368002B33
:10445000FAD0D9F800300BB19C42F5D120462A465B
:104460003146B8472469002CF0D1B8F1000F26D1AD
:10447000284602B0BDE8F087184FDCE74FF00A0A83
:10448000DFF85C9002E02469002CEED02368002B5A
:10449000F9D0D9F800300BB1A342F4D12A46314605
:1044A0002046B847012220460DF107018DF807A0EC
:1044B000B847E8E7304603F0D1F90546B9E70448C4
:1044C00003F05EFB284602B0BDE8F08740420F00D3
:1044D000E8210020494300102C2B0020414300100C
:1044E000382B0020084A136823B90AE003F11002B0
:1044F0001B6933B18342F9D129B918691060196178
:10450000704701B1106070472C2B002000F06EBA8C
:10451000F0B583B006468DF80700FFF76BFA4FF051
:10452000FF356FF00044174A821841F100039542AD
:1045300074EB03013CBF23462A46134803F030FBCB
:10454000124B07461C689CB1114D01E024697CB1F7
:104550002368002BFAD02B680BB19C42F6D1204681
:1045600001220DF10701FFF7EFFE2469002CEFD1C6
:1045700017B9304603B0F0BD034803F001FB3046E5
:1045800003B0F0BD40420F00E82100202C2B00209A
:10459000382B002038B5044603F060F901230546A6
:1045A0001A4620462946FFF727FF084B1C682CB106
:1045B00063682BB198472469002CF9D1284638BD8F
:1045C0002469002CF4D1284638BD00BF2C2B0020D4
:1045D000704700BF0022014B1A707047F987022014
:1045E0004B79FF2B0BD1887948B9CB79012B07D1B7
:1045F000082A05D9034B8A7809201A7070470020D1
:10460000704700BFF987022001207047012901D0BF
:104610000120704708B5104B91881B78994201D052
:10462000002008BD5378012B08D0022BF8D10021BF
:1046300064220846FFF72CFC012008BD5188CB05F9
:1046400048BF480AC1F3402258BF4FF0FF3001F085
:104650007F01FFF79BFC00BFF987022000487047ED
:10466000A0A60010012907D15378012B02D193880D
:10467000072B03D000207047012070471146A62366
:10468000014A01F039BA00BFF8A500100346012223
:1046900001481A70704700BFD8A5001008B50B6814
:1046A000B3F5966F00D008BD00224FF0FF301146E1
:1046B000FFF76CFC024A034B10601960704700BFA3
:1046C000C82A0020CC2A0020184B70B51A68002A8E
:1046D00028D0EFF3108172B6D2E8CF4F0120002C22
:1046E000FAD1C2E8440F002CF6D1BFF35F8F00224D
:1046F0000F4C186859602270C0E88F2F81F3108822
:10470000002400250B4E3078FEF7D2FA20B90024A1
:1047100000252046294670BD3078FEF7D9FA20469C
:10472000294670BD4FF47A740025EBE7702F002006
:10473000FB870220FA870220014B1878FEF7C8BADF
:10474000FA87022038B5044600200D4601F004FB2C
:10475000A8B3002001F016FB88B3FFF74BF94FF028
:10476000FF3E6FF0004C174A821841F10003964556
:104770007CEB03013CBF72466346134803F010FA1A
:10478000E8B1002001F0E8FA58B900214FF0FF30FD
:1047900000F00AFD6FF002040B4803F0F1F9204627
:1047A00038BD002001F0EEFA0028EED021462A465E
:1047B000002001F0F1FA04460028EDD1EAE76FF09D
:1047C0000204ECE740420F00AC2F002008B5FFF7D1
:1047D00011F94FF0FF3E6FF0004C0F4A821841F183
:1047E000000396457CEB03013CBF724663460B48D1
:1047F00003F0D6F970B14FF0FF30002100F0D4FC87
:10480000002001F011FB0028F5D1BDE80840034865
:1048100003F0B6B908BD00BF40420F00AC2F002026
:104820002DE9F84380460F46FFF7E4F84FF0FF35D7
:104830006FF00044334A821841F10003954274EB53
:1048400003013CBF2A4623462F4803F0A9F908B9C3
:10485000BDE8F883002001F07FFA002847D0002F40
:1048600040DD0025DFF8A890284E13E02246002006
:1048700001F020FB002104464FF0FF3000F094FCD3
:10488000002001F0D1FAFFF7B5F8C9E9000125448D
:10489000AF4227DD002001F02DFB7C1B8442A8BF26
:1048A000044608EB0501002CE0D121464FF0FF3013
:1048B00000F07AFC204601F0B7FA204601F04CFAED
:1048C00080B1204601F016FB0028E1D1FFF792F8F5
:1048D000D9F80030D9F804209B1942F10002834234
:1048E0008A41D5D20848BDE8F84303F049B9002011
:1048F0000021074BC3E90001BDE8F843024803F07B
:104900003FB900BF40420F00AC2F002020A107009C
:104910007023002030B5002185B02E4803F044F903
:10492000F0B92D4B1A68CAB1EFF3108172B6D2E814
:10493000CF5F0124002DFAD1C2E8454F002DF6D1FA
:10494000BFF35F8F254C1D6822785960D3B20122D6
:104950002270C5E88F0F81F31088CBB105B030BD50
:1049600000214FF0FF3000F01FFC002001F00AFA98
:104970000446184803F004F9002CEFD0184B1B68CC
:10498000002BEBD0174A106805B0BDE8304018473F
:10499000FEF7B6FD0446FFF72DF84FF0FF3C6FF031
:1049A000004510F57A7241F10003944575EB03015F
:1049B00038BF2B464FF000014FF0010520460A4C4E
:1049C00038BF6246CDE901150094FEF79DFD05B0A4
:1049D00030BD00BFAC2F0020702F0020FB870220CD
:1049E000C82A0020CC2A0020C94600104FF05043AE
:1049F00030B585B01C68FEF783FDFEF797FEA04238
:104A000002D0002005B030BD00212A4B08461B789B
:104A100001F038FD28480368002B47D00120FEF73D
:104A2000F5FA0346254C2649C0B22370FEF76CF90F
:104A300020780121FEF726F90E20FEF755F940BB3C
:104A4000204B0125C3E90000FEF75AFD0446FEF79E
:104A5000D1FF4FF0FF3E6FF0004C10F57A7241F13C
:104A6000000396457CEB03014FF000012046164CF5
:104A70003CBF72466346CDE901150094FEF744FD44
:104A80000028BEDB01211148FFF72CFD012005B0F5
:104A900030BD0120FEF7B2F801460A48FEF712FBCE
:104AA00000220E200A49FEF75FF9EBE7FEF7EEFA67
:104AB000B4E700BFB8A70010AC2F0020FA8702208F
:104AC00015490010702F0020C94600104C1C002012
:104AD00039470010004870473CA700100048704755
:104AE000E8A6001038B5184B04461A780AB344B942
:104AF00040F209424FF44173144D6A8013482B80F1
:104B000038BD052C1DD8124B104D53F824102846E3
:104B10000023013903E0132B20F8022F0ED011F8E7
:104B2000012F0133DBB2002AF5D15B0043F440735F
:104B3000E4E71121184600F025F8D8E74FF44A734E
:104B4000DCE7002038BD00BFB82F0020042B002078
:104B5000D0A6001000B545F247308BB0FFF70AFA37
:104B600001220346092101A89847DDE903320449DF
:104B700012BA1BBAC1E900230BB05DF804FB00BFF9
:104B8000982F0020012901F1FF3300F0B3805D4927
:104B90000A784FEA121C9F2A8CBF0CF1370C0CF1DB
:104BA000300C012B80F800C000F0A78002F00F024B
:104BB000092A8CBF37323032022B427000F09D80C0
:104BC0004A784FEA121C9F2A8CBF0CF1370C0CF16B
:104BD000300C032B80F802C000F08F8002F00F022F
:104BE000092A8CBF37323032042BC27000F0858026
:104BF0008A784FEA121C9F2A8CBF0CF1370C0CF1FB
:104C0000300C052B80F804C077D002F00F02092A7F
:104C10008CBF37323032062B42716ED0CA784FEAE1
:104C2000121C9F2A8CBF0CF1370C0CF1300C072B97
:104C300080F806C061D002F00F02092A8CBF37321B
:104C40003032082BC27158D00A794FEA121C9F2AC1
:104C50008CBF0CF1370C0CF1300C092B80F808C01C
:104C60004BD002F00F02092A8CBF373230320A2BA8
:104C7000427242D04A794FEA121C9F2A8CBF0CF133
:104C8000370C0CF1300C0B2B80F80AC035D002F039
:104C90000F02092A8CBF373230320C2BC2722CD053
:104CA0008A794FEA121C9F2A8CBF0CF1370C0CF149
:104CB000300C0D2B80F80CC01FD002F00F02092A17
:104CC0008CBF373230320E2B427316D0CA7911099D
:104CD0009F2A8CBF373130310F2B81730DD002F0FA
:104CE0000F02092A94BF30323732102BC27318BF1B
:104CF000103002D000230370704718440023037063
:104D0000704700BF982F002070B500F02DF90C23DC
:104D10004026194CFF22A3670E201849FEF724F8FD
:104D200032460021164802F0ABFC01250023802109
:104D30001348144A418445700683068782604360A5
:104D4000136042F8043C80F8213080F83B30436225
:104D50000D4B4FF00056C360C362803B836202F08C
:104D60000BFF4FF480320949094B25642846E6645D
:104D7000C4F89010DA6470BD00001150E5100020F6
:104D8000482B0020840010500001105010D001006A
:104D90000020115001210E20FDF774BF00220248AF
:104DA000114600F001B900BF682B0020044B1970B8
:104DB00021B14FF40032034BC3F89020704700BF7D
:104DC000F5870220002011500B785B0602D14B784A
:104DD000052B00D070474B88014ADBB21360704747
:104DE00000001150CB782DE9F04103F0030EBEF125
:104DF000010FC3F301005BD0002791F802C0344CCF
:104E00000CF07F025600898806EBDC1304EB431399
:104E10004FEADC15D876C1F30A0185F0010083F86A
:104E200002C019835870DF70D3008DBB294804334A
:104E300004EB821C03EB0008CCF808801F5082B3FF
:104E4000254BD2001344CCF80430244B3F311A6870
:104E500021F03F01BEF1020F08BF49001144196063
:104E60001F4B771904EB47179942FA602BD82E4451
:104E700004EB4613D97E82F0A04282F480125B6874
:104E800042EA816242F000421A600120BDE8F081EE
:104E9000104804EB821C0344CCF8283040F83270F0
:104EA0004AB900220F4904EB4513D9605A60ECE778
:104EB0000020BDE8F081D20002F1A04202F580128C
:104EC000CCF82420C1E7FFF7A1F8FA68CFE700BFCC
:104ED000482B00208000105004001050542F002058
:104EE000FF0F10500001105002F046BE8C4608B56E
:104EF000114607481A460CF07F034FEADC1C0CEB06
:104F0000430C00EB4C1000F04FF8012008BD00BF2F
:104F1000482B002011F07F0205D100290CBF022090
:104F20000120064B9866C909054B01EB420003EBD3
:104F300040104FF40062002102F02EBE00201150FC
:104F4000482B002011F07F0300D170470022054854
:104F50005B0003EBD11300EB43106FF40061C270F0
:104F600002F01ABE482B00204FF0805209480A492F
:104F700008B50A4B02600A609968C94311F0805174
:104F8000FAD14FF48052064802F07AFB0922054B11
:104F90005A6708BD00200240003002400000024075
:104FA000000010500000115000234FF0010C10B50C
:104FB00080F81AC08282C3820161044602F0E8FDD3
:104FC00020B14FF40032074BC3F89020204602F086
:104FD000EFFD10B10123237710BD2046BDE810403E
:104FE00002F0C6BD002011502DE9F04100241D4EF5
:104FF000054623463278DFF878801B4F0DE03B688A
:1050000013EB441324D0DB682846984732780134E8
:10501000E4B2511CA142234606DBA242A3EB0203E9
:10502000EDD808EB4313EEE7542200210F4802F0BD
:1050300027FB4FF0FF330D482022041D4360C4E9D5
:105040000133E360FF21BDE8F041143002F018BBEA
:105050004FF0E023D3F8F03DDB0700D500BEBDE8FC
:10506000F08100BFF487022000250020D026002018
:1050700050A70010704700BF704700BF0020704766
:1050800000207047704700BF704700BF704700BFE7
:10509000704700BF024B5878003818BF0120704796
:1050A000D0260020024B1878C0F38000704700BF64
:1050B000D02600202DE9F047DFF8E4A09AF8003070
:1050C000FF2B56D10E4600293ED000215422074620
:1050D000294802F0D5FA0022284C294B20461A70A4
:1050E000FDF7D4FF274B28481C60284CFDF7DCFF58
:1050F000204601F0ABFD264A264B146023B126481A
:10510000FFF7C4FA254B18600024234D23462A7864
:10511000DFF89090DFF884800EE0D8F8003013EBD1
:10512000441311D05B687BB198472A780134E4B20C
:10513000511CA142234611DBA242EED89B1A09EB77
:1051400043135B68002BEFD14FF0E023D3F8F03D21
:10515000DB0700D500BE0020BDE8F08731463846A9
:105160008AF80070FFF7D0FD0028EDD03846FFF731
:1051700011FE0120BDE8F087D0260020C8260020BF
:10518000F687022024270020781C0020641C0020C1
:10519000282700208D460010F487022000250020DB
:1051A000801C002050A700102DE9F04FDFF8C892B6
:1051B0008BB099F80030FF2B00F0F180A84CA94D7E
:1051C000DFF8B0A2DFF8B4B226687369EFF310829B
:1051D00072B6D3E8CF0F01210028FAD1C3E8401FEF
:1051E0000028F6D1BFF35F8FB261304607A901F006
:1051F00077FB00237269C2E88F3FB36983F310889D
:10520000002800F0CC809DF81D30013B072B00F2F8
:105210007D83DFE803F0A7B1959D8E350A04089BD6
:10522000002BD1D009989847CEE79DF8201001F0C7
:105230007F0605EB460000EBD11090F8343023F0E8
:10524000010380F8343090F8343023F0040380F800
:105250003430002E00F0A680037D9AF8002093429F
:1052600080F09380804A126812EB431300F0908024
:105270009E699DF82120099B9DF81C00B047A3E77B
:105280009BF80030002B00F083809BF80030013B3E
:10529000DBB28BF800309BF8003003F0FF00002BEE
:1052A00092D1704F9DF81C803B7843F001033B7016
:1052B00097F8343060F3000387F8343097F83430CF
:1052C00060F3820387F8343097F8353060F30003D9
:1052D00087F8353097F8353060F3820387F835303A
:1052E00000F06CFC9DF8203003F06002602A6CD066
:1052F000402A7CD003F01F03012B00F0C180022B59
:1053000000F08180002B60D1202A00F0E981002A82
:105310005BD19DF82130092B57D8DFE813F0B0019D
:10532000A2015600C101560095016B0156006001B3
:10533000F4002B78D9077FF547AFFFF7A9FE43E7C5
:10534000EB78DA077FF540AF0898FFF795FE3BE76B
:105350002B78D8077FF538AF2878C0F3C000FFF767
:1053600095FE31E79DF81C00FFF73EFE00F01CFCA7
:105370009DF82030AB7027E79DF81C00FFF734FE46
:1053800000F012FCFFF780FE1EE7501C984211DA75
:105390004FF0E023D3F8F03DDC0700D500BE0BB0A2
:1053A000BDE8F08F099B9DF821209DF81C0000F0BE
:1053B00019FC09E79B1A2D4A02EB431358E7FFF744
:1053C0008DFB0246002840F082814FF0E023D3F8A5
:1053D000F03DDE0700D500BE9DF81C000021FFF760
:1053E00099FD80219DF81C00FFF794FDECE6204814
:1053F00000F0E4FB0121404608AAFFF733F900283A
:105400007FF4E2AEE8E79DF8241011F0700FDCD1D4
:1054100001F07F0607EB4600164B00EBD1101B781E
:10542000007D7600019698424FEAD116009659D336
:105430005E1C8642C0F26681C01A0C4B03EB40161C
:10544000002A00F06381706900F0B8FB012140463A
:10545000736908AA984700287FF4B6AEBCE700BF7E
:1054600028270020D02600200025002050A700106B
:1054700065460010F4870220801C0020F687022079
:105480009DF824300F2BA7D8AE4A3B441B791278E5
:10549000934232D3511C99429EDBAB4E9B1A06EBD2
:1054A0004316706900F08AFB01214046736908AA1F
:1054B000984700287FF488AE9DF8203013F06006EE
:1054C0008AD19DF821300A3B012B85D800F076FB6C
:1054D0009DF821300A2B00F0F281404608A900F027
:1054E000F1FA71E6994B1B6803EB4016002A00F0B5
:1054F0000D81002E3FF470AFA5E7944A166816EBB5
:105500004316CED168E77B789DF822609E4200F07A
:105510004F817B78002B40F0BE817E70002E00F022
:105520004581701EC0B2FFF7D9FA0346002800F08B
:105530005F814278022A40F05B81C17903F109065C
:10554000C1F340121201C1F3801142EA4112314607
:10555000387820F0300002433A705A88CDF80C8039
:105560009A180192019B8B4240F2A4814A780B2A3F
:1055700000F0AF810123042A40F03A810026019A0D
:105580000096521A92B202926E4A049312781DE06B
:105590006E4B1B6813EB461800F02A81029AD8F86C
:1055A000103003980591984708280246059906F19E
:1055B000010303D90298904280F0FF80DEB2614B74
:1055C00000961A78531C9E4200F31281009BB2424F
:1055D000A3EB0202DCD85C4B03EB4218DEE77B78DE
:1055E00040468DF81A300DF11A02012308A900F087
:1055F00083FAE9E5BDF82200030A013B020AC0B2C2
:105600000E2B3FF6E9AE01A151F823F0215800100E
:10561000BD5600105D580010D9530010D95300102A
:105620003F580010BD560010D9530010D953001038
:10563000D9530010D9530010D9530010D95300107A
:10564000D95300101358001008A800F0BDFA4046C6
:105650009DF82210FFF7A2FB3B7843F002033B705A
:10566000B2E5BDF82230012B7FF4B6AE3B78404660
:1056700023F0080308A93B7000F024FAA4E5404693
:105680003B789A0802F00202C3F340131343ADF8CB
:105690001A300DF11A02022308A900F02DFA93E541
:1056A000BDF82230012B7FF497AE3B78404643F0A3
:1056B000080308A93B7000F005FA85E5022A3FF4CB
:1056C0007EAEFFF7DDFC024600283FF485AE404683
:1056D000538808A900F010FA00287FF475AD7BE626
:1056E0009DF824300F2B3FF677AE164A3B441B79CA
:1056F000127893421DD2154A166816EB43167FF4B2
:10570000A2AE69E6002A7FF467AE00269DF821204C
:1057100002F0FD03012B1BD0002A7FF456AE019B43
:10572000009A3B44134493F834304046C3F340039B
:10573000ADE7511C9942FFF64FAE034E9B1A06EBA4
:10574000431680E6F487022050A7001000250020B1
:10575000BDF82230B3B9012A99F8000000F0868024
:10576000FFF7D8FB019B009A3B44134493F8342085
:1057700042F0020283F8342093F8342042F0010210
:1057800083F83420002E3FF41FAD706900F016FA44
:105790007369012108AA40469847002000F00EFADC
:1057A00097F83530DF073FF50FAD96E6FFF76CFC55
:1057B000404608A900F086F906E5049B012B00F09D
:1057C0009E80002B00F08A80002091F8028005E086
:1057D0008CF804605FFA80FC63457FD908EB000C0D
:1057E00057FA8CFC9CF804E00130BEF1FF0FEFD0BB
:1057F0004FF0E023D3F8F03DDA0700D500BE4FF0BC
:10580000E023D3F8F03DDB0700D500BE00237B701A
:10581000E2E5FEF723FF024600287FF458AFDBE500
:10582000FFF758F9024600283FF4CFAD4046122357
:1058300008A900F061F900287FF4C6ACCCE5FFF7B9
:105840001DFC024600283FF4C7AD4046137808A966
:1058500000F052F900287FF4B7ACBDE5BDF8241084
:10586000FFF740F902460028EFD1B5E50293FFF7B4
:1058700069FB019A009B3A441A4492F83410029B47
:1058800063F3410182F8341092F8341063F300019D
:1058900082F8341076E700214046FFF787FA404649
:1058A000FFF722FBBB7840460093FFF79DFB009B70
:1058B000BB7032E6DDF80C80FFF7E4FB78E740468A
:1058C000012308A90DF11A028DF81A6000F014F9ED
:1058D0007AE40A78CB7811444A784CE6334610488B
:1058E0000492029100F076FE0E4B049A02991B7806
:1058F0001144009A01339342BFF634AE78E7D8F8EA
:1059000010C00948844508BF02235DE74FF0E0233B
:10591000D3F8F03DDB077FF557AC00BE54E400BF81
:10592000E4260020F4870220F55F00102DE9F84FEF
:105930000A9F002A40D00C461E4615464FF0000A2A
:10594000DFF87C90DFF87C8018E0204698F80210A1
:1059500099F800B000F00EFEE0B121465846FFF77E
:1059600041FAF0B1A2780AF1010AD10916BF0B9BE6
:105970003A701A702278AA4514441DD06278052A1C
:105980000FD1E17801F00301B1420AD1A27812F0FF
:10599000700FDAD04FF0E023D3F8F03DDA0700D5EE
:1059A00000BE4FF0E023D3F8F03DDB0702D4002027
:1059B000BDE8F88F00BEFAE70120BDE8F88F00BF10
:1059C000801C0020D026002038B58B7813F0700F93
:1059D00008D04FF0E023D3F8F03DDB0700D500BE40
:1059E000002038BD074A084B0C46084691781D78C0
:1059F00000F0C0FD0028ECD021462846BDE8384024
:105A0000FFF7F0B9D0260020801C00200B46064A84
:105A100006481168DA09343203F07F0302EB4303CE
:105A2000184400F061BD00BF24270020D0260020CC
:105A30000B46064A06481168DA09343203F07F0340
:105A400002EB4303184400F079BD00BF2427002077
:105A5000D026002010B5194801F07F0C00EB4C0057
:105A600000EBD11090F834C01CF0010F08D04FF0BB
:105A7000E023D3F8F03DDA0700D500BE002010BDCA
:105A800000F1300494F804C00D484CF0010C00788B
:105A900084F804C0FFF72AFA0028F0D14FF0E02183
:105AA000227960F300022271227960F3820222716E
:105AB000D1F8F03DDB07E1D500BEDFE7D0260020BE
:105AC000801C002030B50B4C8C46A6460546086865
:105AD00049680023AEE803009CF800102846C9433B
:105AE000C4E90233BDE830401A4601F08001FFF7F7
:105AF000B1BF00BF902600202DE9F041284F4FF0A4
:105B00000008BE468C46064608684968BA60AEE89A
:105B10000300A7F80E801546BCF80620934228BF64
:105B20001346BB819AB11C4633B3DDB197F90030FF
:105B3000402C28BF4024002B29DB41462346304619
:105B4000184AFFF787FF68B10120BDE8F0819CF893
:105B500000101346C943304601F08001FFF77AFF79
:105B60000028F1D14FF0E023D3F8F03DDB0700D55A
:105B700000BE0020BDE8F0811A46397801F08001AE
:105B800023463046FFF766FF0028DDD1EAE72246CC
:105B90002946044801F0ECFD8021024AF0E700BFED
:105BA00090260020502600200022034BC3E900224B
:105BB000C3E902221A61704790260020014B186148
:105BC000704700BF9026002030B40246044C0025E8
:105BD000234600685168C4E9025530BC03C37047CE
:105BE0009026002070B53D4CC90922780646B1EBDD
:105BF000D21F1D4682B017D053B14FF0E023D3F827
:105C0000F03DDB0702D4002002B070BD00BEFAE711
:105C10002146FFF7D9F823691BB1224603213046FC
:105C20009847012002B070BD94F90030002B06DBCC
:105C3000A0680028E7D02A46294901F099FDE089AB
:105C4000A168E388284480B229448342E081A160AE
:105C500016D03F2D14D9A28994F90040131A9BB293
:105C6000402B28BF4023002C27DB90424FF000013F
:105C700031D01B4A3046FFF7EDFE0028D1D1BCE7FA
:105C8000236923B102213046144A984760B1217834
:105C90000023C94330461A4601F08001FFF7DAFEBF
:105CA0000028AAD00120BDE701463046FFF732F9AF
:105CB00080213046FFF72EF9B3E7904208D01A460C
:105CC0000748019301F054FD8021054A019BD1E76B
:105CD00080210022CEE70A46CCE700BF90260020B4
:105CE000502600202DE9F0410446FFF7D3F908B90A
:105CF000BDE8F081FFF7D6F905460028F8D1C823A2
:105D000004FB03F3124EF718F9780029F0D0103392
:105D10001E44304600F0D2FD3F28E9D92846F978E4
:105D2000FFF774FE0028E3D0304600F0C7FD3F289F
:105D3000F97808D9074A284602EBC4124023BDE887
:105D4000F041FFF787BE2846BDE8F041FFF770BE7F
:105D5000882500200425002010B50446FFF79AF995
:105D600008B9002010BDFFF79DF90028F9D1C8221D
:105D7000034B02FB0433187900F0010010BD00BF93
:105D800088250020C82208B5024B02FB003000F035
:105D90007BFD08BD982500202DE9F8434FF6FF73E1
:105DA000C8249A4228BF1A4600FB04F4DFF8748026
:105DB00004F110054544064692B2284600F0DAFD8B
:105DC0000746FFF767F910B93846BDE8F883FFF7D3
:105DD00069F981460028F7D1A04498F80330002BD8
:105DE000F2D0284600F06AFD3F28EDD9484698F8E1
:105DF0000310FFF70BFE0028E6D0284600F05EFDFA
:105E00003F2898F8031007D9054A4846402302EB7B
:105E1000C612FFF71FFED7E74846FFF709FED3E794
:105E200004250020882500202DE9F0410446FFF7D5
:105E300031F910B90020BDE8F081FFF733F90546CC
:105E40000028F7D1C82604FB06F6DFF8648006F1C7
:105E500024074744384600F017FD0028EAD0B04434
:105E6000284698F80210FFF7D1FD0028E2D00F4E27
:105E7000384606EBC4163146402200F07BFD98F808
:105E80000210044668B1034632462846FFF7E2FD99
:105E900050B94FF0E023D3F8F03DDB07CAD500BE80
:105EA000C8E7FFF7C5FDC5E72046C4E74425002045
:105EB0008825002038B54FF6FF75C823AA4228BFB1
:105EC0002A460B4C92B203FB00440546204600F0E4
:105ED0000FFE034620461C4600F0D6FC3F2801D8A2
:105EE000204638BD2846FFF79FFF204638BD00BF3B
:105EF000AC250020C82208B5024B02FB003000F0A0
:105F0000DDFC08BDAC250020F0B5002483B0C8221C
:105F10000021174801F0B4FBFF234FF4E1310822C0
:105F200014480470124800940746437181608273DC
:105F300000F1380101234022103000F075FC0123EC
:105F4000402207F17801009307F1B80607F1240019
:105F500000F06AFC07F1C0053046FDF797F82846C7
:105F6000FDF794F8C7E90746C7E90C5403B0F0BD44
:105F700088250020842500200A4A116B136A61B12C
:105F80003BB10023C2E90C33D3610023136201202B
:105F900070470120C2E90C337047002BF7D0D16164
:105FA000F3E700BF88250020002210B50E4C0F48F3
:105FB000237802600271DA0707D59B070BD5BDE88D
:105FC000104001210A4800F05DBE103000F03EFE96
:105FD00023789B07F3D4064800F038FEBDE8104054
:105FE0000121034800F04EBE8425002088250020B2
:105FF000AC250020F0B54B7983B0022B02D18B7910
:10600000022B03D00025284603B0F0BD274FBB78F4
:106010003BB14FF0E023D3F8F03DDB07F2D500BEF3
:10602000F0E78B7806463B700B78CC186178242912
:1060300008BF092507D036E023781C4461782B443B
:1060400024299DB207D1AA42F6D20020FFF74AFECA
:10605000284603B0F0BD0B46052916D0042BF4D119
:1060600063790A2BF1D1124B277801930133009306
:10607000022330461A46E119FFF758FC0028C8D021
:106080000E3517FA85F5ADB2DFE721463046FFF74A
:106090009BFC0028BDD0A3787B7023785A191C4440
:1060A000637895B2DAE70B460925D5E78825002005
:1060B0008A250020137803F06003202B08D170B5E7
:1060C000264C938894F800C09C4503D0002070BDF6
:1060D000002070475378203B032BF7D8DFE803F00C
:1060E00027230D0201292ED003291ED11C4BE3B119
:1060F00000205188AFF3008017E0012923D0032945
:1061000013D15588174805F0010686F00101257165
:1061100000F0B8FD144B43B131460020C5F34002F6
:10612000AFF3008001E0012911D0012070BD0129E9
:106130000DD00329F9D10D4B002BF6D000200C49CE
:10614000FEF7ACFAF1E71146FFF7BCFCEDE71146AC
:106150000723074AFFF7D0FCE7E700BF88250020A8
:1061600000000000AC250020000000009D4600104B
:10617000902500202DE9F843354E0C46F27807466D
:106180008A421D463DD0B3788B4212D04FF0E023B7
:10619000D3F8F03DDB0732D40020BDE8F8832D4B67
:1061A00023B12D4800F080FB00284DD00020FFF7E0
:1061B00099FDB378A34201D00120EEE7274B13B13C
:1061C0000020AFF300800020FFF72EFE0028F3D15F
:1061D000234800F059FB0028EED1002DECD015F03B
:1061E0003F05E9D13846B178FFF710FC0028E3D02D
:1061F0002B462A463846B178FFF72CFCDCE700BE78
:10620000CAE79AB2174906F1100000F071FC164B6C
:10621000002BC4D07379FF2BC1D0002DBFD0DFF885
:10622000448008EB050902E0C845B8D0737918F836
:10623000012B9A42F8D1084800F036FB0028F3D130
:106240007179AFF30080EFE7AFF30080AEE700BFF6
:106250008825002000000000982500200000000094
:10626000AC2500200425002000000000F0B54FF40C
:10627000137285B00021124801F002FA4026002373
:106280004FF480750E4F0F4C07F5A6721946CDE9F5
:106290000246009201951A4607F5947000F0C6F97F
:1062A0000023384607F128013444009101221946A1
:1062B000CDE902460195043000F0B8F905B0F0BD13
:1062C00078280020F827002008B5054800F0DAF902
:1062D000034BA3F5927000F0D5F9012008BD00BF73
:1062E000A029002038B50025064C04F598702570CB
:1062F00000F0ACFC04F10C0000F0A8FC84F829517B
:10630000657138BD782800202DE9F8434B79FF2BC3
:1063100051D1354E96F82931002B4CD196F8058095
:10632000B8F1000F47D18B780C7833700B790F469A
:106330000C44ABB38146A51803E0A54230D92378BD
:106340001C446378052BF8D1AC4229D2214648463B
:10635000FFF73AFB40B3A378DB092FD1234800F0C5
:1063600075FCA37896F8282186F82931A388484639
:10637000C3F30A03A3F50073B3FA83F35B0963F372
:1063800041021B4986F8282100F0EAF960B1237820
:106390003A7908F101081C445FFA88F39A42D0D890
:1063A000E11B88B2BDE8F8834FF0E023D3F8F03D5D
:1063B000DB0700D500BE0020BDE8F8830D4800F0E3
:1063C00045FCA37832797371A3880B49C3F30A03A0
:1063D000A3F50073B3FA83F35B0963F34102002072
:1063E000327100F085F9D2E778280020A829002032
:1063F000A0290020842800207C28002070B51B4C98
:10640000064694F829C11D468C4511D063798B420C
:1064100001D0002070BD164B1BB10020A9B2AFF314
:1064200000803046134900F063F9C8B1012070BD07
:10643000B4F8343163B9104B23B100200F49AAB22C
:10644000AFF3008030460E4900F08AF90120EEE7F4
:10645000D4F82C11AAB204F5987000F049FBEAE7D1
:106460002A463046034900F00FF9DFE7782800207C
:10647000000000007C28002000000000F827002019
:10648000A029002010B582B0C9B101280CD80B7822
:1064900053B1144C012B235402D0012002B010BD83
:1064A000FEF708FE0028F8D14FF0E023D3F8F03DC6
:1064B000DB0702D4002002B010BD00BEFAE70124C1
:1064C000084601A9ADF80440FEF7F4FD38B94FF0D5
:1064D000E023D3F8F03DDA07EDD500BEEBE7014B42
:1064E0001C70E8E7C4260020F8B5037813F0010417
:1064F0001AD1037805465A07C3F3800701D5204611
:10650000F8BD0E464FF0FF31304601F02DFB2B78E1
:1065100013F001040BD12B785B0709D42B780124ED
:1065200043F004032B7003E000242046F8BD3C46F2
:10653000304601F025FB2046F8BD00BF70B50C4683
:1065400005464FF0FF31204601F00EFB2B78C3F3D8
:1065500080065B0708D52B7813F0010311BF0026D6
:106560002A7863F382022A70204601F009FB304644
:1065700070BD00BFC378828803F003000228C2F315
:106580000A0215D003280AD001281CD1022940F2A2
:10659000FF3308BF4FF4806393420DD37047022945
:1065A00014BF40234FF48063934205D3012070470A
:1065B00002290AD0402AF9D94FF0E023D3F8F03D60
:1065C000DB0700D500BE00207047B2F5007FEDD09C
:1065D000F2E700BF0A44914226D291F801C0BCF113
:1065E000050F05D091F800C061448A42F5D8704784
:1065F00000B591F802C00CF07F0E00EB4E0E4FEA92
:10660000DC1C0EF80C3091F800C061448A4209D9B4
:1066100091F801C0BCF1050FEBD091F800C06144C6
:106620008A42F5D85DF804FB704700BF2DE9F041C0
:106630008E4682B0009390F800C0089EBDF824708A
:106640006EF3000C04461546012331463A4600F825
:1066500008CBBDF82C8000F0E7F806B13FB9012067
:106660000A9BA4F80280636002B0BDE8F08104F1E7
:106670001C063046FCF70AFD0DB135460026C4E97C
:106680000556ECE701207047F8B50746084640F28A
:10669000FF13154610F8082B0C4612F0020F0CBF22
:1066A0003F261E4600F0F0F828B925B12E4202D14F
:1066B0002378DA0701D50020F8BD38466178FFF766
:1066C000A5F90028F7D0237813F0010307D04FF085
:1066D000E023D3F8F03DDB07EDD500BEEBE71A462B
:1066E00038466178FFF7B6F90028F0D0F8BD00BF52
:1066F00070B501F10805064628460C4600F0C4F8BE
:1067000010B12378DA0701D5002070BD30466178DA
:10671000FFF77CF90028F7D028466288616800F00E
:1067200029F92378054603F0010340B173B14FF016
:10673000E023D3F8F03DDB07E6D500BEE4E7002B0D
:10674000E2D130466178FFF773F9DDE7034662680E
:1067500030466178FFF77EF90028E8D0284670BD02
:106760008A892DE9F0410B780C46064622B9DD07EF
:1067700034D50020BDE8F08104F1080799073846B8
:1067800047BF4FF47E484FF400754FF6C078402560
:1067900000F094F88542ECD82378DA07E9D4304643
:1067A0006178FFF733F90028E3D0384600F086F827
:1067B0002378854203F001032DD8BBB9658808EA28
:1067C0000008454528BF454661785DB362682B46A1
:1067D0003046FFF73FF948B12846CBE74978FFF745
:1067E00015F90028C5D02378D80707D54FF0E02346
:1067F000D3F8F03DDB07BCD500BEBAE7638861780B
:106800003BB162683046FFF725F90028EED060887A
:10681000B0E71A46F6E7002BABD130466178FFF7B8
:1068200007F9A6E72A46D2E72DE9F041B2F5004F75
:106830009DF8188024D80446C06817460E461D46A9
:1068400018B14FF0FF3101F08FF9206918B14FF006
:10685000FF3101F089F90022C5F30E03E06843EA35
:10686000C83362812660A780E380228108B101F0ED
:1068700087F9206908B101F083F90120BDE8F081B2
:106880000020BDE8F08100BF038942899BB292B22B
:106890008088934236BFC2EB40029B1A9B189BB282
:1068A000984228BF184670470289438990B29BB22C
:1068B000C01AB0FA80F04009704700BF03894289CE
:1068C0009BB2808892B2934236BFC2EB40029B1AC1
:1068D0009B189BB2984286BFC01A80B200207047B6
:1068E00038B5044600690D4618B14FF0FF3101F08C
:1068F0003BF92189638989B29BB2A288994236BF4C
:10690000C3EB4200C81A401880B250B3824209D289
:1069100091422CBF891A89188BB29A42638103D89D
:106920009B1A9BB29A42FBD9E2882168C2F30E02FD
:1069300002FB0311284600F01BFF6189012589B283
:106940004B1C9BB29942A2880ED9002302FA05F192
:106950005B1A9BB22069638108B101F011F92846E6
:1069600038BD054663899BB2B3EB420F4FEA420143
:10697000F0DBEDE72DE9F0470646006988469146D1
:1069800018B14FF0FF3101F0EFF8338974899BB2F1
:10699000A4B2B588A34236BFC4EB45071F1BFF183E
:1069A000BFB2002F4AD0BD4240D3B94528BFB94637
:1069B000A5421FFA89F703D8641BA4B2A542FBD9EC
:1069C000B6F806A02B1B31689BB2CAF30E029F4299
:1069D000924602FB041123D913FB02F31FFA83F939
:1069E0004A4640467D1B00F0C3FE621912FB0AF2C4
:1069F000316808EB090092B200F0BAFE7289B588DE
:106A000092B2D3199BB29A421AD96A009B1A9BB2CE
:106A10003069738108B101F0B3F83846BDE8F087FA
:106A2000404607FB02F200F0A3FEE7E7AB422CBFB3
:106A30005B1B5B199CB22F467481B6E773899BB2CE
:106A4000B3EB450F4FEA4502E2DBDFE7F8B504465A
:106A5000C0680E4618B14FF0FF3101F085F8258966
:106A6000238961899BB289B2A2888B4236BFC1EB70
:106A700042015B1A5B189BB29A42ADB208D8E77923
:106A8000FF0905D1E06808B101F07AF83846F8BD91
:106A9000954228BF2B4618D39B1A9BB29342FBD238
:106AA000E2882068C2F30E0202FB0300314600F0C8
:106AB0005FFE6B1C9BB29D42A28812D9002351003D
:106AC0005B1A9BB201272381DCE7E2882068C2F3CE
:106AD0000E0205FB0200314600F04AFE0135A28895
:106AE000ABB2B3EB420F4FEA4201EBDBE8E700BF8A
:106AF0002DE9F04F174683B0002A75D00646C068CE
:106B0000894618B14FF0FF3101F02EF8F379B6F84D
:106B100008807289DB09B5881FFA88F892B23CD1E7
:106B2000904536BFC2EB4502A8EB0202424492B246
:106B3000AA425ED2AA1A92B2BA4228BF3A46B6F820
:106B400006B097B27B1B08EB070ACBF30E0B9BB288
:106B50001FFA8AFAA845444603D3641BA4B2AC4288
:106B6000FBD22D1B3068ADB2BD420BFB040057D3E6
:106B700049460BFB07F200F0FBFDB288D0454FEA17
:106B8000420302D8BAEB420F03DBAAEB03031FFA5E
:106B900083FA3D46A6F808A02CE0B6F806B0AF424E
:106BA000CBF30E0B2FD2904536BFC2EB4501A8EBBD
:106BB0000201414489B2680039447B1B81429BB287
:106BC0000DDB02EB050A1FFA8AFAAAEB07081FFA87
:106BD00088F8424537D9A8EB00001FFA80F807EB88
:106BE000080A1FFA8AFAB5E71546284603B0BDE839
:106BF000F08F0025F0680028F7D000F0C1FF28468C
:106C000003B0BDE8F08F002DF4D07F1B02EB050A26
:106C10000BFB079990462F4600231FFA8AFA99E743
:106C200015FB0BF5ADB22A464946019300F0A0FDD5
:106C3000019B3068E21812FB0BF209EB050192B2DE
:106C400000F096FD99E7404584DCC4E710B50446A2
:106C5000C06818B14FF0FF3100F086FF206918B10D
:106C60004FF0FF3100F080FF0023E0686381238153
:106C700008B100F085FF206908B100F081FF012014
:106C800010BD00BF38B50446C0680D4618B14FF0BE
:106C9000FF3100F069FF206918B14FF0FF3100F0BB
:106CA00063FFE379E06865F3C713E37108B100F0AF
:106CB00067FF206908B100F063FF012038BD00BF05
:106CC00000F12F4000F56000030D022B0DD0012BC9
:106CD00005D0094A094801EB8301FBF717BF084AB1
:106CE000064801EB8301FBF711BF064A034801EB9D
:106CF0008301FBF70BBF00BFE47E0010D82A002001
:106D0000247F0010007F00102DE9F0470F46054654
:106D1000FBF7E0FE012297F804A097F905C005F102
:106D20002F4EDFF8D4800EF5600E02FA0AF24FEA19
:106D30001E5EBCF1000F58F82E6002F1FF32CAF15E
:106D4000200435DBA44503DC02FA0CF3334206D001
:106D50004FF0FF34FBF7D0FE2046BDE8F087D5F8B2
:106D60006831F979002B41D14B0731D4644602FADE
:106D70000CF2164233D13968BAF1000F10D06746D1
:106D800001EB4A0A31F8023B07F11209B3F5005F43
:106D900038BF6344514507F1010745F82930F1D167
:106DA000324348F82E20FBF7A7FE2046BDE8F087C7
:106DB000002C02DA13E0013C11D302FA04F333424F
:106DC000A446F8D1D5F86811FB7991B95B07CED507
:106DD0006FF00A04FBF790FE2046BDE8F0876FF0E5
:106DE0000804FBF789FE2046BDE8F087C907BDD53A
:106DF000EEE7D907BBD5EBE7EC27002010B504463A
:106E0000FBF768FE002304F12F42084902F56002F7
:106E1000120D41F8223003F1120244F822300133FE
:106E2000202BF8D1BDE81040FBF766BEEC27002010
:106E30002DE9F0474FF4003501EB410600EBC604A5
:106E400004F5435400EBC606D6F8DCA04FEA41082F
:106E5000D6F8CC90E560BBB14EF2800793FAA3FC64
:106E6000BCFA8CFC22FA0CF503F1FF3E4FEA4C1CF5
:106E700005F001054CF080643D4313EA0E03C6F8AB
:106E8000DC40C6F8D850E9D1884400EBC800C0F80F
:106E9000DCA0C0F8CC90BDE8F08700BF2DE9F04140
:106EA000D0F868419DF81860121B1F2A38D84EF29E
:106EB0009F044EF280054FF4003801EB410C002E88
:106EC00018BF254600EBCC0404F5435400EBCC0C72
:106ED000052BDCF8DC704FEA410EDCF8CC60C4F81E
:106EE0000C800CD95401053B44F0A0540532052B0D
:106EF000CCF8DC4002F01F02CCF8D850F2D8714434
:106F000000EBC1010020520142EA8363C1F8DC308A
:106F1000C1F8D850C1F8DC70C1F8CC60BDE8F08190
:106F20006FF00400FAE700BFF0B5012504688D405A
:106F300024EA05040460B3B3D3E901561F68DC6892
:106F400001EB410300EBC303C3F8C8704FEA410CE7
:106F5000C3F8D060C3F8CC50C3F8DC400CEB01039D
:106F60004FF0013500EBC30C4FF0004600EBC30EB1
:106F700001230EF5865E0C1D01F108078D40CEF849
:106F8000106003FA04F4CEF8106002F01F0285606E
:106F9000BB4000F5005004600EF1100E03600020AD
:106FA000CCF8D820F0BD4FF480374FF440264FF492
:106FB000F83501EB410400EBC404C4F8C8704FEA93
:106FC000410CC4F8D060C4F8CC50C4F8DC30C5E73C
:106FD00010B5054C82B001460F23002200940348EF
:106FE000FBF7C0FD02B010BD487F0010DC87022017
:106FF00003BD00BF10B50446FDF71EF82346BDE8EB
:1070000010401847F0B5054687B0192017460E46C0
:10701000FBF74EFE002104461920FBF733FE00214A
:10702000CDE9046503970026002701224FF0504365
:107030008C46CDE900670292A9B11A6D9507FCD57F
:10704000596540BF1A6DD00703D420BF1A6DD2070F
:10705000FBD59A6D8A420BD04FF0000C0DEB8C02E1
:107060001168E9E79A6D1A6DD607FBD440BFE4E7D3
:107070000CF1010CBCF1060FF0D12146192007B02C
:10708000BDE8F040FBF7FEBD0C4B0D4A93420ED31A
:107090009C4603F2F4710B4A9268CCF8F4070A4854
:1070A000CCF8F837CCF8FC070848FFF7ABBF4FF037
:1070B000FF3340F2F3719C46EDE700BF0008082063
:1070C0000000082000ED00E0F56F0010F16F0010E7
:1070D000024B0146186800F00BB800BF9820002052
:1070E000024B0146186800F043BC00BF9820002006
:1070F00001F10B03162B2DE9F04F074683B023D87F
:10710000102900F2AF8000F0AFFA102518230220FA
:10711000BA4E33445C68A3F10802944200F05681F1
:107120006368384623F00303D4E902122344CA609B
:1071300091605A68083442F001025A6000F09AFAED
:10714000204603B0BDE8F08F002B23F00705C0F206
:107150008980A94200F2868000F086FAB5F5FC7FAE
:10716000C0F07B826B0A00F08480042B00F2628105
:10717000AB0903F1390003F1380EC3009F4E3344CD
:10718000A3F1080C5C68A44507D10DE0002AE16872
:1071900080F216818C450C4606D0636823F0030309
:1071A0005A1B0F2AF2DD7046DFF8688234694445C5
:1071B00000F0F280636823F0030CACEB05030F2BA7
:1071C00000F37481002BC6E9048880F26381BCF56A
:1071D000007FD6F804E080F0FF804FEADC03012254
:1071E0004FEA5C1C013302FA0CF256F833104EEAF7
:1071F000020E06EBC302083AC6F804E0C4E9021224
:1072000046F83340CC6083104FF0010C0CFA03FCBD
:10721000F44534D81CEA0E0F07D120F003004FEAE2
:107220004C0C04301CEA0E0FF9D006EBC00A814664
:10723000D646DEF80C300BE05A681C46DB6822F0BC
:107240000302511B0F2900F30181002980F21581EF
:107250009E45F1D109F101090EF1080E19F0030F55
:10726000E7D158E10C233B600024204603B0BDE881
:10727000F08F4FF4007340204FF03F0E7EE7B4686C
:10728000636823F00309A945A9EB050302D30F2B7B
:1072900000F385805A4B08201B6803F1100804EBAB
:1072A0000903009300F056FA564AA844834613682F
:1072B000013305D008F1FF384342804403EA08084F
:1072C0004146384600F02AFAB0F1FF3F82464D4A67
:1072D00000F0078104EB0903834200F200814A4B6E
:1072E0000BF1FF3C18684044186000F0648111689D
:1072F000013100F06C8104EB0902AAEB02020244A6
:107300001A601AF00702CDE9002300F02781C2F1CC
:107310000802384692445A44D04408EA0C01521AF2
:1073200002EA0C0B594600F0F9F9421C019B00F0EF
:107330006A81A0EB0A0000EB0B08186848F0010214
:10734000B442C6F808A05844CAF80420186017D000
:10735000B9F10F0F40F23E816168A9F10C024FF0C4
:10736000050C22F0070201F0010111430F2A6160B0
:1073700004EB0201C1E901CC00F24D81DAF80420EE
:10738000224B54461968814238BF1860204B196857
:10739000814238BF1860A6E0D6F804E033E76219EE
:1073A00045F0010543F00103083444F8045C384615
:1073B000B260536000F05EF9204603B0BDE8F08F84
:1073C000A26823443846D1608A60B2E6DC68A342F2
:1073D0007FF4A6AE0230E7E6BCF5206F4FEA5C22F0
:1073E00076D3142A00F2CD8002F15C035B32DB001D
:1073F000F118F3580839994211D1A5E0901C0020EA
:10740000C4230020841C002094230020BC230020DF
:10741000C0230020981C00209B68994204D05A6821
:1074200022F003026245F7D8D968C4E902318C60C2
:10743000DC60E8E6142B63D9542B00F2AB802B0BF5
:1074400003F16F0003F16E0EC30097E6D4F808C095
:107450003846671945F001056560CCF80C30C3F873
:1074600008C041F00103C6E90477C7E902887B60E0
:10747000A150083400F0FEF8F7E62244384651687F
:1074800041F00101516054F8082FD3609A6000F078
:10749000F1F8EAE6A44438460834DCF8043043F056
:1074A0000103CCF8043000F0E5F8DEE6621943F0A1
:1074B000010145F0010538466560C6E90422C2E9CC
:1074C0000288516044F80C30083400F0D3F8CCE660
:1074D0004FEA9C1202F139033832DB0088E7B442EC
:1074E00062D0B468626822F00308A845A8EB0503DF
:1074F00002D30F2B3FF753AF384600F0BBF8B3E68B
:1075000003F15C0003F15B0EC30037E65AF808395B
:10751000534540F0A08010F0030F00F1FF30F5D18B
:10752000736823EA0C0373604FEA4C0C0CF1FF32D2
:107530009A4204D3A3E64FEA4C0C09F104091CEA71
:10754000030FF8D0484670E692104FF0010C0CFA89
:1075500002F24EEA020EC6F804E066E70AEB080201
:10756000384602EA0C02ABEB020B0BEA0C0B594655
:1075700000F0D4F8431C019B7FF4DBAEDDF800B0D3
:10758000DBE6542A2AD84FEA1C3202F16F036E322E
:10759000DB002DE7B3F5AA7F2AD8EB0B03F17800C7
:1075A00003F1770EC300E9E52E4B0BF1FF3C1868A1
:1075B000404418609BE61AEA0C0F7FF498AEC8446A
:1075C000D6F808A048F00102CAF80420D8E6C2F8AC
:1075D00000A096E60123CAF804308DE7B2F5AA7F31
:1075E00024D84FEADC3202F178037732DB00FFE681
:1075F00040F25452934224D8AB0C03F17D0003F1C6
:107600007C0EC300BAE5009A4FF0000B083A904494
:10761000A8EB0A0891E6384604F10801009300F04F
:10762000A7F9009BD6F808A01868A7E640F25453C3
:107630009A420CD84FEA9C4202F17D037C32DB0077
:10764000D6E64FF47E737F204FF07E0E96E54FF422
:107650007E737E22CCE6736866E7E80805F10803CE
:1076600056E500BF94230020014800F06FB800BF2A
:1076700090230020014800F06BB800BF9023002049
:10768000830730B546D08418844604E003F8011B14
:107690009D0704D09C46A4456346F7D130BD013A0E
:1076A0000244A2EB0C02032A29D9CCB20F2A04EB24
:1076B000042404EB04442FD9A2F1100C03F11005AB
:1076C0002CF00F0CAC44C3E90044C3E9024410336E
:1076D0006345F8D112F00C0F02F00F0E18D02EF007
:1076E000030CAEF104051A469C4442F8044B624573
:1076F000FBD125F0030404330EF003022344002AD7
:10770000CCD0C9B21A4403F8011B9342FBD130BD5F
:107710007246F4E70346C6E79646E0E738B500222E
:10772000064D044608462A60FCF7DEFD431C00D0E7
:1077300038BD2B68002BFBD0236038BD342B0020D4
:10774000014B1868704700BF98200020704700BFA9
:10775000704700BF082802D14FF48050704708B529
:10776000FFF7EEFF162203464FF0FF301A6008BD08
:10777000844641EA000313F0030349D1403A23D37E
:107780000B6803604B6843608B688360CB68C360A1
:107790000B6903614B6943618B698361CB69C36189
:1077A0000B6A03624B6A43628B6A8362CB6AC36271
:1077B0000B6B03634B6B43638B6B8363CB6BC36359
:1077C00040304031403ADBD230320BD30B6803609B
:1077D0004B6843608B688360CB68C36010301031A6
:1077E000103AF3D20C3205D351F8043B40F8043B75
:1077F000043AF9D2043208D0D2071CBF11F8013B79
:1078000000F8013B01D30B8803806046704700BF3E
:10781000082A13D38B07B1D010F00303AED0C3F105
:107820000403D21ADB071CBF11F8013B00F8013B2F
:10783000A4D331F8023B20F8023B9FE7043AD9D3A6
:10784000013A11F8013B00F8013BF9D20B780370C3
:107850004B7843708B7883706046704720F003014B
:1078600010F00300C0F1000051F8043B00F1040CDB
:107870004FEACC0C6FF000021CBF22FA0CF213434B
:107880004FF0010C4CEA0C2C4CEA0C4CA3EB0C0214
:1078900022EA030212EACC1204BF51F8043B04307E
:1078A000F4D0C2F1000102EA0102B2FA82F2C2F19E
:1078B0001F0200EBD20070472DE9F8430646DFF8BF
:1078C000AC8008208946FFF745FF05463046FFF7A4
:1078D000CBFED8F808305F6827F00307A7F1110442
:1078E000A4EB09042C44B4FBF5F4013C05FB04F4BF
:1078F000A54208DC00213046FFF710FFD8F8083019
:107900003B44984205D03046FFF7B4FE0020BDE866
:10791000F88361423046FFF701FF01300FD03F1B73
:10792000104AD8F80830304647F001075F60136806
:107930001B1B1360FFF79EFE0120BDE8F8830021AA
:107940003046FFF7EBFED8F80820831A0F2BDADD5C
:1079500043F0010303495360034B1B68C01A0860DE
:10796000D1E700BF94230020841C0020901C00203D
:1079700000295AD0F8B50C460746FFF775FE734D3F
:1079800054F804CCA4F10802A8682CF001030CF010
:10799000010ED1184E68884226F003067CD0881963
:1079A0004E60406800F00100BEF1000F2ED154F887
:1079B000084C05F1080C121B23449468644560D000
:1079C000D2F80CE0C4F80CE0CEF8084000287DD0D6
:1079D00043F0010050600B60B3F5007F2ED25809D0
:1079E000D9080123834068680131034355F8310009
:1079F0006B6005EBC103083BC2E9020345F8312087
:107A0000C2603846BDE8F840FFF734BE70B9334471
:107A100005F1080C886843F0010460456ED0C96820
:107A2000C16088605460D350D6E770474CF00101C4
:107A3000B3F5007F44F8041CD350D0D3B3F5206FC6
:107A40004FEA532144D2990901F1390001F1380478
:107A5000C100681869580838884203D155E0896820
:107A6000884204D04C6824F003049C42F7D8C868CC
:107A7000C2E9021082603846CA60BDE8F840FFF7EC
:107A8000F9BD80BB1E44D1E90213CB60996046F07A
:107A9000010353609651B4E71E44BEF1000F07D1B5
:107AA00054F8083CD21A1E44D2E90213CB60996004
:107AB00046F001035360264BAA601B68B342A0D86E
:107AC000244B38461968FFF7F7FE9AE73344A1E7DD
:107AD00014290DD954291FD8190B01F16F0001F198
:107AE0006E04C100B5E743F0010050600B6088E709
:107AF00001F15C0001F15B04C100AAE7C5E90422C1
:107B0000C2E902CC5460D3507BE7A4100123A34008
:107B10006C6823436B60ABE7B1F5AA7F06D8D90B3D
:107B200001F1780001F17704C10092E740F254506E
:107B3000814206D8990C01F17D0001F17C04C1005D
:107B400087E74FF47E717E2483E700BF901C0020FE
:107B5000881C0020C4230020F8B500BF00000000EE
:107B60005FF800F0110100205FF800F07D0F0020A9
:107B70005FF800F0551800205FF800F0F10F0020CA
:107B80005FF800F0B50F00205FF800F0D90D00207D
:107B90005FF800F0B51700205FF800F01118002022
:107BA0005FF800F0150F00205FF800F0590E00207C
:107BB0005FF800F0DD170020E5400010594000108C
:107BC0008D40001079410010C5400010BD3F0010ED
:107BD0000D410010A93F001041300010114100106C
:107BE0000134001009400010F9400010A9400010B5
:107BF0001D2C0010452C0010554B001011020010D8
:107C00004F72696F6E20567069636F3220766761BC
:107C10003331326B2020205647412042494F5320B8
:107C2000565250323335300A0000000056657273E8
:107C3000696F6E20312E322E32352E31362E303095
:107C400052410A00436F7079726967687420284353
:107C500029203230323620706473696C7661286175
:107C60006B612070676F7264616F292E0A56312E26
:107C70003220567069636F327667613331326B0A36
:107C800000000000436F70797269676874202843B0
:107C900029203230323620706473696C7661286135
:107CA0006B612070676F7264616F292E56312E32BE
:107CB00020567069636F327667613331326B202DE5
:107CC000323632300A0000007365745F7379735F77
:107CD000636C6F636B5F6B687A206F6B3D25640A22
:107CE000000000007379735F636C6B207265616CD8
:107CF000203D20256C7520487A0A00005379737462
:107D0000656D20636C6F636B206F66202575206B3B
:107D1000487A2063616E6E6F7420626520657861B9
:107D200063746C792061636869657665640000003E
:107D300067726170686F7320494E494349414C49ED
:107D40005A45440A00000000466F6E7420387831AE
:107D500038000000466F6E7420387831360000001D
:107D6000466F6E742038783134000000466F6E74B0
:107D700020387831320000000A2A2A2A2050414E49
:107D80004943202A2A2A0A000A0000004E6F207365
:107D900070696E6C6F636B732061726520617661D0
:107DA000696C61626C6500004E6F207573657220AE
:107DB000495251732061726520617661696C61621C
:107DC0006C650000486172647761726520616C6166
:107DD000726D20256420616C726561647920636C2A
:107DE00061696D65640000004861726420617373AD
:107DF000657274004F7574206F66206D656D6F72CB
:107E00007900000052656C6561736500626F6F7484
:107E1000325F77323571303830000000302E31005B
:107E2000322E322E300000007069636F3200000085
:107E30007667615069636F3200000000417567200A
:107E4000323920323032360055534220737464691F
:107E50006E202F207374646F75740000526173700C
:107E60006265727279205069000000005069636F8A
:107E700000000000426F6172642043444300000030
:107E80005265736574000000556E68616E646C65C0
:107E9000642049525120307825780A0065702025E9
:107EA0003032582077617320616C7265616479208B
:107EB000617661696C61626C6500000043616E27E8
:107EC0007420636F6E74696E7565207866657220C4
:107ED0006F6E20696E616374697665206570202518
:107EE0003032580050494F203020534D2025642017
:107EF000616C726561647920636C61696D656400B1
:107F000050494F203220534D20282564202D203801
:107F10002920616C726561647920636C61696D65AB
:107F20006400000050494F203120534D2028256423
:107F3000202D20342920616C726561647920636C86
:107F400061696D65640000004E6F20444D412063FF
:107F500068616E6E656C732061726520617661691F
:107F60006C61626C65000000707F001018FF0102F8
:107F700001E01520CA0020E0224042BF0E40A08050
:107F800000E0120021E022400E40A08062A00860C4
:107F900042B000E042AF952001E0E3A067A081E09D
:107FA000A87F001009FF0100A08047A000E022A0E8
:107FB000C123A0800465046345000000C47F001055
:107FC0000EFF0100A08027A0C02001C0420049E0B0
:107FD000C020860000E0C020C0205FE0C0388C00D8
:107FE000E87F001009FF0100A08027A0420000FFE9
:107FF00000FF00FF01FF01E500C100000480001048
:1080000009FF0100A08047A000E022A0C123A080BA
:10801000046C046745000000208000100EFF010082
:10802000A08027A0C02001C0420049E0C0208600F7
:1080300000E0C020C0205FE0C0388C004480001009
:1080400007FF0100A08027A0420000FF00FF01EC15
:1080500000C10000303132333435363738394142CF
:10806000434445460000000000000000003E5B4F16
:108070005B3E3E6B4F6B3E1C3E7C3E1C183C7E3C88
:10808000181C577D571C1C5E7F5E1C00183C180096
:10809000FFE7C3E7FF0018241800FFE7DBE7FF3026
:1080A000483A060E2629792926407F050507407F94
:1080B00005253F5A3CE73C5A7F3E1C1C08081C1C07
:1080C0003E7F14227F22145F5F005F5F06097F01FD
:1080D0007F006689956A606060606094A2FFA294E8
:1080E00008047E040810207E201008082A1C0808B6
:1080F0001C2A08081E101010100C1E0C1E0C303804
:108100003E3830060E3E0E06000000000000005F04
:1081100000000007000700147F147F14242A7F2A20
:1081200012231308646236495620500008070300E2
:10813000001C2241000041221C002A1C7F1C2A082E
:10814000083E080800807030000808080808000091
:1081500060600020100804023E5149453E00427F05
:10816000400072494949462141494D331814127F54
:108170001027454545393C4A4949314121110907F4
:108180003649494936464949291E00001400000075
:108190004034000000081422411414141414004147
:1081A00022140802015909063E415D594E7C121104
:1081B000127C7F494949363E414141227F4141413C
:1081C0003E7F494949417F090909013E41415173B7
:1081D0007F0808087F00417F41002040413F017F28
:1081E000081422417F404040407F021C027F7F04F0
:1081F00008107F3E4141413E7F090909063E415139
:10820000215E7F09192946264949493203017F0128
:10821000033F4040403F1F2040201F3F4038403F29
:10822000631408146303047804036159494D43003F
:108230007F4141410204081020004141417F040276
:10824000010204404040404000030708002054540D
:1082500078407F28444438384444442838444428EB
:108260007F385454541800087E090218A4A49C783E
:108270007F0804047800447D40002040403D007F9A
:108280001028440000417F40007C047804787C087A
:108290000404783844444438FC182424181824244E
:1082A00018FC7C08040408485454542404043F4433
:1082B000243C4040207C1C2040201C3C4030403C62
:1082C00044281028444C9090907C4464544C4400C2
:1082D0000836410000007700000041360800020126
:1082E0000204023C2623263C1EA1A161123A404012
:1082F000207A385454555921555579412154547890
:1083000041215554784020545579400C1E52721228
:1083100039555555593954545459395554545800B0
:1083200000457C410002457D420001457C40F0292A
:108330002429F0F0282528F07C5455450020545479
:108340007C547C0A097F49324949493232484848BD
:1083500032324A4848303A4141217A3A4240207804
:10836000009DA0A07D39444444393D4040403D3CFF
:1083700024FF2424487E4943662B2FFC2F2BFF0922
:1083800029F620C0887E0903205454794100004416
:108390007D413048484A32384040227A007A0A0A01
:1083A000727D0D19317D2629292F28262929292674
:1083B00030484D4020380808080808080808382FB9
:1083C00010C8ACBA2F102834FA00007B0000081443
:1083D0002A142222142A1408AA005500AAAA55AA6F
:1083E00055AA000000FF00101010FF00141414FF25
:1083F000001010FF00FF1010F010F0141414FC0017
:108400001414F700FF0000FF00FF1414F404FC1420
:108410001417101F10101F101F1414141F00101019
:1084200010F0000000001F101010101F101010108E
:10843000F010000000FF101010101010101010FFAE
:1084400010000000FF140000FF00FF00001F1017C5
:108450000000FC04F414141710171414F404F400AE
:1084600000FF00F714141414141414F700F7141474
:1084700014171410101F101F141414F4141010F0FB
:1084800010F000001F101F0000001F14000000FC6F
:10849000140000F010F01010FF10FF141414FF145B
:1084A0001010101F00000000F010FFFFFFFFFFF092
:1084B000F0F0F0F0FFFFFF0000000000FFFF0F0FE3
:1084C0000F0F0F38444438447C2A2A3E147E02029F
:1084D0000606027E027E0263554941633844443CED
:1084E00004407E201E2006027E020299A5E7A5997F
:1084F0001C2A492A1C4C7201724C304A4D4D3030B6
:1085000048784830BC625A463D3E494949007E01A0
:1085100001017E2A2A2A2A2A44445F444440514ABF
:10852000444040444A51400000FF0103E080FF0006
:108530000008086B6B083612362436060F090F0642
:10854000000018180000001010003040FF0101006A
:108550001F01011E00191D1712003C3C3C3C00008D
:1085600000000000DC1B0020D01B0020C41B0020EA
:10857000B81B002000000000000000000000000008
:1085800000000000000000000000000000000000EB
:1085900000000000000000000000000000000000DB
:1085A00000000000000000000000000000000000CB
:1085B00000000000000000000000000000000000BB
:1085C00000000000000000000000000000000000AB
:1085D000000000000000000000000000000000009B
:1085E000000000000000000000000000000000008B
:1085F000000000000000000000000000000000007B
:10860000000000000000000000000000000000006A
:10861000000000000000000000000000000000005A
:10862000000000000000000000000000000000004A
:10863000000000000000000000000000000000003A
:10864000000000000000000000000000000000002A
:10865000000000000000000000000000000000001A
:10866000000000000000000000000000000000000A
:1086700000000000000000000000000000000000FA
:1086800000000000000000000000000000000000EA
:1086900000000000000000000000000000000000DA
:1086A00000000000000000000000000000000000CA
:1086B00000000000000000000000000000000000BA
:1086C00000000000000000000000000000000000AA
:1086D000000000000000000000000000000000009A
:1086E000000000000000000000000000000000008A
:1086F000000000000000000000000000000000007A
:108700000000000000000000000000000000000069
:108710000000000000000000000000000000000059
:108720000000000000000000000000000000000049
:108730000000000000000000000000000000000039
:108740000000000000000000000000000000000029
:108750000000000000000000000000000000000019
:108760000000000000000000000000000000000009
:1087700000000000000000000000000000000000F9
:108780000000000000181818181818001818000029
:1087900000000000006C6C6C000000000000000095
:1087A000000000000036367F36367F363600000087
:1087B00000000000183E603C067C1800000000002D
:1087C000000000000062660C1830664600000000E1
:1087D0000000000000386C6C38766C6C3A000000C9
:1087E0000000000000181808000000000000000051
:1087F00000000000000C1830303030180C00000071
:10880000000000000030180C0C0C0C1830000000A8
:10881000000000000000187E3C7E180000000000F0
:1088200000000000000018187E181800000000006A
:108830000000000000000000000000181808000000
:1088400000000000000000007E00000000000000AA
:1088500000000000000000000000001818000000E8
:10886000000000000002060C18306040000000000C
:1088700000000000003C666E7E76663C0000000052
:1088800000000000001838181818187E00000000BA
:1088900000000000003C66060C18307E000000005E
:1088A00000000000003C66061C06663C000000005C
:1088B00000000000000C1C3C6C7E0C0C0000000052
:1088C00000000000007E607C0606663C00000000A0
:1088D00000000000001C30607C66663C0000000068
:1088E00000000000007E060C183030300000000050
:1088F00000000000003C66663C66663C000000002C
:1089000000000000003C66663E060C3800000000D7
:1089100000000000000018180018180000000000F7
:1089200000000000000018180018180800000000DF
:1089300000000000000C18306030180C000000002F
:10894000000000000000007E007E0000000000002B
:10895000000000000030180C060C18300000000069
:1089600000000000003C66060C1800180000000023
:1089700000000000003C429AA2A29E403C00000081
:108980000000000000183C66667E6666000000007D
:1089900000000000007C66667C66667C00000000CB
:1089A00000000000003C66606060663C0000000063
:1089B0000000000000786C6666666C7800000000BD
:1089C00000000000007E60607C60607E00000000AF
:1089D00000000000007E60607C60606000000000BD
:1089E00000000000003C66606E66663C000000000F
:1089F00000000000006666667E6666660000000095
:108A000000000000003C18181818183C0000000076
:108A100000000000001E0C0C0C0C6C380000000064
:108A20000000000000666C7870786C660000000042
:108A300000000000006060606060607E0000000078
:108A4000000000000063777F6B6363630000000039
:108A5000000000000066767E7E6E66660000000004
:108A600000000000003C66666666663C0000000090
:108A700000000000007C66667C6060600000000012
:108A800000000000003C666666663C0E07000000C1
:108A900000000000007C66667C786C6600000000C8
:108AA00000000000003C66301C06663C0000000030
:108AB00000000000007E18181818181800000000A8
:108AC00000000000006666666666663C0000000006
:108AD000000000000066666666663C180000000044
:108AE00000000000006363636B7F77630000000099
:108AF000000000000066663C183C6666000000004E
:108B000000000000006666663C18181800000000AF
:108B100000000000007E060C1830607E000000009F
:108B200000000000003C30303030303C00000000DD
:108B30000000000000406030180C06020000000039
:108B40000000000000183C6600000000000000006B
:108B50000000000000000000000000007E00000097
:108B6000000000000000003C063E663E00000000E1
:108B7000000000000060607C6666667C000000000B
:108B8000000000000000003C6060603C000000004D
:108B9000000000000006063E6666663E000000001B
:108BA000000000000000003C667E603C0000000009
:108BB00000000000001C3078303030300000000031
:108BC0000000000000003E66663E063C000000001B
:108BD000000000000060607C6666666600000000C1
:108BE00000000000001800181818181800000000F5
:108BF00000000000000C000C0C0C0C380000000001
:108C000000000000006060666C786C660000000088
:108C100000000000003030303030301C0000000018
:108C200000000000000000767F6B6B6B000000000E
:108C3000000000000000007C666666660000000020
:108C4000000000000000003C6666663C000000007A
:108C50000000000000007C66667C60600000000090
:108C60000000000000003E66663E060600000000B0
:108C700000000000000000363830303000000000F6
:108C8000000000000000003E603C067C0000000088
:108C9000000000000030307C3030301C000000004C
:108CA00000000000000000666666663E00000000EE
:108CB000000000000000006666663C18000000002E
:108CC00000000000000000636B7F3E3600000000E3
:108CD00000000000000000663C183C660000000038
:108CE0000000000000000066663E063C0000000038
:108CF000000000000000007E0C18307E0000000024
:108D000000000000000E18187018180E0000000077
:108D1000000000001818181818181818180000007B
:108D200000000000007018180E18187000000000F5
:108D30000000000000314B46000000000000000071
:108D40000000000000000000000000000000000023
:108D50000000000000000000000000000000000013
:108D60000000000000000000000000000000000003
:108D700000000000000000000000000000000000F3
:108D800000000000000000000000000000000000E3
:108D900000000000000000000000000000000000D3
:108DA00000000000000000000000000000000000C3
:108DB00000000000000000000000000000000000B3
:108DC00000000000000000000000000000000000A3
:108DD0000000000000000000000000000000000093
:108DE0000000000000000000000000000000000083
:108DF0000000000000000000000000000000000073
:108E00000000000000000000000000000000000062
:108E10000000000000000000000000000000000052
:108E20000000000000000000000000000000000042
:108E30000000000000000000000000000000000032
:108E40000000000000000000000000000000000022
:108E50000000000000000000000000000000000012
:108E60000000000000000000000000000000000002
:108E700000000000000000000000000000000000F2
:108E800000000000000000000000000000000000E2
:108E900000000000000000000000000000000000D2
:108EA00000000000000000000000000000000000C2
:108EB00000000000000000000000000000000000B2
:108EC00000000000000000000000000000000000A2
:108ED0000000000000000000000000000000000092
:108EE0000000000000000000000000000000000082
:108EF0000000000000000000000000000000000072
:108F00000000000000000000000000000000000061
:108F10000000000000000000000000000000000051
:108F20000000000000000000000000000000000041
:108F30000000000000000000000000000000000031
:108F40000000000000000000000000000000000021
:108F50000000000000000000000000000000000011
:108F60000000000000000000000000000000000001
:108F700000000000000000000000000000000000F1
:108F800000000000001818181818181818001818F1
:108F900000000000006C6C6C6C0000000000000021
:108FA0000000000000003636367F36367F36363613
:108FB0000000000000183E60603C06067C180000BF
:108FC0000000000000006266660C1830666646000D
:108FD000000000000000386C6C38386E6C6C3A0091
:108FE0000000000000181818080000000000000031
:108FF00000000000000C18303030303030180C0009
:10900000000000000030180C0C0C0C0C0C18300088
:109010000000000000003C66666E7666663C00005C
:10902000000000000000183818181818187E0000FA
:109030000000000000003C66060C1830607E000056
:109040000000000000003C66061C0606663C0000AE
:109050000000000000000C1C3C6C6C7E0C0C00003E
:109060000000000000007E607C060606663C0000F2
:109070000000000000001C30607C6666663C00005A
:109080000000000000007E060C1830303030000078
:109090000000000000003C66663C6666663C00001E
:1090A0000000000000003C66663E06060C3800002A
:1090B0000000000000183C6666667E666666660014
:1090C00000000000007C6666667C666666667C0062
:1090D00000000000003C66606060606060663C000C
:1090E0000000000000786C6666666666666C780054
:1090F00000000000007E6060607C606060607E0058
:1091000000000000007E6060607C60606060600065
:1091100000000000003C666060606E6666663C00B1
:109120000000000000666666667E6666666666002B
:1091300000000000003C18181818181818183C00F7
:1091400000000000001E0C0C0C0C0C0C0C6C380009
:10915000000000000066666C787070786C666600CF
:1091600000000000006060606060606060607E0021
:1091700000000000006363777F6B636363636300D9
:1091800000000000006666767E7E6E66666666009B
:1091900000000000003C66666666666666663C0027
:1091A00000000000007C6666667C606060606000B5
:1091B00000000000003C666666666666663C0E0758
:1091C00000000000007C6666667C786C666666005F
:1091D00000000000003C6666301C0E0666663C001F
:1091E00000000000007E1818181818181818180029
:1091F00000000000006666666666666666663C009D
:109200000000000000666666666666663C18180028
:109210000000000000636363636B7F7F776363001C
:1092200000000000006666663C18183C6666660032
:109230000000000000666666663C181818181800E2
:1092400000000000007E060C1830606060607E0048
:1092500000000000000000003C063E6666663E001E
:1092600000000000006060607C66666666667C00E8
:1092700000000000000000003C66606060663C008A
:1092800000000000000606063E66666666663E0052
:1092900000000000000000003C667E6060663C004C
:1092A00000000000001C30307830303030303000AA
:1092B00000000000000000003E6666663E063C00BE
:1092C00000000000006060607C666666666666009E
:1092D00000000000001818001818181818181800B6
:1092E00000000000000C0C000C0C0C0C0C0C3800E6
:1092F0000000000000606060666C7870786C66004A
:1093000000000000003030303030303030301C0091
:109310000000000000000000767F6B6B6B6B6B0041
:1093200000000000000000007C666666666666005D
:1093300000000000000000003C66666666663C00B7
:1093400000000000000000007C6666667C60600033
:1093500000000000000000003E6666663E06060053
:10936000000000000000000036383030303030009F
:1093700000000000000000003E60301C06067C007B
:1093800000000000003030307C30303030301C00C5
:1093900000000000000000006666666666663E002B
:1093A000000000000000000066666666663C18006B
:1093B0000000000000000000636B6B7F7F3E360002
:1093C0000000000000000000663C18183C666600C3
:1093D00000000000000000006666663E06063C00D5
:1093E00000000000000000007E0C183030607E009D
:1093F000000000000000000000000000000000006D
:10940000000000000000000000000000000000005C
:10941000000000000000000000000000000000004C
:10942000000000000000000000000000000000003C
:10943000000000000000000000000000000000002C
:10944000000000000000000000000000000000001C
:10945000000000000000000000000000000000000C
:1094600000000000000000000000000000000000FC
:1094700000000000000000000000000000000000EC
:1094800000000000000000000000000000000000DC
:1094900000000000000000000000000000000000CC
:1094A00000000000000000000000000000000000BC
:1094B00000000000000000000000000000000000AC
:1094C000000000000000000000000000000000009C
:1094D000000000000000000000000000000000008C
:1094E000000000000000000000000000000000007C
:1094F000000000000000000000000000000000006C
:10950000000000000000000000000000000000005B
:10951000000000000000000000000000000000004B
:10952000000000000000000000000000000000003B
:10953000000000000000000000000000000000002B
:10954000000000000000000000000000000000001B
:10955000000000000000000000000000000000000B
:1095600000000000000000000000000000000000FB
:1095700000000000000000000000000000000000EB
:1095800000000000000000000000000000000000DB
:1095900000000000000000000000000000000000CB
:1095A00000000000000000000000000000000000BB
:1095B00000000000000000000000000000000000AB
:1095C000000000000000000000000000000000009B
:1095D000000000000000000000000000000000008B
:1095E000000000000000000000000000000000007B
:1095F000000000000000000000000000000000006B
:10960000000000000000000000000000000000005A
:10961000000000000000000000000000000000004A
:10962000000000000000000000000000000000003A
:10963000000000000000000000000000000000002A
:10964000000000000000000000000000000000001A
:10965000000000000000000000000000000000000A
:1096600000000000000000000000000000000000FA
:1096700000000000000000000000000000000000EA
:1096800000000000000000000000000000000000DA
:1096900000000000000000000000000000000000CA
:1096A00000000000000000000000000000000000BA
:1096B00000000000000000000000000000000000AA
:1096C000000000000000000000000000000000009A
:1096D000000000000000000000000000000000008A
:1096E000000000000000000000000000000000007A
:1096F000000000000000000000000000000000006A
:109700000000000000000000000000000000000059
:109710000000000000000000000000000000000049
:109720000000000000000000000000000000000039
:109730000000000000000000000000000000000029
:109740000000000000000000000000000000000019
:109750000000000000000000000000000000000009
:1097600000000000000000000000000000000000F9
:1097700000000000000000000000000000000000E9
:1097800000000000000000000000000000000000D9
:1097900000000000000000000000000000000000C9
:1097A00000000000000000000000000000000000B9
:1097B00000000000000000000000000000000000A9
:1097C0000000000000000000000000000000000099
:1097D0000000000000000000000000000000000089
:1097E0000000000000000000000000000000000079
:1097F0000000000000000000000000000000000069
:109800000000000000000000000000000000000058
:109810000000000000000000000000000000000048
:109820000000000000000000000000000000000038
:109830000000000000000000000000000000000028
:109840000000000000000000000000000000000018
:109850000000000000000000000000000000000008
:1098600000000000000000000000000000000000F8
:1098700000000000000000000000000000000000E8
:1098800000000000000000000000000000000000D8
:1098900000000000000000000000000000000000C8
:1098A00000000000000000000000000000000000B8
:1098B00000000000000000000000000000000000A8
:1098C0000000000000000000000000000000000098
:1098D0000000000000000000000000000000000088
:1098E0000000000000000000000000000000000078
:1098F0000000000000000000000000000000000068
:109900000000000000000000000000000000000057
:109910000000000000000000000000000000000047
:109920000000000000000000000000000000000037
:109930000000000000000000000000000000000027
:109940000000000000000000000000000000000017
:109950000000000000000000000000000000000007
:1099600000000000000000000000000000000000F7
:10997000000000000000001818181818181818180F
:10998000001818000000000000003636367F36361A
:10999000367F3636360000000000003C6666666E94
:1099A0007666666666663C0000000000001838783F
:1099B00018181818181818187E0000000000003C2D
:1099C0006666060C1830606060667E00000000006D
:1099D000003C666606061C06060666663C0000003D
:1099E0000000000C1C3C6C6C6C6C7E0C0C0C0C00B5
:1099F00000000000007E60607C0606060606066623
:109A00003C0000000000001C3060607C66666666FA
:109A100066663C0000000000007E06060C18303030
:109A200030303030300000000000003C6666663C9C
:109A30006666666666663C0000000000003C66667E
:109A400066663E060606060C380000000000001898
:109A50003C666666667E6666666666660000000050
:109A6000007C666666667C66666666667C000000EC
:109A70000000003C666060606060606060663C00A2
:109A80000000000000786C66666666666666666C56
:109A9000780000000000007E606060607C606060B4
:109AA00060607E0000000000007E606060607C609E
:109AB00060606060600000000000003C6660606004
:109AC0006E66666666663C000000000000666666BC
:109AD00066667E6666666666660000000000003C9C
:109AE000181818181818181818183C00000000004A
:109AF000001E0C0C0C0C0C0C0C0C0C6C3800000038
:109B00000000006666666C787070786C6666660049
:109B10000000000000606060606060606060606025
:109B20007E000000000000636363777F6B63636304
:109B3000636363000000000000666666767E7E6EEA
:109B400066666666660000000000003C6666666643
:109B50006666666666663C0000000000007C66661D
:109B600066667C6060606060600000000000003C31
:109B700066666666666666663C0E07000000000064
:109B8000007C666666667C786C66666666000000C9
:109B90000000003C666666301C0E070366663C00EB
:109BA00000000000007E1818181818181818181847
:109BB00018000000000000666666666666666666F7
:109BC00066663C00000000000066666666666666C3
:109BD000663C1818180000000000006363636363AC
:109BE0006B7F7F7F7763630000000000006666661E
:109BF000663C18183C666666660000000000006659
:109C0000666666663C1818181818180000000000F0
:109C1000007E06060C183060606060607E00000008
:109C20000000000000000000000000000000000034
:109C30000000000000000000000000000000000024
:109C40000000000000000000000000000000000014
:109C50000000000000000000000000000000000004
:109C600000000000000000000000000000000000F4
:109C700000000000000000000000000000000000E4
:109C800000000000000000000000000000000000D4
:109C900000000000000000000000000000000000C4
:109CA00000000000000000000000000000000000B4
:109CB00000000000000000000000000000000000A4
:109CC0000000000000000000000000000000000094
:109CD0000000000000000000000000000000000084
:109CE0000000000000000000000000000000000074
:109CF0000000000000000000000000000000000064
:109D00000000000000000000000000000000000053
:109D10000000000000000000000000000000000043
:109D20000000000000000000000000000000000033
:109D30000000000000000000000000000000000023
:109D40000000000000000000000000000000000013
:109D50000000000000000000000000000000000003
:109D600000000000000000000000000000000000F3
:109D700000000000000000000000000000000000E3
:109D800000000000000000000000000000000000D3
:109D900000000000000000000000000000000000C3
:109DA00000000000000000000000000000000000B3
:109DB00000000000000000000000000000000000A3
:109DC0000000000000000000000000000000000093
:109DD0000000000000000000000000000000000083
:109DE0000000000000000000000000000000000073
:109DF0000000000000000000000000000000000063
:109E00000000000000000000000000000000000052
:109E10000000000000000000000000000000000042
:109E20000000000000000000000000000000000032
:109E30000000000000000000000000000000000022
:109E40000000000000000000000000000000000012
:109E50000000000000000000000000000000000002
:109E600000000000000000000000000000000000F2
:109E700000000000000000000000000000000000E2
:109E800000000000000000000000000000000000D2
:109E900000000000000000000000000000000000C2
:109EA00000000000000000000000000000000000B2
:109EB00000000000000000000000000000000000A2
:109EC0000000000000000000000000000000000092
:109ED0000000000000000000000000000000000082
:109EE0000000000000000000000000000000000072
:109EF0000000000000000000000000000000000062
:109F00000000000000000000000000000000000051
:109F10000000000000000000000000000000000041
:109F20000000000000000000000000000000000031
:109F30000000000000000000000000000000000021
:109F40000000000000000000000000000000000011
:109F50000000000000000000000000000000000001
:109F600000000000000000000000000000000000F1
:109F700000000000000000000000000000000000E1
:109F800000000000000000000000000000000000D1
:109F900000000000000000000000000000000000C1
:109FA00000000000000000000000000000000000B1
:109FB00000000000000000000000000000000000A1
:109FC0000000000000000000000000000000000091
:109FD0000000000000000000000000000000000081
:109FE0000000000000000000000000000000000071
:109FF0000000000000000000000000000000000061
:10A000000000000000000000000000000000000050
:10A010000000000000000000000000000000000040
:10A020000000000000000000000000000000000030
:10A030000000000000000000000000000000000020
:10A040000000000000000000000000000000000010
:10A050000000000000000000000000000000000000
:10A0600000000000000000000000000000000000F0
:10A0700000000000000000000000000000000000E0
:10A0800000000000000000000000000000000000D0
:10A0900000000000000000000000000000000000C0
:10A0A00000000000000000000000000000000000B0
:10A0B00000000000000000000000000000000000A0
:10A0C0000000000000000000000000000000000090
:10A0D0000000000000000000000000000000000080
:10A0E0000000000000000000000000000000000070
:10A0F0000000000000000000000000000000000060
:10A10000000000000000000000000000000000004F
:10A11000000000000000000000000000000000003F
:10A12000000000000000000000000000000000002F
:10A13000000000000000000000000000000000001F
:10A14000000000000000000000000000000000000F
:10A1500000000000000000000000000000000000FF
:10A1600000000000000000000000000000000000EF
:10A1700000000000000000000000000000000000DF
:10A1800000000000000000000000000000000000CF
:10A1900000000000000000000000000000000000BF
:10A1A00000000000000000000000000000000000AF
:10A1B000000000000000000000000000000000009F
:10A1C000000000000000000000000000000000008F
:10A1D000000000000000000000000000000000007F
:10A1E000000000000000000000000000000000006F
:10A1F000000000000000000000000000000000005F
:10A20000000000000000000000000000000000004E
:10A21000000000000000000000000000000000003E
:10A22000000000000000000000000000000000002E
:10A23000000000000000000000000000000000001E
:10A24000000000000000000000000000000000000E
:10A2500000000000000000000000000000000000FE
:10A2600000000000000000000000000000000000EE
:10A2700000000000000000000000000000000000DE
:10A2800000000000000000000000000000000000CE
:10A2900000000000000000000000000000000000BE
:10A2A00000000000000000000000000000000000AE
:10A2B000000000000000000000000000000000009E
:10A2C000000000000000000000000000000000008E
:10A2D000000000000000000000000000000000007E
:10A2E000000000000000000000000000000000006E
:10A2F000000000000000000000000000000000005E
:10A30000000000000000000000000000000000004D
:10A31000000000000000000000000000000000003D
:10A32000000000000000000000000000000000002D
:10A33000000000000000000000000000000000001D
:10A34000000000000000000000000000000000000D
:10A3500000000000000000000000000000000000FD
:10A3600000000000000000000000000000000000ED
:10A3700000000000000000000000000000000000DD
:10A3800000000000000000000000000000000000CD
:10A3900000000000000000000000000000000000BD
:10A3A00000000000000000000000000000000000AD
:10A3B000000000000000000000000000000000009D
:10A3C000000000000000000000000000000000008D
:10A3D000000000000000000000000000000000007D
:10A3E000000000000000000000000000000000006D
:10A3F000000000000000000000000000000000005D
:10A40000000000000000000000000000000000004C
:10A41000000000000000000000000000000000003C
:10A42000000000000000000000000000000000002C
:10A43000000000000000000000000000000000001C
:10A44000000000000000000000000000000000000C
:10A4500000000000000000000000000000000000FC
:10A4600000000000000000000000000000000000EC
:10A4700000000000000000000000000000000000DC
:10A4800000000000000000000000000000000000CC
:10A4900000000000000000000000000000000000BC
:10A4A00000000000000000000000000000000000AC
:10A4B000000000000000000000000000000000009C
:10A4C000000000000000000000000000000000008C
:10A4D000000000000000000000000000000000007C
:10A4E000000000000000000000000000000000006C
:10A4F000000000000000000000000000000000005C
:10A50000000000000000000000000000000000004B
:10A51000000000000000000000000000000000003B
:10A52000000000000000000000000000000000002B
:10A53000000000000000000000000000000000001B
:10A54000000000000000000000000000000000000B
:10A5500000000000000000000000000000000000FB
:10A5600000000000000000000000000000000000EB
:10A570000000000006005250D3F07542047E001027
:10A5800006005250E182887F0C7E00100600525077
:10A590003ABCA9111C7E001006005250ABB36053A8
:10A5A000207E001006005250BBFF3CB6287E0010F3
:10A5B00006005250861C0302307E001006005250E6
:10A5C0005422A29D3C7E001005005250DE65F468C6
:10A5D000B0C800100D0A000000000000D1450010B6
:10A5E00000000000D5450010E14500100D460010A8
:10A5F00009460010000000000A00000000000306E9
:10A60000A6000800020002009C0014000300574945
:10A610004E55534200000000000000000000800082
:10A620000400010028004400650076006900630012
:10A63000650049006E0074006500720066006100EC
:10A6400063006500470055004900440000004E00CB
:10A650007B0062006300370033003900380063007C
:10A6600031002D0037003300630064002D003400FA
:10A670006300620037002D003900380062003800A6
:10A680002D0039003100330061003800660063009E
:10A69000610037006200660036007D0000000000A7
:10A6A000050F2100011C100500DF60DDD88945C7BA
:10A6B0004C9CD2659D9E648A9F00000306A6000103
:10A6C000000000000600525053B4F4A1487E001070
:10A6D000000000005C7E00106C7E0010B82F00208F
:10A6E000747E0010807E0010090254000301008077
:10A6F0007D080B00020202000009040000010202B2
:10A7000000040524002001052401000104240206A0
:10A710000524060001070581030800100904010053
:10A72000020A00000007050202400000070582023D
:10A730004000000904020000FF00010512011002A0
:10A74000EF0201408A2E090000010102030100000E
:10A7500000000000095F0010795F0010A95F001081
:10A76000F55F0010B560001075610010000000007A
:10A77000000000006D620010C9620010E562001068
:10A780000963001065460010FD6300100000000022
:08A79000E0CFFF7F0100000093
:10A7980074A5001080A500108CA5001098A50010C5
:10A7A800A4A50010B0A50010BCA50010C8A50010F5
:04A7B800C4A6001023
:10A7BC0001222DE9F041436801F10804A240134243
:10A7CC0084B002D004B0BDE8F08144681440FCD1E0
:10A7DC0000EB810501EB410100EBC1004FF00041A2
:10A7EC002E6A00F58650C6F305221030C6F3813769
:10A7FC000160F6B201601E2A20D8DFE812F02800B2
:10A80C001F001F00EB00E300DB00D3001F001F0044
:10A81C001F001F001F001F001F00D000C800C10038
:10A82C00B900B200AF00A1001F009A0093008C0089
:10A83C00850082007F001F001F003A00FF24012FBB
:10A84C0016BFA5232C612B6104B0BDE8F081DFF8A5
:10A85C00E8820020D8F800309B699847D8F800307F
:10A86C0030469B6B9847D8F8003001209B6998477D
:10A87C00E5E7A6F1A1031E2BE1D801A252F823F0C3
:10A88C007B0500209F01002065050020510500205C
:10A89C009F0100209F0100209F0100209F010020AC
:10A8AC009F0100209F0100209F0100209F0100209C
:10A8BC009F0100209F0100209F0100209F0100208C
:10A8CC009F0100209F0100209F0100209F0100207C
:10A8DC00D9040020B50400205504002029040020D0
:10A8EC00FD030020E1030020BD030020A103002094
:10A8FC00850300206903002045030020884B1E803F
:10A90C009DE7884B1E809AE7874A138803F47F43A0
:10A91C003343138093E7844A1388DBB243EA06235C
:10A92C0013808CE7814A138803F47F4333431380ED
:10A93C0085E77E4A1388DBB243EA062313807EE761
:10A94C007B4A06F00F0111707A4933090B707A4B70
:10A95C0008781B681178DB68984770E7774B1E8086
:10A96C006DE7774A138803F47F433343138066E71C
:10A97C006E4B734A1B88DBB243EA062313805EE7F7
:10A98C00704A138803F47F433343138057E7674BB4
:10A99C006C4A1B88DBB243EA062313804FE76A4BF1
:10A9AC001E704CE7604B694A1B8803F47F433343AA
:10A9BC00138044E75C4B654A1B88DBB243EA0623F1
:10A9CC0013803CE7594B624A1B8803F47F433343A3
:10A9DC00138034E7554B5E4A1B88DBB243EA0623EF
:10A9EC0013802CE7514A504B10881988584B564EFF
:10A9FC001A88564B00B21B88367809B212B21BB2B9
:10AA0C00009601F0D9FB1AE7484A474B1088198881
:10AA1C004B4B00B21A884C4B09B21B7812B201F0A6
:10AA2C00DFFB0CE7414A404B10881988454B80B23C
:10AA3C001A88454B89B21B7892B201F0F9FBFEE6FD
:10AA4C003A4A394B108819883C4B00B21A883E4B55
:10AA5C0009B21B7812B201F0E7FBF0E6334A324B35
:10AA6C0010881988354B384E1A882E4B00B21B882B
:10AA7C00367809B212B2DBB2009601F0DDFBDEE6ED
:10AA8C002A4A294B108819882C4B00B21A882E4B55
:10AA9C0009B21B7812B201F0C3FBD0E6234A224B59
:10AAAC0010881988254B1E4E1A881E4B00B21B8825
:10AABC00368809B236B20096234E12B23678DBB223
:10AACC00019601F085FBBAE6184A174B10881988D5
:10AADC001C4B1A4E1A881A4B00B21B88368809B2C6
:10AAEC0036B20096184E12B236781BB2019601F0AF
:10AAFC0093FBA4E60D4A0C4B10881988114B0F4E92
:10AB0C001A880F4B00B21B88368809B236B20096F1
:10AB1C000D4E12B236781BB2019601F06DFB8EE62B
:10AB2C00EC870220DE870220E6870220E0870220E5
:10AB3C00F7870220FD870220CC2F0020F28702200D
:10AB4C00EE870220F0870220FC870220E887022093
:10AB5C00E2870220364A374B10881988364B374E1D
:10AB6C001A88374B00B21B88367809B212B21BB266
:10AB7C00009601F049FB62E62D4A2E4B108819888D
:10AB8C0080B289B207EE901AF8EE677A17EE901A37
:10AB9C0007EE900AF8EE677A2A4B17EE900A1A889D
:10ABAC00294B92B207EE902AF8EE677A1B8817EEC3
:10ABBC00902A9BB207EE903AF8EE677A234E17EE86
:10ABCC00903A3688B6B207EE906A214EB8EE677AA4
:10ABDC003688B6B207EE906AF8EE677A174E36787A
:10ABEC008DED007ACDED017A029601F0E9FA26E6B8
:10ABFC00184B1B68DB6B984700230E490C4A0B80E3
:10AC0C0013801CE60A4A0B4B10881988114B80B232
:10AC1C001B6889B21B69984711E600230D4A054849
:10AC2C00034912680380526A0B80904707E600BF05
:10AC3C00E0870220E6870220F0870220FC870220B2
:10AC4C00EE870220E2870220E8870220E4870220B8
:10AC5C00EA870220CC2F002000000000000000003A
:10AC6C000000000000000000FFFF000000000000DA
:10AC7C00000000000000000000000000000000FFC9
:10AC8C00FF00000000000000C0C0C0C0C0C0C0C0B9
:10AC9C00C0C0C0C0C0C0C0C01818181818181818E8
:10ACAC001818181818181818C0C0C0C0C0C0C0C0D8
:10ACBC000000000000000000000000000000000088
:10ACCC00C0C0C0C0C0C0C0C000000000000000F880
:10ACDC00F818181818181818000000000000001FA9
:10ACEC001F18181818181818181818181818181FCA
:10ACFC001F0000000000000018181818181818F889
:10AD0C00F80000000000000018181818181818FF98
:10AD1C00FF1818181818181818181818181818FFD9
:10AD2C00FF0000000000000000000000000000FF19
:10AD3C00FF1818181818181818181818181818F8C0
:10AD4C00F818181818181818181818181818181F90
:10AD5C001F181818181818180080C0E0F0F8FEF822
:10AD6C00F0E0C080000000000002060E1E3EFE3E19
:10AD7C001E0E0602000000000000183C7E18181879
:10AD8C007E3C180000000000000066666666666681
:10AD9C00660066660000000000007FDBDBDB7B1BCF
:10ADAC001B1B1B1B00000000007CC660386CC6C659
:10ADBC006C380CC67C000000000000000000000095
:10ADCC00FEFEFEFE000000000000183C7E18181865
:10ADDC007E3C1800000000000000183C7E1818187B
:10ADEC001818181800000000000018181818181867
:10ADFC00187E3C18000000000000000000180CFE3B
:10AE0C00FE0C18000000000000000000003060FE86
:10AE1C007E30180000000000000000000000C0C0E0
:10AE2C00C0FE00000000000000000000002466FFCF
:10AE3C006624000000000000000000001038387C80
:10AE4C007CFEFE000000000000000000FEFE7C7C8A
:10AE5C003838100000000000000000000000000066
:10AE6C0000000000000000000000183C3C3C1818DA
:10AE7C001800181800000000006666662400000028
:10AE8C0000000000000000000000006C6CFE6C6C08
:10AE9C006CFE6C6C0000000018187CC6C2C07C06EE
:10AEAC000686C67C1818000000000000C2C60C18EC
:10AEBC003060C686000000000000386C6C3876DC10
:10AECC00CCCCCC76000000000030303060000000AC
:10AEDC00000000000000000000000C183030303082
:10AEEC003030180C00000000000030180C0C0C0C5A
:10AEFC000C0C1830000000000000000000663CFF45
:10AF0C003C66000000000000000000000018187EE5
:10AF1C0018180000000000000000000000000000F5
:10AF2C000018181830000000000000000000007E1F
:10AF3C000000000000000000000000000000000005
:10AF4C0000001818000000000000000002060C1899
:10AF5C003060C0800000000000007CC6C6CEDEF66B
:10AF6C00E6C6C67C000000000000183878181818D7
:10AF7C001818187E0000000000007CC6060C183063
:10AF8C0060C0C6FE0000000000007CC606063C0641
:10AF9C000606C67C0000000000000C1C3C6CCCFEBD
:10AFAC000C0C0C1E000000000000FEC0C0C0FC0613
:10AFBC000606C67C0000000000003860C0C0FCC65D
:10AFCC00C6C6C67C000000000000FEC606060C18B3
:10AFDC00303030300000000000007CC6C6C67CC695
:10AFEC00C6C6C67C0000000000007CC6C6C67E0635
:10AFFC0006060C7800000000000000001818000085
:10B00C0000181800000000000000000018180000D4
:10B01C000018183000000000000000060C1830600A
:10B02C0030180C060000000000000000007E00003C
:10B03C007E000000000000000000006030180C06CC
:10B04C000C1830600000000000007CC6C60C1818FC
:10B05C00180018180000000000007CC6C6C6DEDE12
:10B06C00DEDCC07C00000000000010386CC6C6FEA0
:10B07C00C6C6C6C6000000000000FC6666667C669C
:10B08C00666666FC0000000000003C66C2C0C0C0E2
:10B09C00C0C2663C000000000000F86C6666666684
:10B0AC0066666CF8000000000000FE666268786856
:10B0BC00606266FE000000000000FE666268786850
:10B0CC00606060F00000000000003C66C2C0C0DEA2
:10B0DC00C6C6663A000000000000C6C6C6C6FEC65C
:10B0EC00C6C6C6C60000000000003C181818181888
:10B0FC001818183C0000000000001E0C0C0C0C0C66
:10B10C00CCCCCC78000000000000E666666C787849
:10B11C006C6666E6000000000000F0606060606035
:10B12C00606266FE000000000000C3E7FFFFDBC3A7
:10B13C00C3C3C3C3000000000000C6E6F6FEDECEAB
:10B14C00C6C6C6C60000000000007CC6C6C6C6C681
:10B15C00C6C6C67C000000000000FC6666667C600B
:10B16C00606060F00000000000007CC6C6C6C6C669
:10B17C00C6D6DE7C0C0E00000000FC6666667C6C9D
:10B18C00666666E60000000000007CC6C660380CEF
:10B19C0006C6C67C000000000000FFDB99181818DA
:10B1AC001818183C000000000000C6C6C6C6C6C66B
:10B1BC00C6C6C67C000000000000C3C3C3C3C3C323
:10B1CC00C3663C18000000000000C3C3C3C3C3DB4C
:10B1DC00DBFF6666000000000000C3C3663C181865
:10B1EC003C66C3C3000000000000C3C3C3663C1828
:10B1FC001818183C000000000000FFC3860C183023
:10B20C0060C1C3FF0000000000003C303030303023
:10B21C003030303C0000000000000080C0E070388E
:10B22C001C0E06020000000000003C0C0C0C0C0C68
:10B23C000C0C0C3C0000000010386CC60000000028
:10B24C0000000000000000000000000000000000F2
:10B25C000000000000FF000030301800000000006B
:10B26C0000000000000000000000000000780C7CD2
:10B27C00CCCCCC76000000000000E06060786C66FE
:10B28C006666667C0000000000000000007CC6C002
:10B29C00C0C0C67C0000000000001C0C0C3C6CCC38
:10B2AC00CCCCCC760000000000000000007CC6FE78
:10B2BC00C0C0C67C000000000000386C6460F06008
:10B2CC00606060F000000000000000000076CCCC54
:10B2DC00CCCCCC7C0CCC78000000E060606C76664A
:10B2EC00666666E6000000000000181800381818A2
:10B2FC001818183C0000000000000606000E060698
:10B30C000606060666663C000000E06060666C7827
:10B31C00786C66E600000000000038181818181841
:10B32C001818183C000000000000000000E6FFDBCD
:10B33C00DBDBDBDB000000000000000000DC6666ED
:10B34C00666666660000000000000000007CC6C651
:10B35C00C6C6C67C000000000000000000DC66666B
:10B36C006666667C6060F000000000000076CCCC65
:10B37C00CCCCCC7C0C0C1E000000000000DC7666F3
:10B38C00606060F00000000000000000007CC660FF
:10B39C00380CC67C000000000000103030FC30304F
:10B3AC003030361C000000000000000000CCCCCC7B
:10B3BC00CCCCCC76000000000000000000C3C3C35E
:10B3CC00C3663C18000000000000000000C3C3C3AB
:10B3DC00DBDBFF66000000000000000000C3663CE1
:10B3EC00183C66C3000000000000000000C6C6C682
:10B3FC00C6C6C67E060CF8000000000000FECC1885
:10B40C003060C6FE0000000000000E1818187018FE
:10B41C001818180E0000000000001818181818183A
:10B42C0018181818000000000000701818180E18D2
:10B43C001818187000000000000076DC00000000F6
:10B44C0000000000000000000000000010386CC676
:10B45C00C6C6FE000000000000C0C0C0C0C0C0C016
:10B46C00C0C0C0C0C0C00000000000000000000050
:10B47C0000000000FFFF00004FF0504310B50268C1
:10B48C0093F90040EFF3108372B6D2E8CFCF0121CD
:10B49C00BCF1000FF9D1C2E84C1FBCF1000FF4D184
:10B4AC00BFF35F8F90F90420002A1CDB0021026897
:10B4BC00C2E88F1F83F3108820BF0268EFF310835C
:10B4CC0072B6D2E8CFEF5FF0010CBEF1000FF8D1ED
:10B4DC00C2E84ECFBEF1000FF3D1BFF35F8F90F9EE
:10B4EC000420002AE3DA002201680471C1E88F2FDE
:10B4FC0083F3108810BD00BF034600B50268EFF35C
:10B50C00108C72B6D2E8CFEF0120BEF1000FF9D14A
:10B51C00C2E84E0FBEF1000FF4D1BFF35F8F93F969
:10B52C000420002A0ADB01B10A60002000221B68FB
:10B53C00C3E88F2F8CF310885DF804FB4FF050425A
:10B54C00126801201A71F1E74FF050412DE9F041DA
:10B55C000027044616461D46D1F8008008E0C1E8D5
:10B56C008F7F8CF310883046294600F041FEE8B9F5
:10B57C002168EFF3108C72B6D1E8CF2F0123002A8B
:10B58C00FAD1C1E8423F002AF6D1BFF35F8F94F99C
:10B59C0004302168002BE2DA002384F80480C1E82F
:10B5AC008F3F8CF310880120BDE8F0810020BDE8AE
:10B5BC00F08100BF30B50468EFF3108C72B6D4E89C
:10B5CC00CFEF0125BEF1000FF9D1C4E84E5FBEF1FB
:10B5DC00000FF4D1BFF35F8F90F904400568002C85
:10B5EC0010DB0021C5E88F1F8CF310884FF05045FD
:10B5FC0095F90050A54201D1084630BDBDE8304058
:10B60C00FFF7A2BF4FF05042126800230271C5E849
:10B61C008F3F8CF31088012030BD00BF70B50546FC
:10B62C000C4600F0EDFD02460B464FF47A704FF0DD
:10B63C00FF3E6FF0004CE4FB002396457CEB0301CE
:10B64C0038BF72462846BDE8704038BF6346FFF7E6
:10B65C007BBF00BF0368EFF3108272B6D3E8CFCF85
:10B66C000121BCF1000FF9D1C3E84C1FBCF1000F54
:10B67C00F4D1BFF35F8F4FF0FF0C0023016880F80B
:10B68C0004C0C1E88F3F82F3108840BF704700BFF1
:10B69C00002108B5134B4FF4707299601248D960B1
:10B6AC00196159619961D961196259629962D962BA
:10B6BC00196359639963D963196459649964D9649A
:10B6CC00196559659965D965196659669966D9667A
:10B6DC00196759679967D96700F07EFD034B044AD7
:10B6EC001A6008BD00001050882B0020542F002039
:10B6FC00800110502DE9F04F1F4B85B0D3F858A0A6
:10B70C00BAF1000F22D0002401254FF4E069DFF8D4
:10B71C0070801A4F01E0202C18D00AEA0502611C37
:10B72C002346AB46CCB26D00002AF4D004F00102E3
:10B73C0003F0FE06164407EB46163046C8F858B020
:10B74C0000F00AFC28B93AEA0B0AE4D105B0BDE8CE
:10B75C00F08F00238DF80930B37801A88DF80830EC
:10B76C00F38A0121ADF80490039300F013FC3046EA
:10B77C0000F098FBE7E700BF00001150482B0020B9
:10B78C0000301150F0B5BB4B85B0D3F8985015F480
:10B79C00003674D0B84BB94C996A94F83B30B84A1F
:10B7AC00022B116000F0D480002694F87B30022B21
:10B7BC0000F03B8194F8BB30022B00F07D8194F8B3
:10B7CC00FB30022B00F06C8194F83B31022B00F023
:10B7DC00448194F87B31022B00F0338194F8BB3117
:10B7EC00022B00F0B68194F8FB31022B00F0A681FD
:10B7FC0094F83B32022B00F0968194F87B32022BAA
:10B80C0000F0868194F8BB32022B00F0768194F81C
:10B81C00FB32022B00F0668194F83B33022B00F0D4
:10B82C00568194F87B33022B00F0A48094F8BB3340
:10B83C00022B00F0998194F8FB33022B00F0B480BA
:10B84C003EB9904B1B7823B94FF400328E4BC3F8A2
:10B85C0090204FF44072874B01219B6C01A8C3F3DD
:10B86C000A03ADF80420029300F094FBEA064FF4AF
:10B87C000036864C07D5FFF73DFF264603E0EA0667
:10B88C004FF01004F7D4EB0322D57C4C46F48036F1
:10B89C00A37E002B40F09980012394F83A20E370AA
:10B8AC00002A40F0AD8001234FF4C061784A84F83F
:10B8BC002330ADF8041092E8030004AA02E9030057
:10B8CC00194601A800F066FB4FF400326E4B1A6566
:10B8DC00E90408D46A041DD42B042AD4AE4240F0E7
:10B8EC00C58105B0F0BD0024624B46F480561C6047
:10B8FC00FFF7CEFE4FF48073012101A8ADF80430A0
:10B90C008DF8084000F046FB4FF400225E4B1A65A0
:10B91C006A04E1D54FF48063012101A8ADF804302D
:10B92C0000F038FB1022584B46F480461A652B0465
:10B93C00D4D54FF4A063012101A8ADF8043000F078
:10B94C0029FB4FF40062504B46F400461A65C5E7DC
:10B95C0094F83A60002E3FF428AF94F83C30002B5A
:10B96C003FF423AF002304F1200084F83C3000F0B6
:10B97C00C1FA1AE794F87A73002F3FF457AF94F892
:10B98C007C33002B40F0648194F8BB33022B40F0E5
:10B99C00F48094F8BA33002B40F0EB8094F8FB332E
:10B9AC00022B7FF456AF3E4694F8FA33002B3FF44B
:10B9BC0047AF94F8FC33002B3FF44BAF00233548D2
:10B9CC0084F8FC3300F096FA43E70221324B294A03
:10B9DC001966536E9F07FCD54FF44052002127483F
:10B9EC0000F066FA254800F05DFA0222264B5A66F2
:10B9FC001A66012394F83A20E370002A3FF453AFFF
:10BA0C00254A1366A2F50052536ED807FCD54FF4A5
:10BA1C0040520021214800F04BFA204800F042FA35
:10BA2C000122194B5A661A663DE794F87A70002F7A
:10BA3C003FF4C0AE94F87C30002B40F001813E46C0
:10BA4C00B8E694F87A71002F3FF4C8AE94F87C31C4
:10BA5C00002B40F0ED803E46C0E694F83A71002F82
:10BA6C003FF4B7AE94F83C31002B40F0D9803E4601
:10BA7C00AFE600BF0000115000000B40482B002027
:10BA8C00302B0020F58702200030115010000200EE
:10BA9C0000001050282F002000201150682B00208F
:10BAAC0094F8FA70002F3FF48FAE94F8FC30002B12
:10BABC0040F08E803E4687E694F8BA70002F3FF433
:10BACC007EAE94F8BC30002B7AD13E4677E694F8E3
:10BADC003A73002F3FF4A5AE94F83C33002B57D1AA
:10BAEC003E469EE694F8FA72002F3FF495AE94F819
:10BAFC00FC32002B5CD13E468EE694F8BA72002FD5
:10BB0C003FF485AE94F8BC32002B49D13E467EE61C
:10BB1C0094F87A72002F3FF475AE94F87C32002BB7
:10BB2C0076D13E466EE694F83A72002F3FF465AE3D
:10BB3C0094F83C32002B63D13E465EE694F8FA71E1
:10BB4C00002F3FF455AE94F8FC31002B50D13E46FB
:10BB5C004EE694F8BA71002F3FF445AE94F8BC3120
:10BB6C00002B3DD13E463EE694F8BA33002B3FF411
:10BB7C0062AE94F8BC33002B71D194F8FB33022BDA
:10BB8C007FF467AE94F8FA33002B3FF462AE10E703
:10BB9C000023394884F83C333E4600F0ABF940E6CC
:10BBAC000023364884F8BC323E4600F0A3F92EE65A
:10BBBC000023334884F8FC323E4600F09BF92BE618
:10BBCC000023304884F8BC303E4600F093F9F6E58B
:10BBDC0000232D4884F8FC303E4600F08BF9F3E549
:10BBEC0000232A4884F8BC313E4600F083F9FAE57C
:10BBFC000023274884F8FC313E4600F07BF9F7E53A
:10BC0C000023244884F83C323E4600F073F9F4E5F6
:10BC1C000023214884F87C323E4600F06BF9F1E5B4
:10BC2C0000231E4884F83C313E4600F063F9D0E511
:10BC3C0000231B4884F87C313E4600F05BF9CDE5CF
:10BC4C000023184884F87C303E4600F053F9B1E5E7
:10BC5C000023154884F87C3300F04CF994E600235B
:10BC6C00124884F8BC3300F045F986E7104886EAA0
:10BC7C00050100F0A9FA00BF682E0020E82D002075
:10BC8C00282E0020E82B0020282C0020E82C002057
:10BC9C00282D0020682D0020A82D0020682C0020C5
:10BCAC00A82C0020A82B0020A82E0020E82E002075
:10BCBC00887E00102DE9F047848A058BC278A54256
:10BCCC0028BF2546171E18BF0127641B467882F033
:10BCDC000102A4B20346C270848245F4806040EA3B
:10BCEC004730A6BBD3E903266F1E02EB811E55B36A
:10BCFC00052F98BF721C31D902EB811C721CACEB66
:10BD0C000204022C2AD932464FEA95094FEA890AD5
:10BD1C0006EB890852F8044B42454CF8044BF9D118
:10BD2C005545A7EB0A070EEB0A040AD016F8296052
:10BD3C000EF829602FB15678012F667001D09278D9
:10BD4C00A2701E699C8A2E441E6140F400400CB9FE
:10BD5C0040F4804001B10004BDE8F0870EF1FF3ED5
:10BD6C002E4400E0013212F8014CB2420EF8014FA1
:10BD7C00F8D1E6E783680246186801B1000C5378E5
:10BD8C00C0F30900002B3CD02DE9F041D2E903347B
:10BD9C00461E03EB811E40B3052E3BD989014D1C79
:10BDAC001D44651B022D35D97346214600F47F775F
:10BDBC004FEA9008FD1853F804CBAB4241F804CB82
:10BDCC00F9D1B842A6EB070604EB07030EEB07010B
:10BDDC000AD01EF8285004F828502EB14C78012EA9
:10BDEC005C7001D0897899701469D38A0444034437
:10BDFC00D382138B1461834284BF00239382BDE8EA
:10BE0C00F081D38A0344D382138B834284BF0023F3
:10BE1C0093827047013C0EEB00011EF8013B71450B
:10BE2C0004F8013FF9D1DFE710B50446836800211F
:10BE3C001B68FFF79FFF63681B685B0002D5238BB1
:10BE4C00834200D010BD2046BDE810400121FFF711
:10BE5C0091BF00BF084B1B6C13F0020302D1827818
:10BE6C00D20901D100207047C07EA0F10200B0FAC7
:10BE7C0080F04009704700BF0000115008B5FFF773
:10BE8C00E9FF50B1054A064B906A1B68A0F5487053
:10BE9C00C01AC6288CBF0020012008BD00000B4032
:10BEAC00302B00200023C0E904338376704700BF99
:10BEBC0010B5836809B11C68214082B11143520549
:10BECC000DD51A6854050CD4084A21F480641C6002
:10BEDC00126C920703D40C23033BFDD283681960C8
:10BEEC0010BD8178024800F06FF900BF00001150BE
:10BEFC009C7E001030B54368002183B004461D6859
:10BF0C00FFF7D8FE134B40F48052196CA3788907C5
:10BF1C000ED55B060ED025F0A04545F0005500214E
:10BF2C00204663681D6003B0BDE83040FFF7C0BF1A
:10BF3C00DB09F0D0A38A002BEDD001212046019221
:10BF4C00FFF7B8FE019A25F00055024345F0A045D5
:10BF5C00E5E700BF0000115038B5857E044695B169
:10BF6C00FFF762FFA38A0BB9284638BD2046FFF7BE
:10BF7C0085FF20B1012323770025284638BD2046B4
:10BF8C00FFF7B8FFF8E78178014800F01DF900BF12
:10BF9C00BC7E00102DE9F04343788146023B0D46F0
:10BFAC0085B0042B13D8DFE803F0034A6A7344000E
:10BFBC0000217B4B1A7822F001021A701A7822F0B9
:10BFCC0002021A7059701A7861F382021A70754B5A
:10BFDC001C686369EFF3108272B6D3E8CF0F0121AE
:10BFEC000028FAD1C3E8401F0028F6D1BFF35F8FB9
:10BFFC00A2614946204600F0F7F800236269C2E8C6
:10C00C008F3FA36983F3108848B94FF0E023D3F82E
:10C01C00F03DDB070AD500BE05B0BDE8F0832A462B
:10C02C0099F8011099F8000000F0F2F805B0BDE89D
:10C03C00F0835D4A13780133DBB21370C7E7002439
:10C04C005A4E23463178DFF86C81594F11E03B682A
:10C05C0013EB441307D0DB692BB1D9F8041099F812
:10C06C000000984731780134E4B24A1CA2422346BE
:10C07C0017DBA142EBD85B1A08EB4313EBE7484BF9
:10C08C001A78D607D2D51A7842F004021A709EE7B5
:10C09C00434B1A78D407C9D51A7822F004021A70C7
:10C0AC0095E73F4C237858073AD4E378DA07BDD5A7
:10C0BC00032300263B4A99F800101468D9F8042091
:10C0CC008DF804108DF805306369CDF80660CDF855
:10C0DC000A60ADF80E600292EFF3108272B6D3E8EC
:10C0EC00CF0F01210028FAD1C3E8401F0028F6D158
:10C0FC00BFF35F8F2046A26101A900F075F8636958
:10C10C00C3E88F6FA36983F3108800283FF47DAFD9
:10C11C002A469DF805109DF8040000F079F885E793
:10C12C002378002723F00403237005231D4A8DF880
:10C13C000530166899F80020ADF80E708DF80420C3
:10C14C007369CDF80670CDF80A70EFF3108272B6F1
:10C15C00D3E8CF0F01210028FAD1C3E8401F0028F3
:10C16C00F6D1BFF35F8F3046B26101A900F03CF805
:10C17C007369C3E88F7FB36983F3108838B94FF0C4
:10C18C00E023D3F8F03DD9078FD500BE8DE72A46C2
:10C19C009DF805109DF8040000F03AF885E700BF03
:10C1AC00D026002028270020F6870220F4870220C2
:10C1BC000025002050A700105FF800F009170010B0
:10C1CC005FF800F0012900105FF800F0A52A0010BC
:10C1DC005FF800F0CD1C00105FF800F081760010C5
:10C1EC005FF800F0551600105FF800F04D6A001073
:10C1FC005FF800F0313700105FF800F015210010E7
:10C20C005FF800F0F53900105FF800F0D12700104E
:10C21C005FF800F0755000105FF800F05D1E001024
:10C22C005FF800F03D1C00105FF800F06D18001076
:10C23C005FF800F0791600105FF800F0A5190010F7
:10C24C00010000000200000001000000000030505E
:10C25C0000002050DC2F0020487D00100812010047
:10C26C0074950010547D001008100100B8050020D2
:10C27C00607D0010080E0100748D00106C7D0010A4
:10C28C00080C010074850010100000000000000074
:10C29C00000001000000000000000000000002008F
:10C2AC00000000000000000000000300000000007F
:10C2BC00000000000000FF000000000001B548680D
:10C2CC0001318E460047704609380149884701BD47
:10C2DC00512F0010000000000000000000000000C2
:10C2EC000000000000000000F02100202148001098
:10C2FC00CD47001045470010B54600100000000067
:10C30C00000100002C27002010000C000000000091
:10C31C000000000000000000000000000000000011
:10C32C00FF000000FFFFFFFF000002000000000004
:10C33C000000000000000000901C0020901C002059
:10C34C00981C0020981C0020A01C0020A01C002081
:10C35C00A81C0020A81C0020B01C0020B01C002031
:10C36C00B81C0020B81C0020C01C0020C01C0020E1
:10C37C00C81C0020C81C0020D01C0020D01C002091
:10C38C00D81C0020D81C0020E01C0020E01C002041
:10C39C00E81C0020E81C0020F01C0020F01C0020F1
:10C3AC00F81C0020F81C0020001D0020001D00209F
:10C3BC00081D0020081D0020101D0020101D00204D
:10C3CC00181D0020181D0020201D0020201D0020FD
:10C3DC00281D0020281D0020301D0020301D0020AD
:10C3EC00381D0020381D0020401D0020401D00205D
:10C3FC00481D0020481D0020501D0020501D00200D
:10C40C00581D0020581D0020601D0020601D0020BC
:10C41C00681D0020681D0020701D0020701D00206C
:10C42C00781D0020781D0020801D0020801D00201C
:10C43C00881D0020881D0020901D0020901D0020CC
:10C44C00981D0020981D0020A01D0020A01D00207C
:10C45C00A81D0020A81D0020B01D0020B01D00202C
:10C46C00B81D0020B81D0020C01D0020C01D0020DC
:10C47C00C81D0020C81D0020D01D0020D01D00208C
:10C48C00D81D0020D81D0020E01D0020E01D00203C
:10C49C00E81D0020E81D0020F01D0020F01D0020EC
:10C4AC00F81D0020F81D0020001E0020001E00209A
:10C4BC00081E0020081E0020101E0020101E002048
:10C4CC00181E0020181E0020201E0020201E0020F8
:10C4DC00281E0020281E0020301E0020301E0020A8
:10C4EC00381E0020381E0020401E0020401E002058
:10C4FC00481E0020481E0020501E0020501E002008
:10C50C00581E0020581E0020601E0020601E0020B7
:10C51C00681E0020681E0020701E0020701E002067
:10C52C00781E0020781E0020801E0020801E002017
:10C53C00881E0020881E0020901E0020901E0020C7
:10C54C00981E0020981E0020A01E0020A01E002077
:10C55C00A81E0020A81E0020B01E0020B01E002027
:10C56C00B81E0020B81E0020C01E0020C01E0020D7
:10C57C00C81E0020C81E0020D01E0020D01E002087
:10C58C00D81E0020D81E0020E01E0020E01E002037
:10C59C00E81E0020E81E0020F01E0020F01E0020E7
:10C5AC00F81E0020F81E0020001F0020001F002095
:10C5BC00081F0020081F0020101F0020101F002043
:10C5CC00181F0020181F0020201F0020201F0020F3
:10C5DC00281F0020281F0020301F0020301F0020A3
:10C5EC00381F0020381F0020401F0020401F002053
:10C5FC00481F0020481F0020501F0020501F002003
:10C60C00581F0020581F0020601F0020601F0020B2
:10C61C00681F0020681F0020701F0020701F002062
:10C62C00781F0020781F0020801F0020801F002012
:10C63C00881F0020881F0020901F0020901F0020C2
:10C64C00981F0020981F0020A01F0020A01F002072
:10C65C00A81F0020A81F0020B01F0020B01F002022
:10C66C00B81F0020B81F0020C01F0020C01F0020D2
:10C67C00C81F0020C81F0020D01F0020D01F002082
:10C68C00D81F0020D81F0020E01F0020E01F002032
:10C69C00E81F0020E81F0020F01F0020F01F0020E2
:10C6AC00F81F0020F81F0020002000200020002090
:10C6BC00082000200820002010200020102000203E
:10C6CC0018200020182000202020002020200020EE
:10C6DC00282000202820002030200020302000209E
:10C6EC00382000203820002040200020402000204E
:10C6FC0048200020482000205020002050200020FE
:10C70C0058200020582000206020002060200020AD
:10C71C00682000206820002070200020702000205D
:10C72C00782000207820002080200020802000200D
:10C73C008820002088200020A0200020000000007D
:10C74C0000000000C8230020302400209824002082
:10C75C0000000000000000000000000000000000CD
:10C76C0000000000000000000000000000000000BD
:10C77C0000000000000000000000000000000000AD
:10C78C00000000000000000000000000000000009D
:10C79C00000000000000000000000000000000008D
:10C7AC00000000000000000000000000000000007D
:10C7BC00000000000000000000000000000000006D
:10C7CC00000000000000000000000000000000005D
:10C7DC00000000000000000001000000000000004C
:10C7EC000E33CDAB34126DE6ECDE05000B00000011
:10C7FC00000000000000000000000000000000002D
:10C80C00000000000000000000000000000000001C
:10C81C00000000000000000000000000000000000C
:10C82C0000000000000000000000000000000000FC
:10C83C0000000000000000000000000000000000EC
:10C84C0000000000000000000000000000000000DC
:10C85C0000000000000000000000000000000000CC
:10C86C0000000000000000000000000000000000BC
:10C87C0000000000000000000000000000000000AC
:10C88C00000000000000000000000000000000009C
:10C89C00D3DEFFFFFE010000FF0100009C38FFFF0C
:04C8AC00793512AB1D
:040000051000014D99
:00000001FF
