:020000041000EA
:10000000002008205D0100101B0100101D010010E0
:100010001101001011010010110100101101001058
:100020001901001019010010190100101F01001022
:10003000110100101901001021010010230100100E
:100040001101001011010010110100101101001028
:100050001101001011010010110100101101001018
:100060001101001011010010110100101101001008
:1000700011010010110100101101001011010010F8
:1000800011010010110100101101001011010010E8
:1000900011010010110100101101001011010010D8
:1000A00011010010110100101101001011010010C8
:1000B00011010010110100101101001011010010B8
:1000C00011010010110100101101001011010010A8
:1000D0001101001011010010110100101101001098
:1000E0001101001011010010110100101101001088
:1000F0001101001011010010110100101101001078
:100100001101001011010010110100101101001067
:10011000EFF30580103800BE00BE00BE00BE00BE7A
:1001200000BE00BEF2EB8871D42D0510F82D05102D
:10013000A001001090A31AE7D3DEFFFF42012110B7
:10014000FF010000184E0500793512AB4FF000009A
:100150001E49086006C881F3088810474FF05040D8
:10016000006810B14FF00000F2E70DA40ECC00299A
:1001700002D000F012F8F9E71549164A002000E015
:1001800001C19142FCD11449884714498847144958
:10019000884700BEFDE701C901C29A42FBD3704700
:1001A000F82D05102001002078220020504F051066
:1001B0000000082000000820504F05100010082003
:1001C00000100820000000007047000008ED00E06B
:1001D0007822002050FD0020154C00107502001000
:1001E0000D4C0010F8B500BF064B0749C91A89101D
:1001F00048BF0131491003D0044B0BB101481847E7
:10020000704700BF78220020782200200000000004
:1002100008B5054B1BB105490548AFF30080BDE8A3
:100220000840FFF7E1BF00BF000000007CBB0020DA
:10023000888B01104FF0804310B51C680948214697
:1002400004F0D4FE210F084804F0D0FEC4F30F31AF
:10025000064804F0CBFEC4F30B01054804F0C6FECB
:10026000002010BD888B0110A08B0110B48B0110F1
:10027000CC8B011070B58AB004F0F4FD00F0BAFC2C
:100280000F2002F03BFD022002F0ACF8654806ABFF
:1002900002AA01A902F01EFC18B96249624801F0E5
:1002A00005F8069ADDE9010102F052FB40F6C410A0
:1002B00002F098F8FFF7BEFF5C4807F027FD5C49A5
:1002C0005C4807F03DFA4FF480324FF4F833CDE943
:1002D00002234FF4402300244FF4000C0493C60182
:1002E00000F11903059446EA03360DF1180E02AB2E
:1002F00005460FCB8EE80F00079602AE9EE80F0072
:1003000086E80F00CDF814C020460621013400F025
:10031000FFFE0E2CF8D1059B062123F0E05323F4B9
:10032000787343F0806343F4E073204605930F260F
:1003300000F0EEFE4FF0000343EC4460122443EC67
:10034000444000220121304600F000FF00222046F8
:10035000012100F0FBFE0621304600F0D9FE2046C8
:10036000062100F0D5FE039C4FF4804224F0F8549F
:1003700044F070640394049C00216FF31D4444F026
:1003800084742D4B2B48049407F054FA294C61686F
:1003900011F48031FBD144F2FF0E48F2A00C4AF276
:1003A00047062A464FF48035C4F810E002ABC4F883
:1003B000D8C02048C4F8D860029507F0EBFA4FF097
:1003C000004123681D4A43F00103236023681C4851
:1003D00023F001032360C2F8D010C2F8D0102368C4
:1003E000144D43F00103236004F080FD00F00EFC87
:1003F00000F0C8FC00F0B0FA00F02EFC00210D481F
:1004000018F04EFB00F0E4FD00F07AFE0028F5DB6A
:10041000C4B2224621460B4804F0E8FD2C6100F0EE
:10042000DDFBEBE7F0490200E48B01105D070010F3
:10043000BCAD011000002050FFFF04000010205050
:10044000188C0110588C0110AAB938B50D46A9B105
:100450000D48144604F04AFD2421012002F0F6FF65
:10046000014670B1284609F0B9FF2846074909F04E
:10047000B9FF204638BD6FF0050070476FF00500EA
:1004800038BD4FF0FF3038BD608C01109104001072
:100490002DE9F04F05460E4691B0002A00F0B480D9
:1004A00014460846118909F0ADFC2F78D4F804A051
:1004B000B4F80A804FB1012F00F0B880204609F04F
:1004C0004FF8002011B0BDE8F08FB8F10F0FF5D94B
:1004D000534653F8040B05F10C0B68605A68DAF8C0
:1004E00004109B681530E9602A616B612F7602F079
:1004F00091FF81462862002800F0AD8059460C2209
:10050000083018F07BF80123102109F115002B7039
:1005100089F81470E861AF60A8F11008B8F1000F15
:1005200040F087806B68BB42C8D802232F465048F2
:1005300007F80C3BDFF87C9104F0D8FC39464D48B5
:1005400004F054FDD9F8000020B102F09FFF002311
:10055000C9F800306868D5F8208000F1150C10F15A
:10056000110FC8F804C074D04FF0FF321430DFF818
:1005700048E1404408F1030111F8013F5340DBB268
:100580005EF82330884283EA1222F5D1D24300215B
:10059000394BC8F80020C3F800C0384B38481A60FF
:1005A000384BC9F80080196004F0A0FC4146364879
:1005B00004F01CFDD8F80010344804F017FDD8F8FA
:1005C0000410334804F012FD08F108014FF001084F
:1005D000304804F00BFD304804F088FC2F4B3048C5
:1005E00083F8008004F082FC3A466B6868462D4927
:1005F00004F0B2FA43464022694630460CF028F92E
:1006000030460DF0EBF859E7274804F06FFC4DB188
:100610002B78022B03D0286A08B102F037FF284656
:1006200002F034FF30460AF0D3FA4AE70021AF68FF
:1006300074E7E86942465144384418F03BF8AB6827
:100640001A4808EB03016A68A96004F0CFFCAF68A0
:1006500068E700229BE7164804F048FC30460AF0A1
:10066000B7FA284602F012FF4FF0FF302AE700BF2A
:10067000D48C0110048D0110802C00207C2C0020D3
:10068000208D01109CBB0020748D0110908D0110F5
:10069000AC8D0110C88D0110E48D011028FD0020E3
:1006A0002C8E01105C8E0110748C0110B48C011022
:1006B0008C8C0110782C0020EC2C002091B14FF094
:1006C000FF328B18084900EB020C18441CF8013F5C
:1006D0005340DBB251F82330604583EA1222F5D152
:1006E000D043704708467047EC2C002010B50AF044
:1006F000BDF808B341F292021249044609F09EFA8D
:1007000070B9FF21204609F001FB80B10E4909F0C4
:1007100077FEBDE8104041F292010C4804F066BC3F
:1007200041F29201BDE81040094804F05FBC09485D
:10073000BDE8104004F0DABB0748BDE8104004F003
:10074000D5BB00BF40B4011049040010C08E011099
:10075000908E0110AC8E0110788E011008B52F48D4
:1007600004F0C4FB00212E482E4A41F3000341F35C
:10077000400C134083EA51030CEA020C8CEA530C40
:1007800043F340034CF3400E134083EA5C030EEA4C
:10079000020E8EEA530E43F340034EF3400C134017
:1007A00083EA5E030CEA020C8CEA530C43F3400329
:1007B00013404CF3400E83EA5C0301310EEA020C55
:1007C0008CEA5303B1F5807F40F8043FCDD111F09E
:1007D00019FED0B911F0BCFD134804F087FB47F2B5
:1007E0003053124A1249134811F0BEFD88B9124B1A
:1007F0001868043011F058FA0146104804F0F6FB6E
:10080000FFF774FF11F0F4FDFCE70D4804F06EFBF8
:10081000E0E70C4804F06AFBE9E700BFE48E011052
:10082000E82C00202083B8ED208F01100400400048
:10083000388F0110488F01106CBB0020708F0110A1
:10084000048F0110588F011038B502244FF0010CAD
:10085000364A374B11681B680C63486808330CFA3A
:1008600003F2024019D151F823301B0E582B1ED031
:100870000BD8122B13D0142B22D12E4B1978002910
:100880003DD02D491A700A7038BD592B07D0F02B76
:1008900016D1284B83F800C038BD0C6338BD254BFA
:1008A0001A7842B3002225491A700A7038BD214CCB
:1008B0002378EBB9224A137883F00103137038BD13
:1008C0001C4C2278A2B91C4A03F07F031278D2B1E3
:1008D0001C4AD55C65B1284604F0C6FA1A4A1B4B7F
:1008E00015611A7822B9132142EC401001221A70C6
:1008F0000023237038BD0122104B1A7038BD0E4BF7
:1009000083F800C038BD0D4A127812B1104AD55C88
:10091000E0E70B4A0F491278CD5C002ADAD0A5F146
:100920006103192BD6D8203DEDB2D4E7C4BB00201B
:10093000CCBB002043FD00202EFD002045FD002003
:100940002AFD00204C2C05100000205029FD00201D
:10095000CC2C05104C2D051012232DE9F04F8C4A9C
:100960008C4D8D488DB08D491360286006F0E8FEEF
:100970000027DFF85C820121C8F80000286806F033
:10098000C3FE4FF440230097D8F80060CDE9063746
:100990004FEAC61E06F10C034EEA033E4FF48032C6
:1009A0004FF4F833CDE90423DFF828A20DF1200C31
:1009B00004AC0290CAF8000094E80F008CE80F0025
:1009C000D5F80090CDF824E0DFF80CB29CE80F00D9
:1009D00084E80F000223102202994846CDF81CB08B
:1009E00006F092FF09F12F4101F560014FEA115B1A
:1009F0000BF1060B5FFA8BFB1020594600F088FBC9
:100A00005946112000F084FB3A460121102000F0E5
:100A10009DFB3A460121112000F098FB069A604B9D
:100A20000520134043F0004343F40503069301F00F
:100A300089FF07EE100A9FED5B6AB8EE477ADFED9B
:100A40005A6AC7EE067A77EEA67ABCEEE77A17EE18
:100A5000103A9AB2002A00F0998007EE102AB8EEF8
:100A6000477ADFED526A77EEC77A67EEA67AFCEE38
:100A7000E77ACDED037A9DF80C301B0243EA02437E
:100A800004932346012432460299484606F082FF29
:100A9000D8F800302A6803F01F0EDAF80030D2F8D8
:100AA000008004FA03F928EA0908C2F8008003EB81
:100AB000430703F10408083302F5005904FA03F36D
:100AC00004FA08F8C9F800804FF00046C9F8003071
:100AD000022302EBC70000F5865002EBC707C7F8F8
:100AE000D8E0066106611363294B4FF4007B1F4673
:100AF00002F5055CCCF83CB018682D4900F030FDDB
:100B00002146386800F0EAFC2A68DAF800301168FB
:100B100004FA03F30B432046136001F063FCDAF898
:100B200000202B6802EB420203EBC20303F586535D
:100B30001E6113201E6100F095FB132744EC4470E6
:100B400000222146384600F001FB1A4804F0CEF995
:100B500044EC40700022DAF800102B6801EB4101F0
:100B600003EBC10303F586531E61134813491E614D
:100B7000134B0A701A701349134B027013480A7012
:100B80001A700DB0BDE8F04F04F0B0B9134675E728
:100B9000C8BB0020C4BB002000003050F8AD0110DD
:100BA000FF3F0A3E007802480000003B00008043FF
:100BB00049080010A08F01102AFD00202EFD002002
:100BC00045FD002043FD002029FD0020B48F0110C9
:100BD000C0BB0020CCBB002000020808044B1A78E0
:100BE00022B9132142EC401001221A70704700BF55
:100BF00029FD002013234FF0010242EC4030002277
:100C0000014B1A70704700BF29FD00200022034BE2
:100C100083F8002183F80121704700BFD4430020EE
:100C20000120704701289DBF4FF42E72024B02FB3A
:100C300000300020704700BFF818002001207047E6
:100C400001289DBF034B00EB001003EB8000002048
:100C5000704700BFB01B002038B516F019FF002008
:100C6000FFF7E0FF0A4D0446286060B1D0F8A432D7
:100C70009847084804F03AF94FF400732C46C5F839
:100C80000432204638BD044804F030F9F9E700BFCB
:100C900088FA0020C88F0110E08F011038B50E4D82
:100CA0002C6814B10C4C204638BD16F0F1FE2046DD
:100CB000FFF7B8FF0446286050B1D0F8A432984737
:100CC000064804F013F94FF40073C5F80432E9E75D
:100CD000034804F00BF9E6E788FA0020C88F0110FA
:100CE000E08F011010B50F4C4FF4E131204601F0B8
:100CF000DBFC0221142000F00BFA0221152000F089
:100D000007FA204600230122082101F04FFD236B42
:100D1000054A03F440432046BDE810400121136317
:100D200001F07CBD0080074000900740084BB3F9FC
:100D30000230834205D0074A93699B06FCD41060B9
:100D40007047044A93699906FCD40D231360F2E7B7
:100D5000F0FC002000800740044B9869C0F30010AD
:100D600080F0010000F00100704700BF00800740E4
:100D7000034A9369DB06FCD41068C0B2704700BF19
:100D800000800740F8B5FFF7ADFF4FF0000C114BA6
:100D9000114F124E124D134C13481449144A87F840
:100DA00000C086F800C085F800C084F800C080F854
:100DB00000C081F800C082F800C083F800C00D4B6D
:100DC00083F800C00C4B83F800C00C4B83F800C0C4
:100DD000F8BD00BF2DFD002048FD002046FD00208D
:100DE0003BFD00203AFD002047FD002024FD0020AF
:100DF0003EFD00203CFD00204DFD00202FFD002089
:100E000010B5194B1A7832B9184A12781AB9184B1A
:100E10001C5C204610BD1A78940706D41A78D107B6
:100E20000BD5144B1C5C204610BD104B1B78022BBD
:100E3000EDD0114B1C5C204610BD1A78520705D42A
:100E40001B781B0706D50D4B1C5CECE70C4B1C5CA0
:100E5000204610BD054B1B7803F0FF04002BE8D1A2
:100E60002E2004F001F8DEE747FD00203EFD0020C3
:100E70001CB001101CAF01109CAF01101CAE011082
:100E80009CAE011030B5484B85B09A7822B91A79DA
:100E900002F0FF01002A3DD09A78012A19D09A78F1
:100EA000102A16D09A78022A1FD09A78202A1CD0AD
:100EB0009A78042AD1B240D09A78402A46D01A793A
:100EC000392A46D0012400213848394A047011706B
:100ED00007E001220020374D374C38492A70227034
:100EE00008701A797AB905B030BD4FF0020C0124B0
:100EF0000021324A2F4D304885F800C0047011702F
:100F00001A79002AEFD01879FFF77AFF2C4B186076
:100F100005B030BD284B1A782AB101242748254A4C
:100F2000047019701170214B1A780AB100221A70DE
:100F30000022244B1A7005B030BD012400201D4A48
:100F400011701D491D4A0C701070CAE74FF0080C53
:100F5000CDE71C4B1A78002AC5D101241A491C7010
:100F60000878F0B902230B70184C00224FF470601F
:100F700000946C460B780DF10B05DBB203F12101F7
:100F80008DF807308DF80A10ADF804208DF8062092
:100F9000ADF8080014F8010BFFF7C8FEA542F9D11F
:100FA000A1E70A70E0E700BFDC4400203AFD002022
:100FB0003BFD002047FD002046FD002048FD0020AD
:100FC000F41B00202BFD00203EFD002057AB12003B
:100FD000F8B50027434D444EFFF7BEFE80B1FFF742
:100FE000C7FE2B780446092B07D8DFE803F0665EBE
:100FF0002621150A05054F3D2F7033680133EBD0CC
:10100000F8BD3A4A136801331360394A12789342A3
:10101000F3D300232B70F0E7354B344A18701B785C
:1010200013F0FF0318BF05232B7000231360E4E7C0
:10103000304B187004232B70DFE781380728DBD88A
:1010400001A353F820F000BFCD100010D310001002
:10105000F90F0010F90F0010D9100010F90F00104F
:10106000F90F0010DF100010204A1368B3F5836FEA
:101070003CBF2149C85401331360204A127893427F
:10108000BBD9FFF7FFFE00232B70B6E701221B4BF5
:1010900000211870154B18481A604FF4836217F03E
:1010A00025FA7CB109232B70A7E7A0F1AB00B0FAB9
:1010B00080F04009400028709FE757289DD1012308
:1010C0002B709AE72C70FFF7DDFE96E703232B7059
:1010D00093E706232B7090E707232B708DE70823F7
:1010E0002B708AE739FD0020F41B0020D844002033
:1010F0003CFD00204DFD0020DC44002038FD002098
:101100004FF0FF32014B18681A607047F41B002043
:1011100010B44FF480740C4B53F8202003EB800381
:10112000C00082F0400200F1804003F5805C02F0D4
:10113000C00200F5203003F54053CCF80020416098
:101140001C605DF8044B70470480034010B4084CE9
:10115000C90041EA820154F8202004EB8003514089
:1011600003F5805301F00C015DF8044B19607047E2
:1011700004800340064B022203EB800319B103F500
:1011800000531A60704703F540531A60704700BF60
:1011900004800340064B53F8202003EB800382EACF
:1011A000011202F0300203F580531A60704700BF4D
:1011B000048003404FF050431B6893B10C4B4FEA3F
:1011C000D00C00F00700800081400A4803EB8C033C
:1011D0000CF18C0C40F82C102AB103F50053196067
:1011E0007047054BEBE703F540531960704700BFAC
:1011F0009082024000800240488202402DE9F04186
:101200004FF050480D4FD8F80030164657F82320BD
:10121000044602420D4609D114432946324647F896
:1012200023401520BDE8F04100F0CAB901F06AFE84
:10123000D8F8003057F82320EEE700BF6CFA002002
:1012400010B50446152000F0AFFA4FF05043044AA1
:10125000196852F8213023EA040342F8213010BD06
:101260006CFA002030B44FF0000343EC440043EC30
:10127000400005254FF480740B4BC20053F820103A
:1012800003EB800081F0400102F1804303F520333D
:1012900001F0C00200F5805100F540500A605D6029
:1012A000046030BC704700BF048003400FB400B539
:1012B00083B0049C074803F019FE3CB105A9204601
:1012C000019103F073FC044803F010FE012003F0C9
:1012D00085FC00BFF88F011008900110EFF310801B
:1012E00072B6064BD3E8CF1F01220029FAD1C3E81A
:1012F000412F0029F6D1BFF35F8F70476F27002081
:101300000023034AC2E88F3F80F31088704700BF74
:101310006F27002070B58646EFF3108572B6124C29
:10132000D4E8CF6F0120002EFAD1C4E8460F002E7A
:10133000F6D1BFF35F8F4FF0010CC80801F007032F
:101340000CFA03F31EF800C01CEA030608D14CEAAD
:10135000030C0EF800C0C4E88F6F85F3108870BDD1
:101360001046FFF7A3FF00BF6F270020F8B5EFF38B
:10137000108772B61C4ED6E8CF5F0124002DFAD13B
:10138000C6E8454F002DF6D1BFF35F8F9A421BD8B8
:10139000012502E00132934222D3D40810F804E080
:1013A00002F0070C05FA0CFC1EEA0C0FF2D14EEA13
:1013B0000C0E00F804E010460023C6E88F3F87F3C8
:1013C0001088984207DBF8BD0023C6E88F3F87F3FB
:1013D00010884FF0FF300029F5D00698FFF766FF20
:1013E0004FF0FF30E8E700BF6F27002000B5EFF3B4
:1013F000108E72B6104BD3E8CFCF0122BCF1000F94
:10140000F9D1C3E84C2FBCF1000FF4D1BFF35F8FCB
:1014100001224FEAD10C01F0070102FA01F110F8A4
:101420000C2022EA010200F80C200022C3E88F2FD2
:101430008EF310885DF804FB6F270020044A1078B3
:10144000431CDBB2182B28BF10231370704700BF5A
:10145000F81B002010B5054C82B001461F2318224E
:1014600000940348FFF782FF02B010BD0C900110FA
:10147000B82C00204FF0E022936843F000539360B3
:10148000704700BF0021044B03F12002C3E88F1F07
:1014900001339342FAD17047642700204FF0E023D4
:1014A0004FF08032C3F80024C3F80424C3F80824A2
:1014B000C3F80C24C3F81024C3F81424C3F8182468
:1014C000C3F81C24C3F82024C3F82424C3F8282418
:1014D000C3F82C24C3F8302462B67047012300F00F
:1014E0001F029340400941B1800000F1604000F5C7
:1014F0006140C0F8803103607047024A203042F8F2
:101500002030704700E100E00123064A410952F80B
:10151000212000F01F0003FA00F01040003818BF2F
:101520000120704700E100E001224309034900F077
:101530001F008240403341F82320704700E100E063
:10154000054A10309268054B52F82000C01A2F2827
:101550008CBF00200120704700ED00E0FC1B002044
:10156000F8B50D46EFF3108772B6124ED6E8CF2FBE
:101570000123002AFAD1C6E8423F002AF6D1BFF380
:101580005F8F0D4B00F110049B680C4A53F8243018
:10159000934203D0994201D001F0B4FC064B9B6802
:1015A00043F82450BFF35F8F0023C6E88F3F87F3D3
:1015B0001088F8BD6D27002000ED00E0110100103B
:1015C0002DE9F04F81468B46164683B0EFF310832A
:1015D00072B6DFF8D0A10093DAE8CF1F012300290B
:1015E000FAD1CAE8413F0029F6D1BFF35F8F664BBD
:1015F00093F90040002CC0F2A080644D04EB440736
:1016000005EB870898F8061009F110091970604B6E
:10161000BF009B6853F829006300411B2F292FD975
:101620005C49884240F0A4801C445B4B02372F4445
:10163000043BDB1BC3F34A036FEAC3434FF421416E
:101640006FEAD34325F8241005EB840463804BF63E
:101650000153A380FF2348F00100E671C4F808B0ED
:10166000A3714B4B9B6843F82900BFF35F8F0023A6
:10167000CAE88F3F009B83F3108803B0BDE8F08F6A
:1016800020F0010E9EF80710B1422ED84FF42143EE
:10169000EB53414BB91C2944043B04375B1A2F44DC
:1016A000AEF10401C91BC1F34A043C49C3F34A0328
:1016B0000B432143A8F804103949A8F802304AF630
:1016C000AA2073465B1B5B415843000D88F80760F6
:1016D00088F80600C8F808B048F00100CEF80010FD
:1016E000BFE7D179B1422ED996469EF906C00CEBE0
:1016F0004C02BCF1000F05EB8202F2DA4BF601510D
:101700000EF10402A8F10407BF1AC7F34A076FEAF3
:10171000C7476FEAD7478EF8064003EB0408204C12
:1017200005EB8803AEF8047045F82840998083F8EB
:1017300006C0DE71C3F808B093E701F0E3FB124B7B
:1017400093F9004059E7724632F8041F490514D452
:101750004915023102EB410101916FF00701C91BEC
:10176000019F491B3944C1F34A0141F46041C9E773
:10177000019301F0C7FB019B56E701F5FF1101F54D
:10178000FF511F31E4E700BF36FD0020FC1B0020A5
:1017900000ED00E0110100102C1C002000E0FFFF14
:1017A000014880476D2700202DE9F04F83B0EFF30B
:1017B000108A72B6714ED6E8CF2F0123002AFAD1D3
:1017C000C6E8423F002AF6D1BFF35F8F6C4B00F1B1
:1017D00010089B686B4A53F82850954245D08D42BB
:1017E0000C4650D0684FEB1B2F2B3ED801214FEAFF
:1017F00050194FEA890909F1604909F5614900F07A
:101800001F0301FA03F0D9F80030C9F8800000EA9C
:10181000030BBFF35F8FEFF30581C9B2002934D00A
:10182000884505D0CDE9001001F06CFBDDE9001022
:1018300025F0010EDEF808C0644505D189E0D3F833
:1018400008C0644531D09E469EF9062002EB420353
:10185000002A07EB8303F2DA644561D0BBF1000F85
:1018600020D0C9F88001C9F80000454B9B6843F8B7
:101870002850BFF35F8F0023C6E88F3F8AF310889C
:1018800003B0BDE8F08F1546EFE725F0010EDEF856
:1018900008C06445D8D19EF906407346002C08DA8A
:1018A000154646E0C9F88000DFE793F90640002CB2
:1018B00037DB04EB440C07EB8C0C9CF80710DCF8CE
:1018C0000820D9719A609CF906206100002A9A715B
:1018D0003DDBBCF804E05FEA4E5E05D50EF5FF1E69
:1018E0000EF5FF5E0EF11F0E6FF0070C0A194FEA9E
:1018F0006E5E920002EB4E0208323A44ACEB030CEF
:101900006244C2F34A026FEAC2426FEAD2429A804C
:101910001E4B21441A7807EB81011C708A719DE7E8
:101920007346D9B9FF228EF806204BF60152AEF865
:101930000420164C4AF6AA2294F800C01946C91B86
:1019400049414A43120D83F806C0227086E7104AC7
:10195000DDE79EF906407346002CAADA0D4A0E4CCC
:10196000D21A083AC2F30A316FEA01516FEA1151F3
:1019700044EA5202DA80998070E700BF6D270020A8
:1019800000ED00E011010010FC1B002036FD0020DE
:1019900001BDFFFF361C002000F8FFFF4FF0FF0CD9
:1019A00020F0030303F1604303F5644300F00300F8
:1019B0001A68C0000CFA00FC22EA0C0281400A43BB
:1019C0001A607047F0B5EFF30585EDB2EFF3108CB8
:1019D00072B62649D1E8CF2F0123002AFAD1C1E8F7
:1019E000423F002AF6D1BFF35F8F214E40F0010E37
:1019F000B4684AF6AA2354F825701E4A0446A41A6D
:101A0000644163431B0D77455BB21BD092F90640DE
:101A10009C421CD092F912409C4223D092F91E4065
:101A20009C4221D092F92A409C4208BF03240FD047
:101A3000114A0024157813708571C1E88F4F8CF31B
:101A40001088F0BDB2680D4C42F82540F0E7002444
:101A500004EB440402EB8402FF2494714BF601541E
:101A60009480E5E70124F3E70224F1E76D270020E5
:101A700000ED00E0FC1B002036FD002011010010ED
:101A800001460248C1F13301FFF7B0BC4EFD002012
:101A900010B5074C82B0014605230022009405488A
:101AA000FFF764FC0028A8BFC0F1330002B010BDEE
:101AB000289001104EFD002070B504460E461546D4
:101AC000FFF7BCFC0146204600F006F8A680E58042
:101AD000BFF35F8F70BD00BF014B0B4403607047C5
:101AE0006427002070B5104C104DAC420ED2FF267A
:101AF000236863B1FFF7A2FC01462046FFF7ECFF25
:101B0000A680BFF35F8F0834AC42F1D370BDFFF7FE
:101B100095FC01462046FFF7DFFF2671BFF35F8F7C
:101B20000834AC42E4D370BD582200207822002053
:101B300010B50446FFF782FC01462046FFF7CCFFB4
:101B4000FF232371BFF35F8F10BD00BF10B50446A4
:101B5000FFF774FC01462046FFF7BEFFFF23A3807A
:101B6000BFF35F8F10BD00BF10B504460120FFF723
:101B700071FC034B03442360BFF35F8F10BD00BFB4
:101B800064270020024B0B440360BFF35F8F704754
:101B9000642700200D4B1A68EFF3108172B6D2E86B
:101BA000CFCF0120BCF1000FF9D1C2E84C0FBCF13E
:101BB000000FF4D1BFF35F8F00221B68C3E88F2FA3
:101BC00081F3108840BF00200021704794FC002062
:101BD0002DE9F04F2DED028B85B0EFF30583DBB2DD
:101BE000103B9A0818BF01224FF0010103F0030BCC
:101BF00018BFAF4DAF4B08BFAF4D0BEB820253F890
:101C0000226001FA0BF205F541539FEDA78B01927B
:101C10005A602FE0B3881C0440F19380B379002B05
:101C200040F0DD80B6F90820002AC0F21E817369F9
:101C300002EB420203EBC203D3E90247B7F1FF3FD5
:101C400008BFB4F1FF3F0ED005EB8B01AB6A0A6908
:101C5000D21AE31A934205D301232A6A03FA0BF33B
:101C6000134200D10C61284600F0CCFCA042B941DF
:101C7000C0F2FB80B6F90830019A002B0093EA63AA
:101C8000C8DBD6F8148003EB4309284608EBC907E4
:101C9000D7E9024A00F0B6FCA04271EB0A01B9DBB9
:101CA000BAF1000FC0F2C380D7E90431834A9342EE
:101CB00000F0ED807A88B6F9080092B242EA00405E
:101CC000984702460B4652EA030100F0B080002B11
:101CD00080F2D180B4EB020E6AEB030A38F9393096
:101CE000C7E902EA002B95DB716903EB430201EBC4
:101CF000C202D2E90270BE457AEB000C4FEA430201
:101D000088DBB4462CF8083F06E003EB430001EB08
:101D1000C0005A00D0E90270BE451A447AEB0000B8
:101D200001EBC20404DB31F93230A446002BECDABB
:101D300028F83930009BACF80030B3881C043FF51C
:101D40006DAF3369EFF3108272B6D3E8CF0F012184
:101D50000028FAD1C3E8401F0028F6D1BFF35F8FF7
:101D60004FF6FF74B0880023316900B2B480C1E837
:101D70008F3F82F310889842FFF650AF0746A9467E
:101D8000746906F1080807EB470E04EBCE03D3E9AC
:101D90000250B6F90830C446002B13DBB246009758
:101DA00004E034F936309446002B09DB03EB43069C
:101DB00004EBC602D2E90271BD4270EB0101F0DA18
:101DC0005646009FACF8007034F93E7024F83E305F
:101DD000002FD8DAB3794D46002B3FF423AF002310
:101DE000B371B6F9083006F10808581C3DD01A4600
:101DF000776903E08046591C3FF416AF03EB4301BB
:101E000007EBC100B0F802C01C461CF4004F9E4610
:101E100037F93130EED0944280ED028B05D0A8F82E
:101E20000030328927F8312034817246E3E738F8F0
:101E3000393033813369EFF3108272B6D3E8CF0FB4
:101E400001210028FAD1C3E8401F0028F6D1BFF3D2
:101E50005F8F7388316928F83930009B73800023C5
:101E6000C1E88F3F82F31088D4E640BF05B0BDECD7
:101E7000028BBDE8F08F2846CDE9022300F0C2FBBB
:101E8000029A039B10EB020E43EB010A26E7084679
:101E90000B69029198470028C9D00299D1E9002323
:101EA00011E700BFAFF30080FFFFFFFFFFFFFFFF61
:101EB00000800B40A0BB002000000B40D11B001095
:101EC0002DE9F84F364C25692DB1BDE8F84F0A21B0
:101ED0003448FFF701BEDFF8E4800321404600F0FC
:101EE0005DFB0326C4F80C80FFF7A8FA4FF0504CB6
:101EF0002D4B267003442361DCF800300F21637002
:101F0000636961801D834FF00405A3F878504FF09A
:101F10000505A3F890504FF00605A3F8A8504FF020
:101F200007050E214FF6FF7208274FF00A0EA3F89F
:101F3000C0504FF001094FF00C0C4FF0020B4FF066
:101F4000090A0D204FF00B05A3F868111749A2806C
:101F5000A3F808E1A160A3F848B0A3F8F0A0A3F8A3
:101F60002051A3F838C1A3F85001A3F83090A3F88A
:101F70006060A3F8D8701A800D4B3046C8F8207006
:101F80000C49DC60FFF7ECFA49463046FFF7A6FA49
:101F9000094B0A211F640348BDE8F84FFFF79CBDB9
:101FA000441C002094FC002064270020FFFF100048
:101FB000A0BB0020D11B001000200B4000000B40F4
:101FC00000487047441C00202DE9F04105461820C8
:101FD0000C4601F01FFA0646002843D0182120467F
:101FE00001F034FA01217061284600F0F5FAF5603D
:101FF0000746FFF723FA4FF050414FF6FF731B4A95
:102000003770024432610A6833817270A2B2728101
:10201000013AB38072805CB1002204EB4404706921
:10202000A10020F812300C32013391429BB2F8D15A
:102030000F4C4FF001082C1BB4FA84F4640907EB31
:1020400084040C4B08FA07F720460B492F6243F82B
:10205000246005F50155FFF783FA41462046FFF756
:102060003DFA2F603046BDE8F08100BF64270020B4
:1020700000800B40A0BB0020D11B00101C4B9842DD
:1020800034D02DE9F041C568DFF870800121A5EB5F
:102090000806B6FA86F604460778760901FA07F3C9
:1020A00005F5415207EB86062B6230461360FFF7B9
:1020B00015FA30460F49FFF777FB3946284600F0FE
:1020C0007FFAE3680025A3EB0802B2FA82F22378D4
:1020D00009495209606903EB820341F8235001F07A
:1020E000D5F92046BDE8F04101F0D0B9704700BFF6
:1020F000441C0020D11B0010A0BB002000800B401E
:10210000F8B59DF82050044617461E4635B900F034
:1021100081FA874266EB010100295CDB2169EFF35C
:10212000108372B6D1E8CF0F01220028FAD1C1E89E
:10213000402F0028F6D1BFF35F8FB4F90220656904
:1021400002EB4201002A4FEAC10C206905EBC101F4
:1021500039DB35F80CE0A4F802E04FF0000EC0E8DF
:102160008FEF83F310884888069B0130C0F30E0080
:10217000012838BF01200B61079B48804B61C1E9F2
:10218000027640EA02402369EFF3108172B6D3E889
:10219000CF7F0126002FFAD1C3E8476F002FF6D179
:1021A000BFF35F8FA38825F80C30A2802369C3E8B2
:1021B0008FEF81F310880122E368217803F5015342
:1021C0008A405A60F8BD0022C0E88F2F83F3108840
:1021D0004FF0FF30F8BD2846F8BD00BF0146F0B50E
:1021E0000069EFF3108772B6D0E8CF5F0124002DAD
:1021F000FAD1C0E8454F002DF6D1BFF35F8FB1F99A
:1022000002E04C690EEB4E0CBEF1000F4FEACC051C
:10221000086904EBCC0C3CDB665B4E800026C0E812
:102220008F6F87F31088BCF80200CCE902230130DD
:10223000C0F30E00012838BF0120059BACF8020056
:10224000CCF81030069B40EA0E40CCF814300B69F5
:10225000EFF3108272B6D3E8CFCF0127BCF1000FA5
:10226000F9D1C3E84C7FBCF1000FF4D1BFF35F8F0D
:102270008B886353A1F804E00B69C3E88F6F82F386
:1022800010880122CB68097803F501538A405A600F
:10229000F0BD0023C0E88F3F87F310884FF0FF3078
:1022A000F0BD00BF03464089B0EB214F37DD5869D0
:1022B0000A1402EB420210B500EBC2001C69EFF3F6
:1022C000108C72B6D4E8CFEF0122BEF1000FF9D125
:1022D000C4E84E2FBEF1000FF4D1BFF35F8F4288E8
:1022E00089B292B28A4207D000221B69C3E88F2FBD
:1022F0008CF31088002010BD42F40042428001217E
:10230000002218699971C0E88F2F8CF310881C780F
:10231000DA68084602F50153A140596010BD00205B
:10232000704700BF407870472DE9F041851F41F1AB
:10233000FF37A84271EB070338BF002582B038BFD2
:102340002F4604460E4600F065F9281A67EB010C8B
:1023500001287CF1000C06DA2046314602B0BDE8C7
:10236000F04100F08FB900F055F9854267EB0101AB
:1023700000290ADB0021174B2A46009316483B46EA
:102380000191FFF72BFF0130E6D04FF0000C134A0C
:102390001349536A9F4204D8906AA842DCD29F42F4
:1023A000DAD10B68EFF3108072B6D3E8CF8F5FF00D
:1023B000010EB8F1000FF8D1C3E848EFB8F1000FF3
:1023C000F3D1BFF35F8F0B68C3E88FCF80F3108822
:1023D00020BFDEE7951B0010441C002000000B40CE
:1023E00094FC00202DE9F04182B0064600F012F97D
:1023F0004FF47A7304464FF0FF306FF00042E6FB73
:102400000341A04272EB01033ABF044615460D4654
:10241000A61F45F1FF37B44275EB07033CBF00260A
:10242000374600F0F7F8301A67EB0101012871F127
:10243000000106DA2046294602B0BDE8F04100F06E
:1024400021B900F0E7F8864267EB010100290ADBB9
:102450000021174B3246009316483B460191FFF787
:10246000BDFE0130E6D04FF0000C134A1349536A09
:102470009F4204D8906AB042DCD29F42DAD10B6806
:10248000EFF3108072B6D3E8CF8F5FF0010EB8F192
:10249000000FF8D1C3E848EFB8F1000FF3D1BFF354
:1024A0005F8F0B68C3E88FCF80F3108820BFDEE713
:1024B000951B0010441C002000000B4094FC0020E1
:1024C0002DE9F04306460D4683B0EFF30584E4B2F0
:1024D0003CB12D4B5A6AAA421CD2002003B0BDE881
:1024E000F0832A4FD7F80C9097F80080484600F008
:1024F00089F808F1040859F828301B1A301A65EBDE
:102500000101984271F1000110DB20BF1E4B5A6A95
:10251000AA42E2D314BF012400249B6AB34234BF11
:10252000204644F0010003B0BDE8F08300F072F8EB
:10253000864265EB0101002914DB154B3846CDE9D5
:10254000003432462B46FFF749FE011E0ADD0E4BD2
:102550005A6AAA4216D39B6AB34211D30B48FFF7BB
:10256000A1FEB6E7084B5C6AAC42B6D3641B18BF49
:1025700001249B6AB34234BF204644F00100ADE71A
:10258000AA42EBD120BFE9E700000B40441C002029
:10259000951B00100048704700000B4010B4054B1D
:1025A000054C064AA04214BF1846581C5DF8044B5F
:1025B000FEF7B0BEBC2C002000800B404490011000
:1025C000034B044A904214BF1846581CFEF70EBF36
:1025D000BC2C002000800B4010B5074A074B084C6C
:1025E00082B0A04214BF1046501C00930022032367
:1025F000FEF7BCFE02B010BDBC2C0020689001109C
:1026000000800B400346416A0A46986A596A8A422A
:10261000FAD17047034B596A0A46986A596A91423F
:10262000FAD1704700000B4030B4154A536A9C46FB
:10263000946A536A6345FAD1021959414FF0000573
:1026400028BF01250E4B5B6AB5B15A1C08BF1A465C
:1026500008D04FF0FF310A460948436A8B42FCD349
:102660008B4207D1064902E0486A984202D1886A43
:102670009042F9D330BC70479942EDD8F0E700BFE3
:1026800000000B40074A536A9942FCD8994207D18F
:10269000044B02E05A6A914202D19A6A9042F9D8F8
:1026A000704700BF00000B40F8B5054606200E46F7
:1026B00000F048F9002842D0354A3648954214BF08
:1026C0004FF080624FF00062334B344902601A6071
:1026D0008C6832EA0404FBD12D4B4FF48071EB1A65
:1026E000B3FA83F32E4A5B09062022F8131000F098
:1026F00029F9C300B3FBF6F30133DA0920D14026F0
:1027000001216962AA622F6BFB0722D42B460022AB
:1027100053F82C1F062003F5805422602F6300F02D
:1027200011F940F2013103228000B0FBF6F0EB6AB0
:1027300083F0700303F07E0323602963AA64F8BD6D
:102740004FF6FE718A421BD922464FF6FF71154E95
:10275000D7E740F2013205F540531A636B6AAC6A61
:10276000062004EB831400F0EDF80F4BA402A3FB4A
:102770000023DB0A0021B4FBF3F0FFF755FFC5E7A8
:10278000C3F34503114603EB82161A46B9E700BFAF
:10279000008007400020024000300240000002405C
:1027A000F0FC0020C0FF3F00757B2B8F013A0539FC
:1027B000D200F8B5054642EA411443B1A3F1010342
:1027C000B3FA83F35B0944EA830343F002042E6BFC
:1027D000F3070AD42B4653F82C2F624002F06E0206
:1027E00003F580531A602E63F8BD40F2013205F5FF
:1027F00040531A636B6AAF6A062007EB831700F039
:10280000A1F8054BBF02A3FB0030C00A0021B7FBB3
:10281000F0F0FFF709FFDDE7757B2B8FF8B5066B4E
:102820000546F3074FEA01140AD42B4653F82C2F20
:10283000544004F0100403F580531C602E63F8BD6F
:1028400040F2013200F540531A636B6AAF6A06200A
:1028500007EB831700F076F8054BBF02A3FB0030AF
:10286000C00A0021B7FBF0F0FFF7DEFEDDE700BF96
:10287000757B2B8F00EB400C4FEA8C0C0CF1804CDD
:102880000CF5803CF0B51646DCF80420051FB2F5C7
:10289000803F38BF4FF48032EDB238BFCCF804200F
:1028A000012D2AD94FF40067254C0CF540521760D2
:1028B00054F82020B2B9DCF80020012D82EA46123B
:1028C00002F0E0020CF5805632602AD94FF4006124
:1028D00044F820304FF480330CF500521160CCF8EE
:1028E0000430F0BD6769B7FBF2FE0EF1010E0EEB8E
:1028F0004E0EBEF1030EFCD2DDE70129D2D1032436
:102900000CF540521460DCF80820D207FBD5DCF847
:1029100000200B4C82EA461202F0E0020CF58056D1
:1029200032600122DCF800504D4005F003053560AF
:1029300002FA01F1DCF808200A42FBD0C6E700BF2A
:10294000C42C0020014B53F820007047C42C0020F9
:10295000584B2DE9F0431C6C1746B4F5803F38BF47
:102960004FF4803283B038BF1A64032280460E468B
:10297000514B504DDA636C6CE307FCD5EB6B4F4A5F
:1029800083F0200303F0E003D363EB6B494D83F046
:10299000010303F00303D3636C6CA407FCD54FF46D
:1029A00000624FF48039464B464CDA63464B424650
:1029B000636101213346C5F840904448009700F018
:1029C00057F94FF400616B6B07FB06F64B4538BFB8
:1029D000C5F83490384B2269B8FBF6F619633AB162
:1029E0006369B3FBF2F3013303EB4303033BFDD213
:1029F0003049324A0B6B03F0E00313630B6B83F037
:102A0000020303F0030313638B6B5807FCD54FF4E9
:102A100000654FF480332A4A15632D4A4B632261C7
:102A20000A6C9A424FF0030238BF0B64224B2149D3
:102A3000DA634B6CDA07FCD5CB6B204A03F0E0037A
:102A4000D363CB6B1B4983F0010303F00303D36310
:102A50004B6C9B07FCD54FF480334FF40065184A4C
:102A60006661D5630B64CA6C9A4238BFCB644FF47D
:102A70000061114BA26999643AB16369B3FBF2F347
:102A8000013303EB4303033BFDD24FF400604FF4EB
:102A90008031084A094D936C83F0400303F0E00352
:102AA000AB64074B084DA5619864D16403B0BDE8E1
:102AB000F08300BF000001400030014000100140E1
:102AC00000200140C42C0020006CDC020000054006
:102AD000001BB7002DE9F04F4FF4A078994685B060
:102AE000CDE902125F4CDFF884A154450AD908F100
:102AF000FF38A4F53B54B8F10F0FA4F12004F4D132
:102B0000002069E0072304F53722019403FB03F456
:102B100002F5D872B2FBF4FE70454FF0010C4FF095
:102B200002074FF003064FF004054FF005013FD0B8
:102B3000B3F1010E00F094800EFB03F4B2FBF4FB42
:102B400058454CD019B301FB03F4B2FBF4FB5845D4
:102B50004FD0E5B105FB03F4B2FBF4FB584553D06D
:102B6000AEB106FB03F4B2FBF4FB584557D077B186
:102B700007FB03F4B2FBF4FB58455BD0BCF1000F3C
:102B800005D00CFB03F4B2FBF4FB83455DD0734628
:102B900003FB03F4B2FBF4FE704501F1FF3105F1D4
:102BA000FF3506F1FF3607F1FF370CF1FF3CBFD1CF
:102BB00004FB1024002CBBD19E464A46DDF808B029
:102BC000DDF80C900120284901FB08F1CBF800103A
:102BD000C9F80030C2F800E005B0BDE8F08F04FB92
:102BE0001024002CAED14A46DDF808B0DDF80C9078
:102BF000E8E704FB1024002CABD14A468E46DDF8F2
:102C000008B0DDF80C90DDE704FB1024002CA7D100
:102C10004A46AE46DDF808B0DDF80C90D2E704FB7A
:102C20001024002CA3D14A46B646DDF808B0DDF8E2
:102C30000C90C7E704FB1024002C9FD14A46BE46E7
:102C4000DDF808B0DDF80C90BCE704FB1024002C84
:102C50009DD14A46E646DDF808B0DDF80C90B1E7B4
:102C6000019C44E750262F00001BB70050F80C00D1
:102C700070B4039D04682D0345EA03451B4B002CEB
:102C8000B3FBF1F3B2FBF3F61FDB194A194B904289
:102C900014BF4FF480424FF40042174C1A6003F502
:102CA00080531A60A36832EA0303FBD1212200F5A6
:102CB00040530433016086601A600268002AFCDA1F
:102CC0000822C5601A6070BC7047036803F03F03B8
:102CD0008B42DAD18368C3F30B03B342D5D1C36807
:102CE00003F4EE23AB42D0D1EDE700BF001BB700E9
:102CF0000080054000200240000002400A4B0B49C2
:102D00000B4A5960D3681904FCD40A4BD26843EAD1
:102D100000130949534009481940054AC160D36866
:102D20001B04FCD4704700BF002010400020FE5A56
:102D3000000010400000FE5AF001FE5A0010104042
:102D400030B44FF080441C4B1C60E0B11B4CA3F529
:102D50004053DC611A4C40F0010044401C6259624F
:102D600098624FF080454FF0E061134B1548164CC8
:102D70001D60846019604AB930BC4FF00042A3F571
:102D800080531A607047114BD861EAE74FF47A73A9
:102D900003FB02F2B2F1807F2ABF6FF07F4313463C
:102DA0001A464FF080410A4C08482360094B4260A4
:102DB00030BC1960704700BF00B00D40D3C007B0F1
:102DC0002D3FF84F00A00140F3FFFF0100800D40B0
:102DD000FC48002000A00D40012300EB40008000D3
:102DE00000F1804000F5841041600360704700BF2F
:102DF000002370B5DB8A04460D46002242E800F24B
:102E0000520254BF1021042144F2522098478646B2
:102E10002B462246F446BDE870400A214FF48170EB
:102E2000604700BF0023DB8A002242E800F2520222
:102E300001D4102118470421184700BF08B50346E4
:102E40000846191E02DB1AB140F03000FFF7D0FF30
:102E500040F02000FAE700BF002310B5DA8A0446EC
:102E600086B0002343E800F35B0254BF1021042125
:102E700045F24730904710220346052101A89847A4
:102E8000052802D0002006B010BD0DF1080CBCE8EA
:102E90000F00206001206160A260E36006B010BDF9
:102EA000034AD2F82838002BFBD0BFF35F8F70475E
:102EB00000000E400021044B044ABFF35F8F43F82B
:102EC000041B9342F9D170470C080E402C080E40A9
:102ED00010B44FF48D704FF42A64064A064B07492C
:102EE0001460D06019605368002BFCDA5DF8044B65
:102EF000704700BF0080044000A0044000B0FA000A
:102F0000704700BF08B50148FEF7D0F97C9001106A
:102F100038B5054C054DAC4204D254F8043B9847F3
:102F2000AC42FAD338BD00BF408B0110808B01103A
:102F300038B5054C054DAC4204D254F8043B9847D3
:102F4000AC42FAD338BD00BF6C8B0110808B0110EE
:102F500010B40748074C084B084A094904601A6036
:102F60008B6832EA0303FBD15DF8044B704700BF66
:102F7000002002407F3BEFEF00300240F6FFF303FA
:102F800000000240044BDB6CB3F5004F03D14FF45B
:102F90008022024BDA64704700001150002011506B
:102FA0004FF0E022044BD2F8881D0B43C2F8883D55
:102FB00010EE3004704700BF030330006FF0604133
:102FC000044B054A19609368DB4333F06043FAD140
:102FD000704700BF003002400000024010B545F2CB
:102FE0005320FFF71FFFBDE8104003460420184799
:102FF00010B545F25320FFF715FFBDE8104003461A
:1030000001201847FEF73EBA1449154B70B55C1AFB
:10301000A610442E324628BF4422124D9200284664
:1030200015F048FBB4F5867F13D80F4AC6F144006B
:1030300012D02B19410803EBC101C3E90022083368
:103040008B42FAD1C30704D520F00100304445F883
:103050002020064B9D6070BD4320F8E70000001063
:1030600010010010000000201101001000ED00E030
:10307000002370B52B4C82B0C4F88430FFF728FFD2
:103080000122294BDA63636C012BFCD10321264A10
:10309000244B11639C6B012CFCD102260525214693
:1030A0000523224A22480096FFF7E2FD21462B46DF
:1030B000204A21480095FFF7DBFD0022042031461D
:1030C0001E4BFFF7D7FB2146284600221C4BFFF77B
:1030D000D1FB0022082011461A4BFFF7CBFB002240
:1030E00009201146174BFFF7C5FB002206201146A9
:1030F000134BFFF7BFFB0022114B07201146FFF7D0
:10310000B9FB0420FFF71EFC00240F4BA3FB003586
:10311000AD0CE0B229460134FFF75EFE062CF8D173
:1031200002B070BD0000014000300140002F68591E
:1031300000000540008C864700800540001BB7005A
:1031400080D1F008006CDC0283DE1B4386B003B440
:1031500051FC0804CDE9020151FC0904CDE9040148
:1031600051EC0A04CDE9060103BCF047BDE800506C
:103170004EEC00C4BDE800504EEC01C4BDE8005068
:103180004EEC02C400BD000000B5FFF7DFFF02E017
:1031900010FE30F4F8D441EC100443EC112400EE9E
:1031A000010410EE010480EE200451EC100470477D
:1031B00000B5FFF7CBFF02E010FE30F4F8D441EC8D
:1031C000100443EC112400EE010410EE210480EE03
:1031D000200451EC3004704700B5FFF7B7FF02E060
:1031E00010FE30F4F8D410B541EC100443EC112477
:1031F00051EC040453EC0524A0FB024C5FF0000EDC
:10320000E0FB03CEE1FB02CE4CEC20440024E1FBCA
:1032100003E444EC30E480EE200451EC5004BDE8BB
:103220001040704700B5FFF791FF02E010FE30F448
:10323000F8D441EC100443EC112451EC2104A0FB20
:1032400001126FEA820252FB100052FB12F252FB93
:103250001000A0EBD07C53EC04245CFB13F153EC86
:103260001524A1FB022001FB030053EC4424A2EB34
:10327000000050FB1CF24FEA111312EB017043EBFC
:10328000E27140EA515020EA915020F0070053ECDF
:103290007524A0FB023C53EC752400FB03CC01FB1E
:1032A00002CC53EC0424ACEB824C40EA5C70A0F1FD
:1032B000010041EC400480EE200451EC70047047A2
:1032C00000B5FFF743FF02E010FE30F4F8D440EC05
:1032D000700400EE010410EE210480EE200451EC95
:1032E0003004704700B5FFF731FF02E010FE30F404
:1032F000F8D440EC600400EE010410EE210480EEEE
:10330000200451EC3004704700B5FFF71FFF02E0C6
:1033100010FE30F4F8D441EC800400EE010410EE0D
:10332000010480EE400410EE1304704700B5FFF76F
:103330000DFF02E010FE30F4F8D441EC800400EE02
:10334000010410EE010480EE400410EE33047047D7
:1033500000B5FFF7FBFE02E010FE30F4F8D441ECBC
:10336000100443EC112400EE010410EE3004C0F30D
:103370000070704700B5FFF7E9FE02E010FE30F480
:10338000F8D443EC102441EC110400EE010410EEDB
:1033900030F48CBF01200020704700BF00B5FFF75C
:1033A000D5FE02E010FE30F4F8D443EC102441ECDA
:1033B000110400EE010410EE30F42CBF01200020B7
:1033C000704700BF00B5FFF7C1FE02E010FE30F409
:1033D000F8D441EC100443EC112400EE010410EE8B
:1033E00030F42CBF01200020704700BF00B5FFF76C
:1033F000ADFE02E010FE30F4F8D441EC100443ECD2
:10340000112400EE010410EE30F48CBF01200020E6
:10341000704700BF38B50446094815F059FB2046EF
:1034200014F0E0FC0546064815F04EFB2DB1054BA7
:103430002C449C4201D8284638BD0348FDF736FF8E
:1034400058220020000008208890011070B5044622
:103450000E460B4815F03CFB3146204614F082FC2A
:103460000546074815F030FB06FB04F42DB1054B6B
:103470002C449C4201D8284670BD0348FDF716FF36
:1034800058220020000008208890011010B5044642
:10349000054815F01DFB204614F0ACFCBDE81040BB
:1034A000014815F011BB00BF582200209A4238BFD6
:1034B00088547047704700BF2DE9F04F83B099469C
:1034C000DDE90DAB0F9B884611469A07074616D1DA
:1034D000DA453AD20C460D46ABEB0A060E442246BC
:1034E0004B46414620200134B847B442F7D1294623
:1034F000BAF1000F08D1204603B0BDE8F08F0C46AA
:10350000BAF1000F10D00E4655460C9B2E449A443B
:103510000191721B4B46013D41461AF8010D34469C
:10352000B847002DF5D101990F9B9B07E3D5651A8C
:10353000AB45E0D922464B46414620200135B847ED
:103540005D4504F10104F5D3D5E70C46BAF1000F4F
:10355000D9D1D0E72DE9F04F0F9FDDF8248017F087
:10356000020F0A9C9DF82CA00E9DDDE90C9644D11B
:10357000F5BBB44241D207F0010B04F1FF3C4FF020
:10358000300EC44404E00134A6420CF801EF01D926
:10359000202CF8D1BBF1000F00F08880A5422CD977
:1035A00004F1FF3C4FF0300EC44404E00134AC425F
:1035B0000CF801EF21D0202CF8D117F0100F0ED00D
:1035C00017F4806F54D1A64263D0A54261D0B9F1FF
:1035D000100F50D0B9F1020F56D0202C29D1202441
:1035E000CDE90B57CDE90984BDE8F04FFFF764BF83
:1035F00017F0010B34D1B442BFD317F0100F1ED017
:1036000017F4806FE3D1002CDDD1B9F1100F63D036
:10361000B9F1020F77D0302488F800400124BAF1C4
:10362000000F11D17E0748D52B2608F8046001341D
:10363000D6E7264601344FF0300C08F806C0202C9F
:10364000CDD0BAF1000FEDD02D2608F8046001347A
:10365000CDE90B57CDE90984BDE8F04FFFF72CBF4A
:10366000BAF1000F30D0B44205F1FF3585D395E7AC
:10367000B9F1100FB3D1BE063BD5202CAFD05826E0
:1036800008F804600134A8E7202CA8D026460134AD
:1036900007E0661EB9D0B9F1100F36D0B9F1020FAC
:1036A000C9D14FF0620C08F806C096E717F0100F6A
:1036B000C5D017F4806F86D089E73E0790D52026C5
:1036C00008F8046001348BE717F00C0F00D0013DBF
:1036D000B442FFF452AF61E7BC0612D4782488F8F4
:1036E0000040302488F801400224BAF1000F99D03C
:1036F000AAE7202C3FF473AF782608F80460013461
:103700006BE75824EBE76224E9E717F0200FA4F1F8
:10371000020C04D04FF0580E08F80CE08BE74FF085
:10372000780E08F80CE086E700B9704701F09CBB02
:1037300010B1D1E900311847704700BF0000000008
:103740002DE9F04F97B09DED207BDDE9225B074628
:10375000884651EC170B249C99460C920B46024666
:103760008DED047B0794FFF7F7FD002840F0F4810E
:10377000DDE904014FF0FF326FF48013FFF7FEFD27
:10378000002840F01B81DDE904014FF0FF32AC4B13
:10379000FFF730FE002840F0EE80DDE90401A4A32D
:1037A000D3E90023FFF726FE002840F0D380DDE9AF
:1037B0000401A1A3D3E90023FFF7E0FD002840F0B6
:1037C000C980DDE9040100220023FFF7D7FD0028AE
:1037D00040F0E88023460D9013F4806F08BF062563
:1037E00030212B460EAAA5F1200605E0013BB3428D
:1037F00002F8011B00F09381092BF7D81E46ED1A41
:10380000DDE90401FFF784FD8E4B044603EBC6039C
:1038100093ED007B8DED087BFFF756FD02460B46CE
:10382000DDE90401FFF7C8FCDDE90823FFF7D8FC58
:1038300002460B46CDE90A23FFF77CFD8246FFF7DF
:1038400055FD02460B46DDE90A01FFF7B5FC0246CD
:103850000B46CDE90A2300227B4BFFF7CBFD002866
:1038600000F0FE800AF1010A5046FFF73FFD0246D4
:103870000B46DDE90801FFF795FD10B14FF0000A96
:103880000134002E00F0FD80681E0EABDFF8CCC1C5
:1038900018440FE0ACFB0A21C90801EB8102AAEB36
:1038A00042023032BAF1090F00F8012F40F21C81B8
:1038B0008A461D46202D05F1010306F1FF36E9D1A8
:1038C0002025691E0EAB6148194410E080FB04629C
:1038D000C3EBA20303EB8302A4EB420404F1300226
:1038E00001351C4601F8012F002B00F0EB80202D44
:1038F0004FEAE473EAD1079B03F00303012B18D1CD
:10390000BBF1000F15D00D9B002B00F00A810BF1CD
:10391000FF3BBBF1200F0CD96B1E0EA930220B44CC
:1039200005E001355D4503F8012F80F0D180202DA1
:10393000F7D1079B0EACCDE902B341464B46384662
:103940000C9A01950094FFF7B7FD8246504617B0D8
:10395000BDE8F08F079B9DED047BCDE923B3414685
:103960004B4638460C9A8DED207B229517B0BDE86A
:10397000F04F00F045B9610723464CBF04230323F1
:103980004146219338464B46079A48BF304CCDE913
:1039900022B258BF2F4C0C9A209417B0BDE8F04FBC
:1039A000FFF78ABDDDE9042300200021FFF704FCB6
:1039B0000123CDE904010D9323460DE723469C071F
:1039C00040F0AA80BBF1040F40F2A6800C9B1D467C
:1039D0001C1F04EB0B0A2A464B46414620200135AA
:1039E000B847AA45F7D155461B4C261F14F8010DC0
:1039F0002A464B464146B847B44205F10105F5D188
:103A0000079B0AF1040A9807A0D50C9CAAEB0403B3
:103A10009B459BD952464B46414620200AF1010A5C
:103A2000B847AAEB04035B45F4D38FE7AFF30080FC
:103A30000000000065CDCD410000000065CDCDC186
:103A4000FFFFEF7F08B101100000E03F6766666688
:103A5000DC900110E4900110F0900110CDCCCCCCA2
:103A60000022DDE90A01634BFFF788FC00287FF4A0
:103A700008AFBAF1000F6AD10AF1010A002E7FF4F3
:103A800003AF2046FFF720FC02460B46DDE90401A8
:103A9000FFF792FB02460B46CDE904230022554B6B
:103AA000FFF76CFC00287FF40CAFDDE90401002275
:103AB000504BFFF79FFC00287FF403AF013424F044
:103AC0000104FEE6079B03F00303012B00F0828054
:103AD000202D3FF42EAF0D9B7BB32D220DEB050364
:103AE00083F83820013524E7202B3FF4E9AE0EAAF5
:103AF00015441E44302204E0202B05F8012F3FF42A
:103B0000DFAE9E4203F10103F6D12E220DEB060338
:103B100083F83820751CD4E6DDF830A063E7202553
:103B20006EE6079B13F00C0F50D00BF1FF3BAB453B
:103B30003FF6F2AE202D3FF4FCAE079B5A0701D5AD
:103B40002B22CBE71B077FF5F4AE2022C6E71AF045
:103B5000010F3FF496AE8FE7A60734D1BBF1030FF8
:103B600031D90C9B1D46DC1E04EB0B0A2A464B4642
:103B7000414620200135B8475545F7D155461E4CE2
:103B8000E61E14F8010D2A464B464146B847A642A8
:103B900005F10105F5D1079B0AF1030A9D077FF5A1
:103BA000D5AE0C9CAAEB04039B457FF6CFAE5246E4
:103BB0004B46414620200AF1010AB847AAEB04030C
:103BC0009B45F4D8C2E6DDF830A0D7E7AB453FF619
:103BD000A3AEAEE6BBF1000F3FF47AAF0D9B002B16
:103BE0009FD00BF1FF3B5D45FFF496AE202D7FF497
:103BF00074AF9EE60000E03FEB9001100000000073
:103C00002DE9F04F9FB02A9EDDE9284507469346EF
:103C10000891099322462B46204629460E96DDE957
:103C20002BA6FFF799FB002840F0BE8020462946CE
:103C30004FF0FF32784BFFF7DDFB002840F0B480F7
:103C4000204629464FF0FF326FF48013FFF796FBB2
:103C5000002840F0A9802046294600220023FFF7D3
:103C60008DFB002840F0D581CDE90A45DDE90A2326
:103C70009046994606F4006216F480630F921393FF
:103C800040F0A18058EA090340F0CA80002A40F0C1
:103C9000E38106230E9316F00202109240F0D481C5
:103CA0005346042B38BF04230C920422043B129287
:103CB0000F932046294600220023FFF75FFB0028D0
:103CC00040F0F3819DED0A7B0F9B5A4603930E9BB8
:103CD0008DED007B029326F4006304933846099B24
:103CE0000899FFF72DFD024616F0200F099B089951
:103CF0000CBF6520452002F10108B8470C9A129BC1
:103D000016AC5D1E82EAE273A3EBE273D10F0026CC
:103D100022469946DFF804C101E0202E10D0CE469D
:103D2000ACFB0930C00800EB8003A9EB4303303340
:103D3000BEF1090F814606F1010602F8013BECD8FD
:103D40000523002006930A2305950094099D089CED
:103D50004246CDE90330CDE901612B462146384684
:103D6000FFF7F8FB109A8046D2B1A0EB0B06B245E4
:103D700016D90BEB06022B46214620200136B84708
:103D8000B245F6D80BF1FF335344CBF10102A3EB5C
:103D900008034244924538BF002308F101089844C3
:103DA00040461FB0BDE8F08F5A463846CDE9284559
:103DB000CDE92BA60E9C099B08992A941FB0BDE85B
:103DC000F04FFFF7BDBC58EA09032BD1002A3FF49E
:103DD00062AF00230C930E9B0C9A934200F3B981BF
:103DE0004FF000082046294600220023FFF7C6FABC
:103DF000002840F013819DED0A7B26F4006646F40E
:103E000080668DED287B5A463846CDE92A8A099B83
:103E100008992C96D2E700BFFFFFEF7FCDCCCCCC2A
:103E200006230E93C9F30A50A0F2FF30FFF74CFAB5
:103E3000C1A3D3E90023FFF7D3F9C1A3D3E900233A
:103E4000FFF7A6F9C9F31309CDE90C0149F07F5139
:103E500040460022B24B41F44011FFF7ADF9A4A354
:103E6000D3E90023FFF7BCF902460B46DDE90C015C
:103E7000FFF78EF9FFF74CFA0C90FFF725FA9EA397
:103E8000D3E9002380468946FFF7AAF90022A54B13
:103E9000FFF77EF9FFF73CFA034649464046129386
:103EA00097A3D3E90023FFF79BF980461298894630
:103EB000FFF70AFA94A3D3E90023FFF791F902462A
:103EC0000B4640464946FFF777F902460B468046C7
:103ED0008946FFF785F942464B46CDE91001404639
:103EE0004946FFF755F90022CDE91401DDE910013B
:103EF0008D4BFFF79BF900228C4BFFF749F90246E7
:103F00000B46DDE91001FFF791F90022884BFFF71E
:103F10003FF902460B46DDE91001FFF787F94246FB
:103F20004B468046894600204FF08041FFF744F918
:103F300002460B4640464946FFF72AF902460B4621
:103F4000DDE91401FFF772F900227A4BFFF720F93F
:103F5000129B002203F2FF3C4FEA0C53FFF740F99B
:103F600080468946DDE90A0142464B46FFF706FADC
:103F700050B10C9B4046013B49460C9300226B4BD1
:103F8000FFF754F9804689460C9A43466332C62AA5
:103F900006F00202109249460F9A2CD8002A5ED0F1
:103FA000042212920B433FF416AFDDE90A0158A335
:103FB000D3E90023FFF70AFA48B1DDE90A0156A365
:103FC000D3E90023FFF7DAF900287FF404AF0E9B52
:103FD000002B50D0139A002A7DD0013B0E93129BE8
:103FE0009A4505D9109B002B00F0AE800223109358
:103FF00000230F9344E022BBBAF1050F4FD906F01E
:104000000203002B49D105231293AAF105030F9354
:104010003AE005F100430A940B9327E626F4006684
:1040200046F4806638462C96DDE90A67344607F187
:1040300000455A46CDE92A8ACDE92845099B0899C9
:10404000BCE605221292ADE700230222CDE90F3231
:1040500004220C9312922CE64FF00508C2E6BAF146
:10406000040F1FD9109B002B78D104231293AAF1BF
:1040700004030F9304E0129B9A4531D80E9B0F93D3
:104080000C9B002B3FF415AEDDE90A0142464B467E
:10409000FFF7CCF8CDE90A010BE6022310930523C4
:1040A0001293F1E704231293EAE7DDE90A45A046FB
:1040B0000F9B05F1004903930E9B5A46029326F489
:1040C000006304933846CDE90089099B0899FFF7FE
:1040D00037FB024608E6129B9A4544D80F92CFE779
:1040E000109B8BB30E9B0F9302231093C8E700BF66
:1040F00061436F63A787D23F71A379094F930A4049
:104100001655B5BBB16B0240EF39FAFE422EE63FC1
:104110002D431CEBE2361A3F0000000080842E4144
:104120000000F83F0000E03F00002C400000244069
:10413000000018400000F03FFB799F501344D33F2C
:10414000B3C8608B288AC63F129BAAEB03030F9368
:1041500096E7A3EB020808F1FF3843E60423129325
:10416000022310938CE7109B002BEDD002230F92BB
:10417000109385E72DE9F04F9BB0249C954D0A9450
:10418000954CB1F1000A18BF834625601878934C0E
:10419000914608BFA3460993002800F093824FF090
:1041A00000080AE042464B46514608F10108D8474C
:1041B000099B1878002800F0CE80099B252803F180
:1041C00001030993EED11C460023224612F8010B8D
:1041D000A0F1200110290AD8DFE801F04009093CCC
:1041E0000909090909090938093409093000A0F148
:1041F00030010929099440F28A802A2800F0F080D1
:1042000000252E2800F096800026A0F168011229D2
:104210002DD8DFE811F049012C0043012C003801B2
:104220002C002C002C002C002C002C002C00270033
:104230002C002C002C002C002C002700144643F0EE
:104240000103C2E7144643F00203BEE7144643F0FD
:104250000403BAE7144643F01003B6E7144643F0EC
:104260000803B2E70999487843F48073013267285C
:1042700009927ED8242840F2C180A0F12502422A6A
:1042800000F2BC80DFE812F05001BA00BA00BA00B8
:10429000BA00BA00BA00BA00BA00BA00BA00BA004E
:1042A000BA00BA00BA00BA00BA00BA00BA00BA003E
:1042B000BA00BA00BA00BA00BA00BA00BA00BA002E
:1042C000BA00BA00BA00BA00190137011901BA00E0
:1042D000BA00BA00BA00BA00BA00BA00BA00BA000E
:1042E000BA00BA00BA00BA00BA00BA00BA00BC01FB
:1042F000BA00BA00BA00BA00BA00BA00BA00BA00EE
:10430000BA00BC015801BC0119013701190100258F
:1043100000E0013205EB850500EB45051078303DE6
:10432000A0F130010929F4D92E28099202F10102E5
:104330007FF46AAF099943F4806348781146A0F18D
:104340003006092E40F221812A2800F02F8109929F
:104350000026013259E74446C14501D809F1FF382A
:104360004B46424651460020D84720461BB0BDE888
:10437000F08FA0F16902D2B20F2A3FD8012149F291
:1043800041079140394040F0F3800A2A3DD0072A86
:1043900034D10A9D55F8042B002A00F0138143F014
:1043A000210012AB1F460B9303E0202900F014817B
:1043B0001A4602F00F042346092C94BF30333733DA
:1043C0000F2A07F8013B01F101014FEA1213ECD863
:1043D00002E100BF75410010F4480020B534001020
:1043E0000A99099851F8045B4078002DCDE909211C
:1043F000BCBF43F002036D42013202E742464B4626
:10440000514608F10108D847D2E60A99002E51F822
:10441000047B18BF3246387808BF4FF0FF320028BF
:1044200000F07B83BC18A4463A4604E012F8014F22
:10443000002C00F03F819445F8D16446E41B5A05F6
:1044400040F12281B44228BF344613F0020300F049
:1044500088820223CDE90A5142461D46464408E0BF
:104460004B465146D84717F8010F08F1010810B123
:1044700042464645F4D12B460B990A9D002B40F04D
:1044800041810A9194E6099948786C287FF4ECAE52
:104490000A46887843F440730332E8E6099943F406
:1044A000007348780132E2E609994878682800F0FC
:1044B000038143F080030132D9E6672800F0D980F8
:1044C000472800F0DC80452800F0DB80CDE903536D
:1044D0000A9B0296073323F007031C464246F4E882
:1044E00002674B4651465846CDE900670A94FFF7EC
:1044F00087FB80465CE6462808BF43F02003CDE9F1
:1045000003530A9B0296073323F007031C464246D7
:10451000F4E802674B4651465846CDE900670A94D5
:10452000FFF70EF9804643E642464B4651462520AA
:1045300008F10108D8473BE60A9A990702F10404FA
:1045400008F1010640F1C68010784B4642465146BC
:10455000D847012D88BFA84440F2BD8132464B4662
:10456000514620200136D8474645F7D10A941FE628
:104570006F2800F0818040F24882782800F0908116
:104580000A2723F01003BC4641E0002606EB86060E
:1045900000EB4600A0F1300611F8010FA0F1300247
:1045A000092AF3D90A46099101322EE6DDE90921EB
:1045B00051F8046B9078023209920A91013226EA8E
:1045C000E67622E623F0100013F4806240F021002A
:1045D0003FF4E7AE12AB0B930B9B069000930823BE
:1045E0001020059300234246CDE9023001914B464D
:1045F000514658460496FEF7ADFF0A958046D7E52A
:10460000582862D0622840F08F800227BC4613F4FD
:10461000806000F0DD8023F00D0313F4007240F0A1
:1046200081810A990F1D13F4807140F037825C0676
:104630000A9A40F13B811278002A40F04E8123F023
:104640001003002800F04981114612AA0B92CDE90F
:104650000553CDE903C601910B9B4246009300230D
:104660005146029358464B46FEF774FF0A97804620
:104670009EE543F4006329E70827BC46C7E743F4F7
:10468000006343F0200321E713F0020300F08E8162
:1046900002230A951E460D4642464B465146D847D0
:1046A00017F8010F08F101080028F5D12946334613
:1046B0000A9DE3E6D41BC2E60A46887843F0C003AD
:1046C0000332D4E50446804646E6102743F0200333
:1046D000BC469CE7012D40F2F880464608F1FF37C2
:1046E0002F4432464B46514620200136D847BE4221
:1046F000F7D10A9B3246187851464B46D847A84412
:104700000A9455E54646A5427FF6BBAEA844A8EB01
:1047100004080C4632464B46514620200136D84705
:104720004645F7D12146ACE613F4806200F0BB8029
:104730004FF4806223F0110C1CF400770A9B4AD1DD
:104740001CF4807003F1040440F034811CF0400F2D
:1047500040F0A3801CF0800F00F0D381B3F900106B
:1047600081EAE177A7EBE177BFB2CB0F002900F038
:1047700056813A4612A90F46DFF8D8E30B910A9307
:104780000C9501E020280FD01546AEFB0213DB0884
:1047900003EB8301A2EB41013031092D1A4600F1F0
:1047A000010007F8011BEDD80A9B0C9DCDE9055CC3
:1047B000CDE9010304960B9B424600930A23514620
:1047C000039358464B46FEF7C5FE0A948046EFE435
:1047D00023F00C0321E7073323F0070319460846AB
:1047E0005B6850F8081BDF0F0A9051EA030062D1A2
:1047F000002A40F09F811346114612AACDE90C759C
:1048000000201546CDE90E68DFF848E30B9201E081
:1048100020282DD05A1842F10002AEFB027828F071
:10482000030707EB9807D21B1E469B1A61F100078E
:104830000C464FF0CC3101FB03F10EFB0711A3FB3B
:104840000E731944052307F00108A8FB03389B18D1
:104850000A2E03F130034FEA570774F1000405F8FC
:10486000013B00F1010047EAC1734FEA5101CFD289
:10487000DDE90C75DDE90E680B9B424600930A23C7
:10488000CDE9055CCDE90107049603934B465146FB
:104890005846FEF75FFE80468AE419780F4664E7C3
:1048A0001027BC46B3E623F0100C45E71C064CBFAE
:1048B00012881268C0E60A46191E01DB13469CE7FF
:1048C0005242134661EB410197E71346514618786F
:1048D00042464B46D847B04648E613F0200F14BF77
:1048E0004120612012ACA6460B940A93A0F10A0461
:1048F0000C9502E0202912D02A46B2FBFCF50CFBF5
:104900001520C3B2092803F130008ABF1B19C3B2B6
:10491000DBB262450EF8013B01F10101EAD20A9BCC
:104920000C9D94E60A9A073222F00702516852F869
:10493000084B8E460A9254EA010276D123F0100306
:10494000002872D00022114612AA0B92CDE905531D
:104950000B9B424600930023CDE903C601910293CD
:1049600094E7A54298BF01347FF674AD4FF480639D
:10497000CDE90A7505EB08021F460D46141B424699
:104980004B465146202008F10108D847A045F6D1F2
:104990003B460A9F294638780B9D6C1C00283FF443
:1049A00070AD002B3FF475AE002353E5A542DFD870
:1049B00001346EE61968CB0F002900F0A88081EA67
:1049C000E172A2EBE17212A90846DFF888E10B91CF
:1049D0000A930C9501E0202F0FD01546AEFB021371
:1049E000DB0803EB8301A2EB41013031092D1A46AC
:1049F00007F1010700F8011BEDD80A9B0C9DCDE9DA
:104A0000055CCDE901730496D5E6692823F0100C06
:104A100040F08C8013F480623FF48EAE88E6002A6A
:104A20003FF4A8AE12AA0B92C0E613F0200F14BFF9
:104A300041226122002012A90A3ACDE90E68CDE98F
:104A40000C35CDF844B006468846754693460B9122
:104A5000CDF840C003E0202E17D004460D4629466D
:104A60003A460023204614F02BF8D2B2092A02F16C
:104A7000300388BF02EB0B03BC42DBB275F10005CB
:104A800008F8013B06F10106E5D23146DDE90C35B7
:104A9000DDE910CBDDF83C800E9E57E70A990968E6
:104AA00051B923F0100338B112A90B91CDE9055388
:104AB000CDE903C60192CFE513F0200F14BF4120CA
:104AC000612012ACA6460B940A93A0F10A040C953F
:104AD00002E0202A12D02946B1FBFCF50CFB151090
:104AE000C3B2092803F130008ABF1B19C3B2DBB27D
:104AF00061450EF8013B02F10102EAD20A9B0C9DCE
:104B0000D4E7196881EAE177A7EBE1772DE6002A7F
:104B10003FF459AF12AA0B9271E713F480640DD0E1
:104B200013F0020412D004464646ECE50A27634619
:104B3000BC466CE512AB00200B939DE613F002031C
:104B40007FF4E0AD002D7FF413AF9AE4002D7FF4E5
:104B50000DAF96E4CDCCCCCC0EB410B585B007AC7F
:104B600054F8043B01464FF0FF320094044803948C
:104B7000FFF700FB05B0BDE8104003B0704700BF71
:104B8000AD34001070B594461E4605460C4684B000
:104B90004FF0FF32634602A900960348CDE9025464
:104BA000FFF7E8FA04B070BD3137001010B5094BBB
:104BB00084B01C684CB1034600914FF0FF3203A94A
:104BC0000548A047012004B010BD00F08FF9204631
:104BD00004B010BDF44800202937001000BEFDE7E6
:104BE000074A0346106838B1064903448B428CBF1C
:104BF0004FF0FF3013607047034908461160F3E738
:104C0000A83F00200000082050FD002008B5FFF755
:104C1000E5FF00BF38B5064C064DFEF779F9AC420A
:104C200004D254F8043B9847AC42FAD338BD00BFD5
:104C3000808B0110888B01100368084611461847C5
:104C40002DE9F0411546427D07468846002A46D0A8
:104C5000002D1DDD0B780A2B23D0012D4FF0000C09
:104C600018D04646012416F8012F21460A2A04F1DD
:104C7000010422D0A542F6D165450BDC08EB050303
:104C800013F8013CA3F10D03B3FA83F35B093B7501
:104C9000BDE8F0813B68A5EB0C0108EB0C009847E0
:104CA000ECE7037D002BD8D1036802210F48984719
:104CB000012DE3D04FF0010CD3E716F8013C0D2B8A
:104CC000D8D08C4508EB0C00A1EB0C0101DA3B6855
:104CD0009847022105483B689847A446CAE72946F9
:104CE00040463B68BDE8F041184700BF58B101108D
:104CF0000B682DE9F041802B0D46064605D05A1C65
:104D00002B442A601E71BDE8F0810F4B1C68A4B1D2
:104D10000E4F01F1040801E0246974B12368002BEF
:104D2000FAD03B680BB1A342F6D1204641462A682F
:104D3000FFF786FF2469002CF0D1002301222B44C9
:104D40002A601E71BDE8F081983F0020A43F00203A
:104D50002DE9F04782B00D4691461C460646FDF708
:104D600059FC4FF0FF3C6FF000472E4A821841F18A
:104D70000003944577EB03013CBF62463B462A485B
:104D800013F0B2FE6B1C804640D00CB3274F284B6B
:104D90001C68B4B1B9F1000F1CD1DFF89C9001E0A0
:104DA000246974B12368002BFAD0D9F800300BB114
:104DB0009C42F5D120462A463146B8472469002C4A
:104DC000F0D1B8F1000F26D1284602B0BDE8F08737
:104DD000184FDCE74FF00A0ADFF85C9002E0246924
:104DE000002CEED02368002BF9D0D9F800300BB19D
:104DF000A342F4D12A4631462046B8470122204634
:104E00000DF107018DF807A0B847E8E7304613F029
:104E1000C7FC0546B9E7044813F056FE284602B021
:104E2000BDE8F08740420F0060220020414C001096
:104E3000983F0020394C0010A43F0020084A136816
:104E400023B90AE003F110021B6933B18342F9D19F
:104E500029B9186910601961704701B11060704775
:104E6000983F002000F0DEBAF0B583B006468DF81A
:104E70000700FDF7CFFB4FF0FF356FF00044174AF6
:104E8000821841F10003954274EB03013CBF2346B5
:104E90002A46134813F028FE124B07461C689CB1A3
:104EA000114D01E024697CB12368002BFAD02B68F6
:104EB0000BB19C42F6D1204601220DF10701FFF70C
:104EC000BFFE2469002CEFD117B9304603B0F0BD06
:104ED000034813F0F9FD304603B0F0BD40420F0027
:104EE00060220020983F0020A43F002038B50446EF
:104EF00013F056FC012305461A4620462946FFF7C3
:104F000027FF084B1C682CB163682BB198472469B4
:104F1000002CF9D1284638BD2469002CF4D128464C
:104F200038BD00BF983F00202DE9F041A2B00446F3
:104F30000D46FDF76FFB4FF0FF376FF00046264A36
:104F4000DFF8A480821841F10003974276EB030159
:104F50003CBF3A463346214813F0C6FD00272B4696
:104F60002246064601A91E480197FFF70BFE019B4A
:104F70000546D8F80040C3B1002C2BD0194F01E0F2
:104F8000246974B12368002BFAD03B680BB1A342AB
:104F9000F6D12046019A02A9FFF752FE2469002C9F
:104FA000F0D10023D8F8004001932CB1636843B1DD
:104FB00098472469002CF9D12EB9284622B0BDE8C3
:104FC000F0812469F1E7054813F07EFD284622B000
:104FD000BDE8F0810194EFE740420F00602200201D
:104FE000F14C0010A43F0020983F00200FB400B502
:104FF00083B004A951F8040B0191FFF795FF03B0AA
:105000005DF804EB04B07047704700BF0022014B0D
:105010001A70704737FD00204B79FF2B0BD1887930
:1050200048B9CB79012B07D1082A05D9034B8A78D7
:1050300009201A7070470020704700BF37FD00201C
:1050400001207047012901D00120704708B5104B9D
:1050500091881B78994201D0002008BD5378012B1C
:1050600008D0022BF8D1002164220846FDF768FE23
:10507000012008BD5188CB0548BF480AC1F3402232
:1050800058BF4FF0FF3001F07F01FDF7D7FE00BFA2
:1050900037FD00200048704724B20110012907D1D4
:1050A0005378012B02D19388072B03D0002070473F
:1050B000012070471146A623014A01F041BA00BF02
:1050C0007CB101100346012201481A70704700BFED
:1050D0005CB1011008B50B68B3F5966F00D008BD40
:1050E00000224FF0FF301146FDF7A8FE024A034BA5
:1050F00010601960704700BFB02C0020B42C002055
:10510000184B70B51A68002A28D0EFF3108172B6D8
:10511000D2E8CF4F0120002CFAD1C2E8440F002C76
:10512000F6D1BFF35F8F00220F4C186859602270D0
:10513000C0E88F2F81F31088002400250B4E3078B3
:10514000FCF7E2F920B9002400252046294670BD6D
:105150003078FCF7E9F92046294670BD4FF47A749F
:105160000025EBE794BB002040FD00203DFD002022
:10517000014B1878FCF7D8B93DFD002038B504463E
:1051800000200D4601F00CFBA8B3002001F01EFB2F
:1051900088B3FDF73FFA4FF0FF3E6FF0004C174A1F
:1051A000821841F1000396457CEB03013CBF724637
:1051B0006346134813F098FCE8B1002001F0F0FAC0
:1051C00058B900214FF0FF3000F012FD6FF00204DB
:1051D0000B4813F079FC204638BD002001F0F6FAA8
:1051E0000028EED021462A46002001F0F9FA0446B4
:1051F0000028EDD1EAE76FF00204ECE740420F002F
:105200009CFC002008B5FDF705FA4FF0FF3E6FF05B
:10521000004C0F4A821841F1000396457CEB0301D4
:105220003CBF724663460B4813F05EFC70B14FF012
:10523000FF30002100F0DCFC002001F019FB002809
:10524000F5D1BDE80840034813F03EBC08BD00BFDF
:1052500040420F009CFC00202DE9F84380460F4699
:10526000FDF7D8F94FF0FF356FF00044334A82184C
:1052700041F10003954274EB03013CBF2A462346EB
:105280002F4813F031FC08B9BDE8F883002001F085
:1052900087FA002847D0002F40DD0025DFF8A890CE
:1052A000284E13E02246002001F028FB002104468E
:1052B0004FF0FF3000F09CFC002001F0D9FAFDF720
:1052C000A9F9C9E900012544AF4227DD002001F01A
:1052D00035FB7C1B8442A8BF044608EB0501002C6B
:1052E000E0D121464FF0FF3000F082FC204601F073
:1052F000BFFA204601F054FA80B1204601F01EFBAF
:105300000028E1D1FDF786F9D9F80030D9F804205A
:105310009B1942F1000283428A41D5D20848BDE878
:10532000F84313F0D1BB00200021074BC3E9000173
:10533000BDE8F843024813F0C7BB00BF40420F006E
:105340009CFC002020A107004824002030B500214B
:1053500085B02E4813F0DCFBF0B92D4B1A68CAB1AA
:10536000EFF3108172B6D2E8CF5F0124002DFAD19D
:10537000C2E8454F002DF6D1BFF35F8F254C1D6865
:1053800022785960D3B201222270C5E88F0F81F3D1
:105390001088CBB105B030BD00214FF0FF3000F0D8
:1053A00027FC002001F012FA0446184813F08CFB89
:1053B000002CEFD0184B1B68002BEBD0174A10685D
:1053C00005B0BDE830401847FCF7FAFD0446FDF78C
:1053D00021F94FF0FF3C6FF0004510F57A7241F172
:1053E0000003944575EB030138BF2B464FF00001D5
:1053F0004FF0010520460A4C38BF6246CDE9011541
:105400000094FCF77DFE05B030BD00BF9CFC002081
:1054100094BB002040FD0020B02C0020B42C0020C4
:10542000015100104FF0504330B585B01C68FCF7B7
:10543000C7FDFCF777FFA04202D0002005B030BDC9
:1054400000212A4B08461B7801F040FD28480368DC
:10545000002B47D00120FCF71BFB0346254C2649B7
:10546000C0B22370FCF77CF820780121FCF736F8F5
:105470000E20FCF765F840BB204B0125C3E9000076
:10548000FCF79EFD0446FDF7C5F84FF0FF3E6FF0B8
:10549000004C10F57A7241F1000396457CEB030154
:1054A0004FF000012046164C3CBF72466346CDE9E2
:1054B00001150094FCF724FE0028BEDB01211148F1
:1054C000FFF7BCFC012005B030BD0120FBF7C2FF97
:1054D00001460A48FCF756FB00220E200A49FCF759
:1054E0006FF8EBE7FCF724FBB4E700BFF42D0510E1
:1054F0009CFC00203DFD00204D53001094BB00207B
:10550000015100105C1C00207151001000487047D0
:10551000C0B20110004870476CB2011038B5184B8A
:1055200004461A780AB344B940F209424FF4417371
:10553000144D6A8013482B8038BD052C1DD8124BA2
:10554000104D53F8241028460023013903E0132B93
:1055500020F8022F0ED011F8012F0133DBB2002A00
:10556000F5D15B0043F44073E4E71121184600F0E5
:105570002DF8D8E74FF44A73DCE7002038BD00BFB0
:10558000F8FC0020B03A002054B2011000B545F2FA
:1055900047308BB0FDF746FC01220346092101A8E4
:1055A0009847DDE90332044912BA1BBAC1E9002366
:1055B0000BB05DF804FB00BF80FA00200346024AEE
:1055C00003CA18605960704780FA0020012901F170
:1055D000FF3300F0B3805D490A784FEA121C9F2A1E
:1055E0008CBF0CF1370C0CF1300C012B80F800C093
:1055F00000F0A78002F00F02092A8CBF3732303248
:10560000022B427000F09D804A784FEA121C9F2ABC
:105610008CBF0CF1370C0CF1300C032B80F802C05E
:1056200000F08F8002F00F02092A8CBF373230322F
:10563000042BC27000F085808A784FEA121C9F2AE2
:105640008CBF0CF1370C0CF1300C052B80F804C02A
:1056500077D002F00F02092A8CBF37323032062B86
:1056600042716ED0CA784FEA121C9F2A8CBF0CF18F
:10567000370C0CF1300C072B80F806C061D002F01B
:105680000F02092A8CBF37323032082BC27158D032
:105690000A794FEA121C9F2A8CBF0CF1370C0CF1CF
:1056A000300C092B80F808C04BD002F00F02092AF9
:1056B0008CBF373230320A2B427242D04A794FEADD
:1056C000121C9F2A8CBF0CF1370C0CF1300C0B2BE9
:1056D00080F80AC035D002F00F02092A8CBF373299
:1056E00030320C2BC2722CD08A794FEA121C9F2ABE
:1056F0008CBF0CF1370C0CF1300C0D2B80F80CC06A
:105700001FD002F00F02092A8CBF373230320E2B25
:10571000427316D0CA7911099F2A8CBF37313031B4
:105720000F2B81730DD002F00F02092A94BF303283
:105730003732102BC27318BF103002D00023037011
:105740007047184400230370704700BF80FA0020A0
:1057500070B500F02DF90C234026194CFF22A367E9
:105760000E201849FBF72CFF32460021164812F094
:10577000BDFE0125002380211348144A4184457051
:105780000683068782604360136042F8043C80F819
:10579000213080F83B3043620D4B4FF00056C36020
:1057A000C362803B836213F097F94FF4803209495A
:1057B000094B25642846E664C4F89010DA6470BD8D
:1057C0000000115015090020AC3F0020840010504B
:1057D0000001105010D001000020115001210E20B6
:1057E000FBF77CBE00220248114600F001B900BF61
:1057F000CC3F0020044B197021B14FF40032034B11
:10580000C3F89020704700BF26FD002000201150F3
:105810000B785B0602D14B78052B00D070474B8884
:10582000014ADBB21360704700001150CB782DE9BC
:10583000F04103F0030EBEF1010FC3F301005BD092
:10584000002791F802C0344C0CF07F025600898882
:1058500006EBDC1304EB43134FEADC15D876C1F3F7
:105860000A0185F0010083F802C019835870DF70C7
:10587000D3008DBB2948043304EB821C03EB0008E2
:10588000CCF808801F5082B3254BD2001344CCF8CB
:105890000430244B3F311A6821F03F01BEF1020F62
:1058A00008BF4900114419601F4B771904EB4717D3
:1058B0009942FA602BD82E4404EB4613D97E82F02D
:1058C000A04282F480125B6842EA816242F00042A8
:1058D0001A600120BDE8F081104804EB821C0344EB
:1058E000CCF8283040F832704AB900220F4904EB56
:1058F0004513D9605A60ECE70020BDE8F081D20082
:1059000002F1A04202F58012CCF82420C1E7FDF795
:10591000F9FAFA68CFE700BFAC3F002080001050D2
:105920000400105074BB0020FF0F105000011050F5
:1059300013F0D2B88C4608B5114607481A460CF049
:105940007F034FEADC1C0CEB430C00EB4C1000F027
:105950004FF8012008BD00BFAC3F002011F07F02CE
:1059600005D100290CBF02200120064B9866C90909
:10597000054B01EB420003EB40104FF400620021A5
:1059800013F0AEB800201150AC3F002011F07F039F
:1059900000D17047002205485B0003EBD11300EBF8
:1059A00043106FF40061C27013F09AB8AC3F00204E
:1059B0004FF0805209480A4908B50A4B02600A6054
:1059C0009968C94311F08051FAD14FF480520648CA
:1059D00012F08CFD0922054B5A6708BD00200240D9
:1059E0000030024000000240000010500000115042
:1059F00000234FF0010C10B580F81AC08282C382D8
:105A00000161044613F058F820B14FF40032074BFF
:105A1000C3F89020204613F073F810B101232377C8
:105A200010BD2046BDE8104013F042B800201150D0
:105A30002DE9F04100241D4E054623463278DFF85B
:105A400078801B4F0DE03B6813EB441324D0DB68D8
:105A50002846984732780134E4B2511CA1422346CB
:105A600006DBA242A3EB0203EDD808EB4313EEE7FB
:105A7000542200210F4812F039FD4FF0FF330D483A
:105A80002022041D4360C4E90133E360FF21BDE827
:105A9000F041143012F02ABD4FF0E023D3F8F03D6E
:105AA000DB0700D500BEBDE8F08100BF25FD00206A
:105AB000C025002090270020D4B20110704700BFFD
:105AC000704700BF0020704700207047704700BF3C
:105AD000704700BF704700BF704700BF024B587847
:105AE000003818BF0120704790270020024B18781B
:105AF000C0F38000704700BF902700202DE9F047D9
:105B0000DFF8E4A09AF80030FF2B56D10E460029AA
:105B10003ED0002154220746294812F0E7FC00221B
:105B2000284C294B20461A70FCF702F8274B2848CE
:105B30001C60284CFCF718F8204601F0ABFD264A03
:105B4000264B146023B12648FFF7BCFA254B18609A
:105B50000024234D23462A78DFF89090DFF88480D4
:105B60000EE0D8F8003013EB441311D05B687BB122
:105B700098472A780134E4B2511CA142234611DB34
:105B8000A242EED89B1A09EB43135B68002BEFD1BE
:105B90004FF0E023D3F8F03DDB0700D500BE002036
:105BA000BDE8F087314638468AF80070FFF7D0FD2F
:105BB0000028EDD03846FFF711FE0120BDE8F08740
:105BC000902700208827002027FD0020E4270020C0
:105BD000881C0020741C0020E8270020C5500010FD
:105BE00025FD0020C0250020901C0020D4B201100B
:105BF0002DE9F04FDFF8C8928BB099F80030FF2BF9
:105C000000F0F180A84CA94DDFF8B0A2DFF8B4B2E3
:105C100026687369EFF3108272B6D3E8CF0F0121C3
:105C20000028FAD1C3E8401F0028F6D1BFF35F8FE8
:105C3000B261304607A901F077FB00237269C2E820
:105C40008F3FB36983F31088002800F0CC809DF863
:105C50001D30013B072B00F27D83DFE803F0A7B185
:105C6000959D8E350A04089B002BD1D00998984742
:105C7000CEE79DF8201001F07F0605EB460000EB13
:105C8000D11090F8343023F0010380F8343090F8CC
:105C9000343023F0040380F83430002E00F0A68066
:105CA000037D9AF80020934280F09380804A126826
:105CB00012EB431300F090809E699DF82120099B10
:105CC0009DF81C00B047A3E79BF80030002B00F0C4
:105CD00083809BF80030013BDBB28BF800309BF8EF
:105CE000003003F0FF00002B92D1704F9DF81C8014
:105CF0003B7843F001033B7097F8343060F30003C6
:105D000087F8343097F8343060F3820387F8343002
:105D100097F8353060F3000387F8353097F8353061
:105D200060F3820387F8353000F06CFC9DF820307A
:105D300003F06002602A6CD0402A7CD003F01F037D
:105D4000012B00F0C180022B00F08180002B60D17C
:105D5000202A00F0E981002A5BD19DF82130092B2F
:105D600057D8DFE813F0B001A2015600C101560078
:105D700095016B0156006001F4002B78D9077FF57F
:105D800047AFFFF7A9FE43E7EB78DA077FF540AFAF
:105D90000898FFF795FE3BE72B78D8077FF538AFDB
:105DA0002878C0F3C000FFF795FE31E79DF81C008E
:105DB000FFF73EFE00F01CFC9DF82030AB7027E79B
:105DC0009DF81C00FFF734FE00F012FCFFF780FE88
:105DD0001EE7501C984211DA4FF0E023D3F8F03D53
:105DE000DC0700D500BE0BB0BDE8F08F099B9DF825
:105DF00021209DF81C0000F019FC09E79B1A2D4A90
:105E000002EB431358E7FFF785FB0246002840F0FA
:105E100082814FF0E023D3F8F03DDE0700D500BECD
:105E20009DF81C000021FFF799FD80219DF81C00C2
:105E3000FFF794FDECE6204800F0E4FB012140462A
:105E400008AAFFF72BF900287FF4E2AEE8E79DF8F7
:105E5000241011F0700FDCD101F07F0607EB460033
:105E6000164B00EBD1101B78007D7600019698420E
:105E70004FEAD116009659D35E1C8642C0F2668165
:105E8000C01A0C4B03EB4016002A00F063817069C6
:105E900000F0B8FB01214046736908AA9847002822
:105EA0007FF4B6AEBCE700BFE827002090270020B3
:105EB000C0250020D4B201109D50001025FD002007
:105EC000901C002027FD00209DF824300F2BA7D820
:105ED000AE4A3B441B791278934232D3511C99420B
:105EE0009EDBAB4E9B1A06EB4316706900F08AFBF3
:105EF00001214046736908AA984700287FF488AEBC
:105F00009DF8203013F060068AD19DF821300A3BBD
:105F1000012B85D800F076FB9DF821300A2B00F08C
:105F2000F281404608A900F0F1FA71E6994B1B682E
:105F300003EB4016002A00F00D81002E3FF470AFF5
:105F4000A5E7944A166816EB4316CED168E77B782E
:105F50009DF822609E4200F04F817B78002B40F03C
:105F6000BE817E70002E00F04581701EC0B2FFF72A
:105F7000D1FA0346002800F05F814278022A40F0FF
:105F80005B81C17903F10906C1F340121201C1F32B
:105F9000801142EA41123146387820F03000024345
:105FA0003A705A88CDF80C809A180192019B8B4266
:105FB00040F2A4814A780B2A00F0AF810123042A21
:105FC00040F03A810026019A0096521A92B202924B
:105FD0006E4A049312781DE06E4B1B6813EB461853
:105FE00000F02A81029AD8F810300398059198475A
:105FF00008280246059906F1010303D90298904248
:1060000080F0FF80DEB2614B00961A78531C9E42EE
:1060100000F31281009BB242A3EB0202DCD85C4B7E
:1060200003EB4218DEE77B7840468DF81A300DF11D
:106030001A02012308A900F083FAE9E5BDF822005D
:10604000030A013B020AC0B20E2B3FF6E9AE01A1E2
:1060500051F823F06962001005610010A56200107C
:10606000215E0010215E00108762001005610010A3
:10607000215E0010215E0010215E0010215E0010E4
:10608000215E0010215E0010215E00105B62001096
:1060900008A800F0BDFA40469DF82210FFF7A2FBC9
:1060A0003B7843F002033B70B2E5BDF82230012B90
:1060B0007FF4B6AE3B78404623F0080308A93B7056
:1060C00000F024FAA4E540463B789A0802F0020268
:1060D000C3F340131343ADF81A300DF11A02022333
:1060E00008A900F02DFA93E5BDF82230012B7FF4CA
:1060F00097AE3B78404643F0080308A93B7000F098
:1061000005FA85E5022A3FF47EAEFFF7DDFC024684
:1061100000283FF485AE4046538808A900F010FAE5
:1061200000287FF475AD7BE69DF824300F2B3FF6F9
:1061300077AE164A3B441B79127893421DD2154A1A
:10614000166816EB43167FF4A2AE69E6002A7FF4C8
:1061500067AE00269DF8212002F0FD03012B1BD025
:10616000002A7FF456AE019B009A3B44134493F8F7
:1061700034304046C3F34003ADE7511C9942FFF66B
:106180004FAE034E9B1A06EB431680E625FD00201A
:10619000D4B20110C0250020BDF82230B3B9012AC5
:1061A00099F8000000F08680FFF7D8FB019B009A69
:1061B0003B44134493F8342042F0020283F8342025
:1061C00093F8342042F0010283F83420002E3FF48B
:1061D0001FAD706900F016FA7369012108AA4046E4
:1061E0009847002000F00EFA97F83530DF073FF5AA
:1061F0000FAD96E6FFF76CFC404608A900F086F963
:1062000006E5049B012B00F09E80002B00F08A80A5
:10621000002091F8028005E08CF804605FFA80FCB1
:1062200063457FD908EB000C57FA8CFC9CF804E01E
:106230000130BEF1FF0FEFD04FF0E023D3F8F03D77
:10624000DA0700D500BE4FF0E023D3F8F03DDB07BE
:1062500000D500BE00237B70E2E5FEF71BFF02467F
:1062600000287FF458AFDBE5FFF750F9024600281D
:106270003FF4CFAD4046122308A900F061F9002891
:106280007FF4C6ACCCE5FFF71DFC024600283FF4C6
:10629000C7AD4046137808A900F052F900287FF4F2
:1062A000B7ACBDE5BDF82410FFF738F90246002869
:1062B000EFD1B5E50293FFF769FB019A009B3A44E1
:1062C0001A4492F83410029B63F3410182F83410AF
:1062D00092F8341063F3000182F8341076E700215D
:1062E0004046FFF787FA4046FFF722FBBB7840465F
:1062F0000093FFF79DFB009BBB7032E6DDF80C803E
:10630000FFF7E4FB78E74046012308A90DF11A02E4
:106310008DF81A6000F014F97AE40A78CB78114409
:106320004A784CE6334610480492029100F076FE1B
:106330000E4B049A02991B781144009A0133934240
:10634000BFF634AE78E7D8F810C00948844508BFD6
:1063500002235DE74FF0E023D3F8F03DDB077FF544
:1063600057AC00BE54E400BFA427002025FD002048
:106370003D6A00102DE9F84F0A9F002A40D00C46D4
:106380001E4615464FF0000ADFF87C90DFF87C804F
:1063900018E0204698F8021099F800B000F00EFEC0
:1063A000E0B121465846FFF741FAF0B1A2780AF170
:1063B000010AD10916BF0B9B3A701A702278AA45C0
:1063C00014441DD06278052A0FD1E17801F0030151
:1063D000B1420AD1A27812F0700FDAD04FF0E02368
:1063E000D3F8F03DDA0700D500BE4FF0E023D3F834
:1063F000F03DDB0702D40020BDE8F88F00BEFAE7CD
:106400000120BDE8F88F00BF901C002090270020DD
:1064100038B58B7813F0700F08D04FF0E023D3F825
:10642000F03DDB0700D500BE002038BD074A084B11
:106430000C46084691781D7800F0C0FD0028ECD08D
:1064400021462846BDE83840FFF7F0B990270020E4
:10645000901C00200B46064A06481168DA093432BF
:1064600003F07F0302EB4303184400F061BD00BF5B
:10647000E4270020902700200B46064A06481168B2
:10648000DA09343203F07F0302EB4303184400F0CF
:1064900079BD00BFE42700209027002010B51948DF
:1064A00001F07F0C00EB4C0000EBD11090F834C0F1
:1064B0001CF0010F08D04FF0E023D3F8F03DDA07CD
:1064C00000D500BE002010BD00F1300494F804C0D7
:1064D0000D484CF0010C007884F804C0FFF72AFA4C
:1064E0000028F0D14FF0E021227960F30002227100
:1064F000227960F382022271D1F8F03DDB07E1D509
:1065000000BEDFE790270020901C002030B50B4C28
:106510008C46A6460546086849680023AEE8030095
:106520009CF800102846C943C4E90233BDE8304056
:106530001A4601F08001FFF7B1BF00BF50270020CD
:106540002DE9F041284F4FF00008BE468C46064624
:1065500008684968BA60AEE80300A7F80E801546DF
:10656000BCF80620934228BF1346BB819AB11C4653
:1065700033B3DDB197F90030402C28BF4024002B05
:1065800029DB414623463046184AFFF787FF68B1AA
:106590000120BDE8F0819CF800101346C943304645
:1065A00001F08001FFF77AFF0028F1D14FF0E023DE
:1065B000D3F8F03DDB0700D500BE0020BDE8F08138
:1065C0001A46397801F0800123463046FFF766FF0E
:1065D0000028DDD1EAE722462946044812F06AF88D
:1065E0008021024AF0E700BF50270020102700203A
:1065F0000022034BC3E90022C3E902221A6170475B
:1066000050270020014B1861704700BF5027002021
:1066100030B40246044C0025234600685168C4E9A2
:10662000025530BC03C370475027002070B53D4C65
:10663000C90922780646B1EBD21F1D4682B017D099
:1066400053B14FF0E023D3F8F03DDB0702D4002034
:1066500002B070BD00BEFAE72146FFF7D9F8236902
:106660001BB12246032130469847012002B070BD7D
:1066700094F90030002B06DBA0680028E7D02A46FA
:10668000294912F017F8E089A168E388284480B20C
:1066900029448342E081A16016D03F2D14D9A289FC
:1066A00094F90040131A9BB2402B28BF4023002CC2
:1066B00027DB90424FF0000131D01B4A3046FFF7F4
:1066C000EDFE0028D1D1BCE7236923B10221304679
:1066D000144A984760B121780023C94330461A46CE
:1066E00001F08001FFF7DAFE0028AAD00120BDE703
:1066F00001463046FFF732F980213046FFF72EF988
:10670000B3E7904208D01A460748019311F0D2FF30
:106710008021054A019BD1E780210022CEE70A466D
:10672000CCE700BF50270020102700202DE9F041C2
:106730000446FFF7D3F908B9BDE8F081FFF7D6F9B1
:1067400005460028F8D1C82304FB03F3124EF718BE
:10675000F9780029F0D010331E44304600F0D2FD05
:106760003F28E9D92846F978FFF774FE0028E3D0DE
:10677000304600F0C7FD3F28F97808D9074A284677
:1067800002EBC4124023BDE8F041FFF787BE284664
:10679000BDE8F041FFF770BE48260020C425002068
:1067A00010B50446FFF79AF908B9002010BDFFF7AD
:1067B0009DF90028F9D1C822034B02FB0433187954
:1067C00000F0010010BD00BF48260020C82208B517
:1067D000024B02FB003000F07BFD08BD5826002074
:1067E0002DE9F8434FF6FF73C8249A4228BF1A4692
:1067F00000FB04F4DFF8748004F1100545440646FC
:1068000092B2284600F0DAFD0746FFF767F910B9A3
:106810003846BDE8F883FFF769F981460028F7D1CB
:10682000A04498F80330002BF2D0284600F06AFD0F
:106830003F28EDD9484698F80310FFF70BFE0028D3
:10684000E6D0284600F05EFD3F2898F8031007D9EF
:10685000054A4846402302EBC612FFF71FFED7E762
:106860004846FFF709FED3E7C4250020482600204C
:106870002DE9F0410446FFF731F910B90020BDE8D9
:10688000F081FFF733F905460028F7D1C82604FB4D
:1068900006F6DFF8648006F124074744384600F026
:1068A00017FD0028EAD0B044284698F80210FFF7F8
:1068B000D1FD0028E2D00F4E384606EBC416314613
:1068C000402200F07BFD98F80210044668B10346B0
:1068D00032462846FFF7E2FD50B94FF0E023D3F8E7
:1068E000F03DDB07CAD500BEC8E7FFF7C5FDC5E729
:1068F0002046C4E7042600204826002038B54FF67D
:10690000FF75C823AA4228BF2A460B4C92B203FB4C
:1069100000440546204600F00FFE034620461C4674
:1069200000F0D6FC3F2801D8204638BD2846FFF7A6
:106930009FFF204638BD00BF6C260020C82208B546
:10694000024B02FB003000F0DDFC08BD6C2600208D
:10695000F0B5002483B0C8220021174811F0C6FD0D
:10696000FF234FF4E13108221448047012480094C8
:10697000074643718160827300F138010123402290
:10698000103000F075FC0123402207F178010093DC
:1069900007F1B80607F1240000F06AFC07F1C00512
:1069A0003046FBF7C5F82846FBF7C2F8C7E90746AB
:1069B000C7E90C5403B0F0BD48260020442600204F
:1069C0000A4A116B136A61B13BB10023C2E90C336F
:1069D000D36100231362012070470120C2E90C3308
:1069E0007047002BF7D0D161F3E700BF48260020A5
:1069F000002210B50E4C0F48237802600271DA07AE
:106A000007D59B070BD5BDE8104001210A4800F0CF
:106A10005DBE103000F03EFE23789B07F3D406489D
:106A200000F038FEBDE810400121034800F04EBEE2
:106A300044260020482600206C260020F0B54B7923
:106A400083B0022B02D18B79022B03D0002528467C
:106A500003B0F0BD274FBB783BB14FF0E023D3F834
:106A6000F03DDB07F2D500BEF0E78B7806463B70C1
:106A70000B78CC186178242908BF092507D036E0A7
:106A800023781C4461782B4424299DB207D1AA4263
:106A9000F6D20020FFF74AFE284603B0F0BD0B46B1
:106AA000052916D0042BF4D163790A2BF1D1124BAE
:106AB0002778019301330093022330461A46E119E7
:106AC000FFF758FC0028C8D00E3517FA85F5ADB28F
:106AD000DFE721463046FFF79BFC0028BDD0A378B6
:106AE0007B7023785A191C44637895B2DAE70B4619
:106AF0000925D5E7482600204A260020137803F010
:106B00006003202B08D170B5264C938894F800C000
:106B10009C4503D0002070BD002070475378203B77
:106B2000032BF7D8DFE803F027230D0201292ED02D
:106B300003291ED11C4BE3B100205188AFF3008024
:106B400017E0012923D0032913D15588174805F0F0
:106B5000010686F00101257100F0B8FD144B43B128
:106B600031460020C5F34002AFF3008001E0012967
:106B700011D0012070BD01290DD00329F9D10D4B91
:106B8000002BF6D000200C49FEF7A4FAF1E71146DD
:106B9000FFF7BCFCEDE711460723074AFFF7D0FCDF
:106BA000E7E700BF48260020000000006C26002018
:106BB00000000000D5500010502600202DE9F843B9
:106BC000354E0C46F27807468A421D463DD0B378D2
:106BD0008B4212D04FF0E023D3F8F03DDB0732D4E4
:106BE0000020BDE8F8832D4B23B12D4800F080FB39
:106BF00000284DD00020FFF799FDB378A34201D0C3
:106C00000120EEE7274B13B10020AFF300800020F6
:106C1000FFF72EFE0028F3D1234800F059FB00288F
:106C2000EED1002DECD015F03F05E9D13846B17812
:106C3000FFF710FC0028E3D02B462A463846B178EF
:106C4000FFF72CFCDCE700BECAE79AB2174906F151
:106C5000100000F071FC164B002BC4D07379FF2B91
:106C6000C1D0002DBFD0DFF8448008EB050902E059
:106C7000C845B8D0737918F8012B9A42F8D1084862
:106C800000F036FB0028F3D17179AFF30080EFE715
:106C9000AFF30080AEE700BF4826002000000000F0
:106CA00058260020000000006C260020C42500208B
:106CB00000000000F0B54FF4137285B000211248B7
:106CC00011F014FC402600234FF480750E4F0F4C3A
:106CD00007F5A6721946CDE90246009201951A46BB
:106CE00007F5947000F0C6F90023384607F1280133
:106CF0003444009101221946CDE902460195043041
:106D000000F0B8F905B0F0BD38290020B8280020FF
:106D100008B5054800F0DAF9034BA3F5927000F0CE
:106D2000D5F9012008BD00BF602A002038B5002534
:106D3000064C04F59870257000F0ACFC04F10C00D2
:106D400000F0A8FC84F82951657138BD382900206D
:106D50002DE9F8434B79FF2B51D1354E96F8293167
:106D6000002B4CD196F80580B8F1000F47D18B78F5
:106D70000C7833700B790F460C44ABB38146A518E1
:106D800003E0A54230D923781C446378052BF8D161
:106D9000AC4229D221464846FFF73AFB40B3A378DC
:106DA000DB092FD1234800F075FCA37896F8282141
:106DB00086F82931A3884846C3F30A03A3F5007374
:106DC000B3FA83F35B0963F341021B4986F8282178
:106DD00000F0EAF960B123783A7908F101081C441F
:106DE0005FFA88F39A42D0D8E11B88B2BDE8F883F5
:106DF0004FF0E023D3F8F03DDB0700D500BE0020C4
:106E0000BDE8F8830D4800F045FCA3783279737132
:106E1000A3880B49C3F30A03A3F50073B3FA83F302
:106E20005B0963F341020020327100F085F9D2E77B
:106E300038290020682A0020602A002044290020E8
:106E40003C29002070B51B4C064694F829C11D460C
:106E50008C4511D063798B4201D0002070BD164B58
:106E60001BB10020A9B2AFF300803046134900F0F7
:106E700063F9C8B1012070BDB4F8343163B9104B67
:106E800023B100200F49AAB2AFF3008030460E496B
:106E900000F08AF90120EEE7D4F82C11AAB204F52B
:106EA000987000F049FBEAE72A463046034900F0B3
:106EB0000FF9DFE738290020000000003C290020FE
:106EC00000000000B8280020602A002010B582B021
:106ED000C9B101280CD80B7853B1144C012B2354A1
:106EE00002D0012002B010BDFEF708FE0028F8D144
:106EF0004FF0E023D3F8F03DDB0702D4002002B0CE
:106F000010BD00BEFAE70124084601A9ADF804400F
:106F1000FEF7F4FD38B94FF0E023D3F8F03DDA077F
:106F2000EDD500BEEBE7014B1C70E8E7842700209D
:106F3000F8B5037813F001041AD1037805465A070F
:106F4000C3F3800701D52046F8BD0E464FF0FF3150
:106F5000304611F0A9FD2B7813F001040BD12B78EA
:106F60005B0709D42B78012443F004032B7003E062
:106F700000242046F8BD3C46304611F0A5FD2046D1
:106F8000F8BD00BF70B50C4605464FF0FF312046F6
:106F900011F08AFD2B78C3F380065B0708D52B78A8
:106FA00013F0010311BF00262A7863F382022A70CE
:106FB000204611F089FD304670BD00BFC37882883D
:106FC00003F003000228C2F30A0215D003280AD0F6
:106FD00001281CD1022940F2FF3308BF4FF480631F
:106FE00093420DD37047022914BF40234FF48063AE
:106FF000934205D30120704702290AD0402AF9D9CB
:107000004FF0E023D3F8F03DDB0700D500BE0020B1
:107010007047B2F5007FEDD0F2E700BF0A4491421D
:1070200026D291F801C0BCF1050F05D091F800C03F
:1070300061448A42F5D8704700B591F802C00CF05F
:107040007F0E00EB4E0E4FEADC1C0EF80C3091F870
:1070500000C061448A4209D991F801C0BCF1050F12
:10706000EBD091F800C061448A42F5D85DF804FB8A
:10707000704700BF2DE9F0418E4682B0009390F832
:1070800000C0089EBDF824706EF3000C044615463F
:10709000012331463A4600F808CBBDF82C8000F0B9
:1070A000E7F806B13FB901200A9BA4F802806360AB
:1070B00002B0BDE8F08104F11C063046FAF738FD55
:1070C0000DB135460026C4E90556ECE701207047AE
:1070D000F8B50746084640F2FF13154610F8082B8E
:1070E0000C4612F0020F0CBF3F261E4600F0F0F8CF
:1070F00028B925B12E4202D12378DA0701D5002024
:10710000F8BD38466178FFF7A5F90028F7D0237855
:1071100013F0010307D04FF0E023D3F8F03DDB0775
:10712000EDD500BEEBE71A4638466178FFF7B6F9B1
:107130000028F0D0F8BD00BF70B501F10805064683
:1071400028460C4600F0C4F810B12378DA0701D5C0
:10715000002070BD30466178FFF77CF90028F7D039
:1071600028466288616800F029F92378054603F013
:10717000010340B173B14FF0E023D3F8F03DDB07DA
:10718000E6D500BEE4E7002BE2D130466178FFF798
:1071900073F9DDE70346626830466178FFF77EF9F0
:1071A0000028E8D0284670BD8A892DE9F0410B7887
:1071B0000C46064622B9DD0734D50020BDE8F08133
:1071C00004F108079907384647BF4FF47E484FF44B
:1071D00000754FF6C078402500F094F88542ECD851
:1071E0002378DA07E9D430466178FFF733F90028CD
:1071F000E3D0384600F086F82378854203F0010397
:107200002DD8BBB9658808EA0008454528BF454622
:1072100061785DB362682B463046FFF73FF948B1AD
:107220002846CBE74978FFF715F90028C5D0237821
:10723000D80707D54FF0E023D3F8F03DDB07BCD5E6
:1072400000BEBAE7638861783BB162683046FFF7F9
:1072500025F90028EED06088B0E71A46F6E7002B43
:10726000ABD130466178FFF707F9A6E72A46D2E7A7
:107270002DE9F041B2F5004F9DF8188024D804465E
:10728000C06817460E461D4618B14FF0FF3111F089
:107290000BFC206918B14FF0FF3111F005FC002202
:1072A000C5F30E03E06843EAC83362812660A78015
:1072B000E380228108B111F007FC206908B111F0C8
:1072C00003FC0120BDE8F0810020BDE8F08100BF93
:1072D000038942899BB292B28088934236BFC2EB47
:1072E00040029B1A9B189BB2984228BF18467047D1
:1072F0000289438990B29BB2C01AB0FA80F040096B
:10730000704700BF038942899BB2808892B2934242
:1073100036BFC2EB40029B1A9B189BB2984286BFB5
:10732000C01A80B20020704738B5044600690D4687
:1073300018B14FF0FF3111F0B7FB2189638989B291
:107340009BB2A288994236BFC3EB4200C81A4018CC
:1073500080B250B3824209D291422CBF891A891857
:107360008BB29A42638103D89B1A9BB29A42FBD993
:10737000E2882168C2F30E0202FB0311284611F0D5
:1073800099F96189012589B24B1C9BB29942A28867
:107390000ED9002302FA05F15B1A9BB220696381C2
:1073A00008B111F091FB284638BD054663899BB2B0
:1073B000B3EB420F4FEA4201F0DBEDE72DE9F04776
:1073C000064600698846914618B14FF0FF3111F02A
:1073D0006BFB338974899BB2A4B2B588A34236BFD4
:1073E000C4EB45071F1BFF18BFB2002F4AD0BD4298
:1073F00040D3B94528BFB946A5421FFA89F703D83B
:10740000641BA4B2A542FBD9B6F806A02B1B3168B9
:107410009BB2CAF30E029F42924602FB041123D98B
:1074200013FB02F31FFA83F94A4640467D1B11F015
:1074300041F9621912FB0AF2316808EB090092B2B5
:1074400011F038F97289B58892B2D3199BB29A4279
:107450001AD96A009B1A9BB23069738108B111F086
:1074600033FB3846BDE8F087404607FB02F211F0D7
:1074700021F9E7E7AB422CBF5B1B5B199CB22F469F
:107480007481B6E773899BB2B3EB450F4FEA4502AF
:10749000E2DBDFE7F8B50446C0680E4618B14FF0EE
:1074A000FF3111F001FB2589238961899BB289B2E3
:1074B000A2888B4236BFC1EB42015B1A5B189BB2BC
:1074C0009A42ADB208D8E779FF0905D1E06808B162
:1074D00011F0FAFA3846F8BD954228BF2B4618D36A
:1074E0009B1A9BB29342FBD2E2882068C2F30E0241
:1074F00002FB0300314611F0DDF86B1C9BB29D428C
:10750000A28812D9002351005B1A9BB20127238164
:10751000DCE7E2882068C2F30E0205FB0200314678
:1075200011F0C8F80135A288ABB2B3EB420F4FEAB5
:107530004201EBDBE8E700BF2DE9F04F174683B0CF
:10754000002A75D00646C068894618B14FF0FF3151
:1075500011F0AAFAF379B6F808807289DB09B588C8
:107560001FFA88F892B23CD1904536BFC2EB450273
:10757000A8EB0202424492B2AA425ED2AA1A92B286
:10758000BA4228BF3A46B6F806B097B27B1B08EB62
:10759000070ACBF30E0B9BB21FFA8AFAA8454446A2
:1075A00003D3641BA4B2AC42FBD22D1B3068ADB236
:1075B000BD420BFB040057D349460BFB07F211F009
:1075C00079F8B288D0454FEA420302D8BAEB420FAD
:1075D00003DBAAEB03031FFA83FA3D46A6F808A0D3
:1075E0002CE0B6F806B0AF42CBF30E0B2FD290458D
:1075F00036BFC2EB4501A8EB0201414489B26800E5
:1076000039447B1B81429BB20DDB02EB050A1FFA5A
:107610008AFAAAEB07081FFA88F8424537D9A8EB7F
:1076200000001FFA80F807EB080A1FFA8AFAB5E78C
:107630001546284603B0BDE8F08F0025F068002805
:10764000F7D011F041FA284603B0BDE8F08F002DC5
:10765000F4D07F1B02EB050A0BFB079990462F46DF
:1076600000231FFA8AFA99E715FB0BF5ADB22A46FB
:107670004946019311F01EF8019B3068E21812FB95
:107680000BF209EB050192B211F014F899E74045AD
:1076900084DCC4E710B50446C06818B14FF0FF3170
:1076A00011F002FA206918B14FF0FF3111F0FCF926
:1076B0000023E0686381238108B111F005FA206995
:1076C00008B111F001FA012010BD00BF38B5044621
:1076D000C0680D4618B14FF0FF3111F0E5F920698F
:1076E00018B14FF0FF3111F0DFF9E379E06865F38D
:1076F000C713E37108B111F0E7F9206908B111F07F
:10770000E3F9012038BD00BF10B5044604F12F4451
:1077100004F56004084B240D82B0A40000932246B7
:10772000E31C0648F9F722FE8442CCBF4FF0FF303D
:10773000001B02B010BD00BF90910110C02C0020B2
:107740002DE9F0470F460546F9F7C8FD012297F8E5
:1077500004A097F905C005F12F4EDFF8D4800EF58F
:10776000600E02FA0AF24FEA1E5EBCF1000F58F8F2
:107770002E6002F1FF32CAF1200435DBA44503DCA0
:1077800002FA0CF3334206D04FF0FF34F9F7B8FD9C
:107790002046BDE8F087D5F86831F979002B41D152
:1077A0004B0731D4644602FA0CF2164233D13968E1
:1077B000BAF1000F10D0674601EB4A0A31F8023BDC
:1077C00007F11209B3F5005F38BF6344514507F173
:1077D000010745F82930F1D1324348F82E20F9F756
:1077E0008FFD2046BDE8F087002C02DA13E0013C53
:1077F00011D302FA04F33342A446F8D1D5F8681144
:10780000FB7991B95B07CED56FF00A04F9F778FDE3
:107810002046BDE8F0876FF00804F9F771FD2046B7
:10782000BDE8F087C907BDD5EEE7D907BBD5EBE7C3
:10783000AC2800202DE9F0474FF4003501EB41065C
:1078400000EBC60404F5435400EBC606D6F8DCA0F2
:107850004FEA4108D6F8CC90E560BBB14EF2800704
:1078600093FAA3FCBCFA8CFC22FA0CF503F1FF3E60
:107870004FEA4C1C05F001054CF080643D4313EACF
:107880000E03C6F8DC40C6F8D850E9D1884400EBB6
:10789000C800C0F8DCA0C0F8CC90BDE8F08700BFFD
:1078A0002DE9F0434FF4003401EB410E00EBCE0321
:1078B000079D00EBCE0E03F54353DEF8DC904F003E
:1078C000DEF8CC80DC60B5B14EF2800695FAA5F307
:1078D000B3FA83F322FA03F405F1FF3C5B0104F0F1
:1078E000010443F08063344315EA0C05CEF8DC3024
:1078F000CEF8D840EAD10F4400EBC700C0F8DC90C6
:10790000C0F8CC80BDE8F0832DE9F041D0F86841A3
:107910009DF81860121B1F2A38D84EF29F044EF2B1
:1079200080054FF4003801EB410C002E18BF2546AE
:1079300000EBCC0404F5435400EBCC0C052BDCF835
:10794000DC704FEA410EDCF8CC60C4F80C800CD936
:107950005401053B44F0A0540532052BCCF8DC4023
:1079600002F01F02CCF8D850F2D8714400EBC101EC
:107970000020520142EA8363C1F8DC30C1F8D850DC
:10798000C1F8DC70C1F8CC60BDE8F0816FF0040094
:10799000FAE700BFF0B5012504688D4024EA05042C
:1079A0000460B3B3D3E901561F68DC6801EB4103FF
:1079B00000EBC303C3F8C8704FEA410CC3F8D060B2
:1079C000C3F8CC50C3F8DC400CEB01034FF0013599
:1079D00000EBC30C4FF0004600EBC30E01230EF585
:1079E000865E0C1D01F108078D40CEF8106003FA89
:1079F00004F4CEF8106002F01F028560BB4000F571
:107A0000005004600EF1100E03600020CCF8D82066
:107A1000F0BD4FF480374FF440264FF4F83501EBBA
:107A2000410400EBC404C4F8C8704FEA410CC4F828
:107A3000D060C4F8CC50C4F8DC30C5E72DE9F04F75
:107A400081460E46934687B0534D544FDFF8588118
:107A500002932C0DA4F20254A400356022460021AA
:107A60004F480097E31CF9F781FCA04203DB001BA1
:107A700044B2002C09DAA5F580154545E9D100236B
:107A80001846336007B0BDE8F08FF9F727FC0121F5
:107A900099F804A0D6F800C001FA0AF1DCF86831C0
:107AA0004B1E99F9052003930CF12F433D4903F533
:107AB00060031B0D002A51F823E005930490CAF1DE
:107AC00020034FDB93423FDB039B934013EA0E0FEF
:107AD0003AD1DCF86831104699F807208BB3D30708
:107AE00031D4039A82401EEA020F2CD159465346E4
:107AF000E346DDF808A08C46D9F8005083B106466D
:107B000005EB430335F8021B06F11207B1F5005FE0
:107B100038BF09189D424BF8271006F10106F1D134
:107B2000204B0599CCF800404EEA0202CAF800004A
:107B3000049843F82120F9F7E3FB012007B0BDE8E2
:107B4000F08F5107CDD50498F9F7DAFB3168144866
:107B500001F12F4101F56001090D04EB8101F9F7F5
:107B600045FC88E7002BEEDB039901E05A1CEAD0C4
:107B700001FA03F212EA0E0F184603F1FF33F5D1B2
:107B8000DCF8682199F80730039112B95B07A8D592
:107B9000D9E7DA07A5D5D6E700004050909101104B
:107BA000C02C0020AC280020000010504FF0010C29
:107BB00070B50C461646017904F12F440CFA01F514
:107BC000013D9D4004F56004F9F788FB084A240D47
:107BD00052F8243023EA050342F82430F9F790FBE9
:107BE00006EB84010348BDE87040F9F7FFBB00BF16
:107BF000AC280020C02C002001460148F9F7F6BB54
:107C000010FD002010B5054C82B001460F23002264
:107C100000940348F9F7AAFB02B010BDB49101101B
:107C200010FD00204FF0A04C0121820102EB0C035B
:107C300070B41E690D4D81400D4C1A4686EA4030E5
:107C40001033054003F580531D60C4F80414C4F8D4
:107C50001414C4F82414C4F83414CCF86414D3688D
:107C60005B01FCD470BCCCF80014704701E001004B
:107C70000030005003BD00BF10B50446FBF758F9B3
:107C80002346BDE810401847F0B5054687B01920D7
:107C900017460E46F9F738FC002104461920F9F77B
:107CA0001DFC0021CDE90465039700260027012271
:107CB0004FF050438C46CDE900670292A9B11A6D8E
:107CC0009507FCD5596540BF1A6DD00703D420BF76
:107CD0001A6DD207FBD59A6D8A420BD04FF0000C7B
:107CE0000DEB8C021168E9E79A6D1A6DD607FBD48B
:107CF00040BFE4E70CF1010CBCF1060FF0D12146C6
:107D0000192007B0BDE8F040F9F7E8BB0C4B0D4A6D
:107D100093420ED39C4603F2F4710B4A9268CCF85E
:107D2000F4070A48CCF8F837CCF8FC070848FFF706
:107D3000ABBF4FF0FF3340F2F3719C46EDE700BF5D
:107D4000000808200000082000ED00E0797C001009
:107D5000757C001006F05CB9012370B50B72044607
:107D600006F084F9431C0CD1104AD2E90032256890
:107D700020460F496C69C1E902322346BDE87040D4
:107D800018470546FAF746FC03460A464FF47A7050
:107D90004FF0FF3E6FF0004CE5FB00329E457CEB60
:107DA00002013CBF73466246E1E700BFA0B001108C
:107DB000981C002038B5094D04462B7843B10125A5
:107DC000236807492046DB690D729847284638BD6D
:107DD00000F092FA01232B70F1E700BF31FD002083
:107DE000B01C002010B50446036805499B699847FC
:107DF00023682046BDE8104002491B6A184700BFAF
:107E0000981C0020B01C002000207047704700BF65
:107E100008B5FAF7FFFB29B14FF47A72002310F08E
:107E20004FFE08BD024AA2FB0020800908BD00BF2A
:107E3000D34D621083681BB906E01A6832B113464D
:107E40008B42FAD10020704700F10803002219602C
:107E500001200A60704700BF836800F108021BB967
:107E600008E01A461B682BB18B42FAD11B6801202F
:107E7000136070471846704743681BB906E01A68DC
:107E80002AB113468B42FAD100207047031D00220D
:107E9000196001200A6070474368021D1BB908E0A1
:107EA0001A461B682BB18B42FAD11B680120136064
:107EB00070471846704700BF344B2DE9F047D3E9AF
:107EC00000458368804663B300F10806FAF7A2FB19
:107ED000D8F808A0B646BAF1000F22D053464FF0AA
:107EE000000CD3E90227B0EB020961EB0709B9F1F5
:107EF000000FA8BFF4469E461B68A4BF1046394633
:107F0000002BEED1BCF1000F3BD0DCF80010404656
:107F1000D1E90023CCF800209847D8F80830002B8E
:107F2000D4D1D8F8046006B30027337A1BB33146A6
:107F300073683772404698473668002EF5D1D8F8F6
:107F400008A0BAF1000F10D05246D2E90231E01A6F
:107F500065EB0102012872F10002DAF800A0F0DB03
:107F60001C460D46BAF1000FEED120462946C8E95D
:107F70000445BDE8F0873668002ED6D1D8F808A0B1
:107F8000DFE7D8F80460002ECED1DDE7A0B0011005
:107F900038B50446FAF73EFBA36853B1D3E9025261
:107FA000B0EB050C61EB0202002A0BDA1B68002B18
:107FB000F4D1636813B907E01B6813B1187A00287D
:107FC000FAD038BD012038BD184638BDF0B4154F81
:107FD000154AC01942EB0101820F42EA8102134B9C
:107FE000424002FB03F3124E81EA917106FB01331A
:107FF000A2FB06263344D00E0E4C40EA43105040FC
:1080000004FB00F10C4D83EAD363A0FB050205FBE2
:108010000311F0BCC30F114443EA4103584081EA05
:10802000D1717047157C4A7FB979379E6D4758BF2B
:10803000B9E5E41CBB49D094EB11311370B5EFF3F3
:10804000108C72B6204CD4E8CF2F0123002AFAD12D
:10805000C4E8423F002AF6D1BFF35F8F1B490B787B
:10806000012B10D9023BDBB21846194A03F1010E6D
:108070000B7052F8200052F82E100023C4E88F3FF6
:108080008CF3108870BD4FF0FF320020114B186345
:108090009A63DA629A60D3F8B820002AFBD10420F0
:1080A0005D690B4A4FF0050E15609D695560DD69ED
:1080B00095601D6AD5605D6A1561074D9E6A2D68E1
:1080C0005661DD600346D3E7702700204CFD002099
:1080D000D8FC002000010F4010010020F8B5D0E9C5
:1080E000006405468068E96846EA000344EA010244
:1080F000134304D1FAF78EFA50EA0103FAD086EA64
:1081000000036140A000B7002206BF1940EA967044
:108110004FEA066E42EA16224FEA014646EA134645
:108120004EEA142E82EA010244EB000072408EEA0D
:10813000030484EA03446A60DA0E4FEAC71C42EA89
:1081400041122C60C90EC40144EA57644CEA5060E5
:1081500041EA4313EB60E100C300181841EA5C7187
:10816000AA6044EB0101F8BD2DE9F04F5C4D8DB0E4
:108170002B78002B55D05B4C5B4F08AEBB68DFF80B
:108180006C810093D7E900A598F800B0D7F80C905F
:10819000FAF740FAFFF71AFF80EA0A0A4D40FFF7A4
:1081A0004DFFFFF713FF009B5FFA8BFB584081EAFE
:1081B0000903EFF3108972B6D4E8CF1F012200291A
:1081C000FAD1C4E8412F0029F6D1BFF35F8F98F8A8
:1081D00000205A4508D03A688AEA020A7A6855406F
:1081E000BA685040FA685340CDE90A033046CDE9F9
:1081F00008A5FFF773FFDDE90AAB98F80030C7E97F
:1082000002ABDDE908AB0133DBB20022C7E900AB0A
:1082100088F80030C4E88F2F89F310880DB0BDE8CE
:10822000F08F08AE3046FAF717FEDDE90A34DDE9D3
:108230000889CDE90034FAF7EDF983468A46FFF75D
:10824000FDFE03460F46EFF3108272B6254CD4E8CC
:10825000CF0F01210028FAD1C4E8401F0028F6D131
:10826000BFF35F8F297831B11F4F0023C4E88F3FE0
:1082700082F3108882E758465146CDE90223FFF782
:10828000A5FE86468C4640464946E046F146FFF745
:108290009DFE039B81EA080180EA0900CDE9040103
:1082A00018463946FFF792FE0F468046DDE9000189
:1082B000FFF78CFE794080EA0800CDE9060104A8AA
:1082C000FFF70CFFDDE906010123074F029AC7E91A
:1082D0000201DDE904012B70C7E90001C5E700BF19
:1082E00044FD002070270020100100202CFD0020FC
:1082F00008B5FFF739FF08BD08B501F003FC00F031
:108300000FFB00F023FD00F0AFFD05F0C1FE01F012
:1083100079FC00F06DF9BDE8084005F031BE00BF02
:1083200040BA80B2704700BF00BA70472DE9F041F3
:10833000524D04462B68884613B12A7A824271D086
:108340004F4E2701EB6813B12A7DA24260D0AB6982
:108350001BB195F82020A24250D06B6A1BB195F852
:108360002C20A24225D03B1906EB0313DB7B7CB308
:10837000B27A022A62D0012C2ED096F81A21022A53
:1083800060D0022C2CD096F82A22022A6CD0032B23
:108390000DD83C4D274455F8230006F08FF90022F4
:1083A000042106EB0717FB7BF97345F82320BDE892
:1083B000F081381906EB00104146AA6A1030984740
:1083C00000236B623B1906EB0313DB7B002CCFD140
:1083D00096F81A21022A4CD096F82A22022A3ED078
:1083E00096F83A23022AD2D196F83F239A42CED168
:1083F00004223B1906EB0313DA73D8E7381906EBAE
:1084000000104146EA69103098470023AB61A4E7A9
:10841000381906EB001041462A69103098470023AE
:10842000EB6094E700EB0010154E000110306A6815
:1084300030449847002327012B6083E7F27B9A4260
:1084400099D1D5E796F81F219A42D1D0022CC7D0F6
:1084500096F82A22022A07D0032CC1D197E796F872
:108460002F229A42BCD1C3E796F82F229A42F3D129
:10847000BEE796F81F219A42EAD1B9E7203B0020D7
:10848000583B0020103B00202DE9F04FDFF85CA1A5
:1084900000EB0013020187B00AEB03140092E27AAA
:1084A000012A00F299804E4951F82250002D00F027
:1084B00087801B0110330AEB03050746284610F09E
:1084C0006FF9014612314FF42072362089B200F064
:1084D000D9FE804600286AD000232089CDE90333E5
:1084E0000593FFF71DFF01238DF80E304FF48073C5
:1084F0000C264FF6FE79ADF80C000C22404603A97D
:10850000ADF81030013D01F099F9019769786F1CC1
:108510002E295CD03A46002449B1517801342E29E5
:10852000E4B202F1010045D002460029F5D1A2EBE8
:10853000070B154622461FFA8BFB32444A4533DCB3
:1085400022463146404601F01FFA701C5A4683B25B
:1085500034443946404601F0A7F9A4B22A78661C93
:10856000B6B2002AD2D131464046019F01F00CFA42
:108570004FF001230293A31C04229BB202A94046A0
:1085800001F092F9009A16483A440AEB021A9AF856
:108590000B20144900EB82029AF80F00352351F8A2
:1085A0002000414606F01CF8404600F0D9FF07B015
:1085B000BDE8F08F521B1FFA82FB05462246BCE73E
:1085C0002946FFF7B3FEA57207B0BDE8F08F002281
:1085D0003D4693461446B0E70348F8F767FE00BFF0
:1085E000503B0020103B0020D4910110583B00204C
:1085F000704700BF012800D9704721B1054B0A68B8
:1086000043F820207047044A024B126843F82020A8
:10861000704700BF503B002040B40110F8B5002562
:10862000464C14F8013CEFB2032B00F28480DFE8E3
:1086300003F01D022F23424EFFF75AFEB27A83B297
:10864000022A44D096F81A21022A47D096F82A2204
:10865000022A4BD096F83A23022A4FD0394A38469C
:1086600024F8033C44F8012CFFF70EFF0135042DDC
:1086700004F58874D5D1F8BD54F80B3CF3B9002348
:1086800004F8013C0135042D04F58874C9D1F2E7E2
:108690006378013BDBB26370002BE7D1A378013331
:1086A000DBB2042BA3702ED0637038460135FFF780
:1086B000EBFE042D04F58874B3D1DCE7013B44F8EC
:1086C0000B3C002BD2D1002304F8013CDAE73289BD
:1086D0009A42B1D096F81A21022AB7D1B6F81821D9
:1086E0009A42A9D096F82A22022AB3D1B6F82822B3
:1086F0009A42A1D096F83A23022AAFD1B6F838238D
:108700009A42ABD198E723783BB90F4A526822B11D
:1087100040F20112A3702280C7E700213846FFF71C
:1087200005FE00230135042D04F8013C04F588748E
:108730007FF477AF9FE70548F8F7B8FD633B00206B
:10874000583B002002000100503B0020EC9101103A
:1087500070B510F001044FF0000E06D0714528DD11
:1087600010F8013B013963F31F2E012927DD034671
:1087700000228E1E49084D1E00EB410133F802CB4A
:108780008B426244FAD1C5EBC573023006EB43015C
:10879000A0EB4300012904BF037863F3070E724482
:1087A00093B203EB124398B200EB134014B980B2BA
:1087B00070BD704600BAC0F30F4080B270BD002299
:1087C000E8E700BF2DE9F843089C1B682468884649
:1087D000250C15FA84F414FA83F404EB1344A3B2C1
:1087E00003EB14439CB2174604EB1344D8B105467F
:1087F0004FF000096E8968683146FFF7A9FF2044F1
:1088000084B2F30704EB104404D524BA89F00109BB
:10881000C4F30F442D68002DECD1B9F1000F02D044
:1088200024BAC4F30F444046FFF77AFD05463846A4
:10883000FFF776FD2844204483B203EB104398B23F
:1088400000EB1340C04380B2BDE8F883FFF7BABF26
:1088500070B510F001044FF0000E05D029B310F8E8
:10886000013B013963F31F2E012932DD02464FF02F
:10887000000C8E1E49084D1E00EB410332F8021B0E
:108880009A428C44FAD1C5EBC573023006EB430122
:10889000A0EB430001290ED0F4441FFA8CF303EB44
:1088A0001C4399B201EB134114B109BAC1F30F4152
:1088B000C94388B270BD037863F3070EE6441FFA1C
:1088C0008EF303EB1E4399B201EB1341002CEFD062
:1088D000EBE74FF0000CDDE7F8B1F8B500270546EF
:1088E0003C466E8968683146FFF732FF0444A3B204
:1088F00003EB1444F30704D524BA87F00107C4F34B
:108900000F442D68002DECD127B120BA6FEA10403A
:1089100080B2F8BDE04380B2F8BD4FF6FF707047FB
:108920004FF47A524FF0000C01200D4B30B40D4D36
:1089300023F003030C492B600C4D0D4CA5F8AA2025
:108940000B601A6083F804C09A180A4903F5405373
:1089500083F8840E2260C3F8801E30BC704700BFCD
:10896000DBBB0020F8480020D0BB002000490020DD
:10897000D4BB0020803E803E002877D083072DE9BD
:10898000F04777D1404AA0F1080314689C426ED8A2
:108990003E4900F10C020D68954268D310F8042C92
:1089A000002A6AD030F8081CB1F57A5F0FD830F889
:1089B000067CB7F57A5F0AD8A3EB040C1FFA8CFC8F
:1089C000BC4504EB070905D0E25B624502D03048A4
:1089D000F8F76CFC04EB010E754503D0BEF80220DD
:1089E0006245F4D10022DFF8BCA0DFF8BC8000F8BB
:1089F000042CDAF80060B8F8AC20B342A2EB010214
:108A00003CBF1E46CAF8003062449D42A8F8AC2024
:108A100036D9734517D09EF80420A2B9754512D0F7
:108A2000BEF80010B64504BF1E46CAF80030B1F5C6
:108A30007A5F20F8081C06D06218A2F802C030F84D
:108A4000067C04EB07094B450ED099F804205AB96F
:108A5000B34208BFCAF80090B1F57A5F18BF641836
:108A6000A9F8001018BF6780BDE8F0877047094873
:108A7000F8F71CFC0848F8F719FC0848F8F716FC4A
:108A80000748F8F713FC00BFD0BB0020D4BB002080
:108A900074920110309201100C9201104C9201104E
:108AA000A8920110F8480020004900202DE9F84361
:108AB000CB1C23F003039BB20B2B49D9B3F57A5F90
:108AC00049D8994247D8424A1568854276D8414AE2
:108AD0001268824272D930F8084CA0F10802521B89
:108AE000A4F1080192B21FFA81F9A9EB020E1FFA54
:108AF0008EFE9E4565D329D005EB040C9CF80460DE
:108B000066BBB4F57A5F5FD0334E35F8048002F16E
:108B1000080437681C44A4B22919674508BF3160AE
:108B200000260E7125F804804A8020F8084C2E5B40
:108B3000A2EB0901B6F57A5F1CBF76197480274C49
:108B4000B4F8AC2011441944A4F8AC10BDE8F88383
:108B50000C239942B7D90020BDE8F88303F114062D
:108B6000B6B2B645F2D302F1080E9E44B4F57A5F70
:108B70001FFA8EFE28D0184E05EB0E073168B94259
:108B800088BF376000263E7125F80E407A8020F8B5
:108B900008EC35F80E40A2EB0902B4F57A5F18BF75
:108BA00005EB040C0D4C18BFACF802E0B4F8AC10A7
:108BB0000A441344A4F8AC30BDE8F8830848F8F739
:108BC00075FB0848F8F772FB0748F8F76FFB00BF22
:108BD000D0BB0020D4BB0020F84800200049002072
:108BE000C4920110DC920110FC920110002800F0E8
:108BF00087802DE9F843C31C23F003039CB20B2CA0
:108C00002DD9B4F57A5F27D8A04225D8484BDFF894
:108C100038811868D8F80050C4F57A512A1A1FFA1A
:108C200082FE7145734611D96FF0070C00EB0E07F9
:108C300099463E7930F80E3072469E4626B9ACEB26
:108C400002021A44A2420CD29942EFD8394AB2F831
:108C5000A8300133A2F8A8300020BDE8F8830C2426
:108C6000D2E704F114018A4221D201223A71314A39
:108C7000B2F8AC10A1EB09010B44B2F8AE109BB2F4
:108C80009942A2F8AC3038BFA2F8AE3004F1080225
:108C9000294BBD42196835D03A44914244D3BB07B1
:108CA00008BF07F10800D8D02448F8F7FFFA04F10C
:108CB000080209EB020189B2B1F57A5F31D04FF0B9
:108CC000010E00EB010C8CF804604352ACF80290EA
:108CD00087F804E03980435AB3F57A5F1CBF1B184C
:108CE00059801449B1F8AC3008332344B1F8AE4090
:108CF0009BB29C42A1F8AC30CAD2A1F8AE30C7E713
:108D0000002070472B7923B9C6E72D8805442B79BD
:108D100023B18D42F9D1C8F80010BDE7C8F8005062
:108D2000BAE70748F8F7C2FA0648F8F7BFFA00BFF3
:108D3000D0BB002000490020D4BB0020409301108C
:108D4000FC92011010930110F84800202DE9F04327
:108D500004244FF00009154DDFF860E0144E154B68
:108D6000154F05F12808033355F8042B23F00303AE
:108D7000C7F800906CB10021B2F804C00A4600E0C8
:108D800003460132A242196003EB0C001946F7D1E9
:108D90003B60A84574804EF8046F05D02A681668B9
:108DA000D488D2E90237DEE7BDE8F08314B30110BE
:108DB000F0BA002010AC002050BB0020B0490020C9
:108DC000092838B520D8134B53F82050FFF71CF86A
:108DD000EB6802461C688CB121681960A30716D1A4
:108DE00029688B88C88801339BB298428B801046D3
:108DF00038BFCB80FFF70AF8204638BD2A681388B1
:108E000001331380FFF702F80024204638BD0248E2
:108E1000F8F74CFA14B3011084930110092816D8FE
:108E200038B50C4691B10C4B53F820508B070FD13D
:108E3000FEF7EAFF2968EA688B88013B8B8013689C
:108E400023601460BDE83840FEF7E0BF38BD7047CE
:108E50000248F8F72BFA00BF14B30110A8930110D1
:108E60006FF00B00704700BF704700BFF0B583B0D4
:108E7000099F00287FD0002F7DD00E460899044618
:108E800041620A994B4D016100204B49C4E9010040
:108E9000002E08BF0E46002A08BF0A46002B08BF56
:108EA0000B464649E0606161297884F83D0084F80A
:108EB0004010A062E06231681268C4E90700A08631
:108EC000606400295AD072B3A2601B6803B1E360EA
:108ED00033685BBB2046B84700284CD1384F94F824
:108EE00040C03E68BCF1FF0F04BF844684F84000D8
:108EF000002E4ED033464FF4807202E01B68002BE8
:108F000047D09C4253D0013A2DD093F84010614590
:108F1000F4D10CF1010C5FFA8CFCBCF1FF0F25D0F1
:108F200084F840C0E6E71B68002BD0D13368684660
:108F30000193002301A9009301F02CFF684601A9C9
:108F400005F0E4FB684601A900F0BEFD01AA6946F0
:108F5000204609F093F83268E3696260002BB9D0CB
:108F600020469847B6E71748F8F7A0F94FF0000CED
:108F700084F840C0BEE7002003B0F0BD22B91B68F2
:108F8000002BA7D0E360A5E7A2601B68002BF9D1F6
:108F9000A0E7BCF1FE0F08BF002320461CBF0CF168
:108FA0000103DBB226602B703C6003B0F0BD0648C5
:108FB000F8F77CF93FFD002040B40110618E0010ED
:108FC00070BB0020DC930110C8930110F0B52E4D4A
:108FD0000446002914BF0E462E46002A14BF174629
:108FE0002F46002B18BF1D46336883B06BB100219C
:108FF0003B68A268934218BFA3602B68E268934263
:1090000018BFE36029B103B0F0BD426802BB012183
:10901000EEE7636832689A42F5D0684601A9CDE967
:10902000003201F0B7FE684601A905F06FFB684603
:1090300001A900F049FD01AA6946204609F01EF881
:109040003268E3696260002BDDD020469847DAE79A
:10905000684601A9CDE9002301F09CFE684601A9FC
:1090600005F054FB684601A900F02EFD6946204634
:1090700001AA09F003F833686360E369002BC6D0E6
:1090800020469847C3E700BF40B4011000283CD0F9
:1090900038B543680446DBB994F83D30DA0728D484
:1090A0001C4B1A68A24204BF00221A601A4A1368B5
:1090B000A34207D02BB11A68A24206D01346002B58
:1090C000F9D138BD2368136038BD22681A6038BDF5
:1090D000051D0021284601F05DFE0021284605F00F
:1090E00015FB0021284600F0EFFC94F83D30DA072C
:1090F000D6D523F001021B0784F83D2006D4E3698E
:10910000002BCDD020469847CAE77047204607F08D
:1091100037F9F4E76CBB002070BB0020014B1860EE
:10912000704700BF6CBB002050B190F83D20D107C4
:1091300006D4C16942F0010280F83D2001B1084720
:10914000704700BF98B110B590F83D3004465A07FB
:1091500000D510BD43F0040380F83D3006F05EFBFF
:10916000236A002BF5D02046BDE810401847704711
:1091700098B110B590F83D3004465A0700D410BDA0
:1091800023F0040380F83D3008F038FE236A002BFA
:10919000F5D02046BDE8104018477047024658B148
:1091A000064B186810B907E0006830B190F84030FD
:1091B0000133DBB29342F7D17047704770BB002098
:1091C00070B5054690B3002607E02B699BB328468F
:1091D00098470136F6B2ECB12546FEF715FEAB7B9B
:1091E00033B3013BDCB2AC73FEF710FE94B96B7B7A
:1091F0002C689B07E9D42B7B03F00F03022B0BD0C9
:10920000012B0ED0D3B928460136FFF7B5FBF6B2D5
:10921000002CE1D1304670BD29460920FFF7FEFD44
:10922000D7E729460820FFF7F9FDD2E70646F1E720
:109230000448F8F73BF80448F8F738F80348F8F71B
:1092400035F800BF0C9401102494011048940110CB
:1092500008B5FEF7D9FD0022084B1A70FEF7D6FDBF
:10926000074B186810B908E0C06830B1436F002B95
:10927000FAD0BDE8084001F0D7BD08BD41FD00208F
:10928000B4FC0020B2F5C17F2DE9F843894643D0F4
:109290004FF0000661F30F06154661F31F4607D82D
:1092A00022F04003012B9CB227D03B48F7F7FEFF8A
:1092B000B2F5207FF9D1C31C01F1030929F003099C
:1092C00023F003034B449BB204464B4503F11000CB
:1092D00080B25ED381455CD8FFF788FC8046C0B180
:1092E000002203192D49133323F00303C160C0E9A1
:1092F000013602604046BDE8F8830820FFF760FDB4
:10930000804630B10023C0E9003386600573C48114
:1093100043734046BDE8F8830024074640F2EC560C
:10932000A0461F4D05E02060B9F1000FF1D00446C2
:1093300000270920FFF744FDF0B1FB1C23F00303D5
:10934000F31A9BB24B4528BF4B4600220744133704
:1093500027F003074381A9EB0303A0F808904760B7
:10936000C56002601FFA83F9B8F1000FDBD18046B7
:10937000B9F1000FDBD1CCE7FEF746FD0122094B26
:109380001A70FEF743FDB8F1000F02D04046FFF718
:1093900017FF4FF00008BCE75C940110800001004B
:1093A0008200010041FD002070B40024033061F30D
:1093B0000F04BDF810C020F0030061F31F44014406
:1093C0006145039D0DD805B10544002602211A739D
:1093D000012218465D609C601E605973DA8170BC82
:1093E0007047002070BC704738B5002837D004465D
:1093F000008988421FD9081A06E02389891A034484
:109400002381246889B224B362898A42F5D3002576
:10941000237B61F30F05180761F31F4504D18A42CE
:1094200002D0637B9B0707D52068A56008B1FFF7D2
:10943000C7FE0023236038BD636820461B1B194408
:1094400089B2FFF733FB38B18442EDD00548F7F716
:109450002DFF0548F7F72AFF0448F7F727FF0448D0
:10946000F7F724FFC494011090940110A894011000
:109470007894011010B5F0B1B1F5803F0BD2C1B1B5
:1094800003898AB213449BB29A4204D890F90CC063
:10949000BCF1000F01DB012010BD446800F1100C8D
:1094A000611A6145F7D3B0F80AC041606244428155
:1094B0000381002010BD0148F7F7F8FEE094011089
:1094C00010B598B1B1F5803F0ED259B143898AB237
:1094D0009A4209D844689B1A0C44018944608A1A4C
:1094E00043810281002010BD012010BD0148F7F723
:1094F000DDFE00BFE0940110002910B514DB48B375
:1095000081B103898AB213449BB29A4220D844683D
:10951000611A90F90C40002C16DB4489416022440A
:1095200042810381002010BD494298B143898AB22B
:109530009A420DD844689B1A0C44018944608A1AE7
:10954000438102810020EEE700F11004A142E4D241
:10955000012010BD0148F7F7A9FE00BFE0940110FB
:1095600008B1FFF72DBE08B50148F7F79FFE00BF11
:10957000E0940110034630B100201B68013080B236
:10958000002BFAD17047704758B110B50446FEF76A
:109590003BFCA37B0133A373FEF738FCA37B0BB129
:1095A00010BD70470148F7F781FE00BFEC94011031
:1095B000C8B1C1B1884210B518D002680AB913E029
:1095C00022460389B1F808C0146863440381104639
:1095D000002CF5D11089538983420AD10889116082
:1095E0000344138110BD70470246F3E70248F7F7C2
:1095F0005DFE0248F7F75AFE009501101C95011018
:1096000010B50C46F0B1E1B188421ED003683BB101
:10961000028921890A44028118461B68002BF7D170
:1096200002894389934216D122890460134403813D
:10963000FEF7EAFBA37B0133A373FEF7E7FBA37BF3
:1096400033B110BD0029F3D110BD0448F7F72EFE49
:109650000348F7F72BFE0348F7F728FE00950110A3
:10966000EC9401101C950110002900F099802DE95F
:10967000F8431F460B89884693421546C0F0878001
:109680000646002800F0838002897B199A427EDB1F
:109690004FF000097489B8F80A30E41BA3EB090302
:1096A0009C4228BF1C46AC4228BF2C467068D8F8A4
:1096B00004103844494422460EF0FCFF73892744C5
:1096C0002D1BBB42A144ADB267D3B8F80A204A456E
:1096D00060D312D0BB4224D0B8F8081091421BD0FE
:1096E00032899A4202D0002DD4D13AE03368002B5F
:1096F000F9D06FF00500BDE8F883D8F80080B8F124
:10970000000F19D0BB424FF000090AD0B8F80A2068
:10971000B8F808109142E3D1D8F80020002ADFD031
:10972000E7E73668B6B1B8F80A20B8F808309A42C8
:109730001AD000277389D3E74DBBBB421AD03289B8
:109740009A420ED13368002B14BF6FF00500002041
:10975000BDE8F883DDB9B8F80820B8F80A309A42B5
:109760000DD00020BDE8F883D8F80070002FC0D1DC
:109770007389B5E73668002EF3D07389DFE7D8F830
:109780000030002B14BF6FF005000020E0E76FF001
:109790000F00DDE70448F7F789FD0448F7F786FD79
:1097A0006FF00F00704700BF649501104C950110D9
:1097B00019B100230A89FFF757BF6FF00F007047F8
:1097C0002DE9F041054670B10F4681B3164692B3BC
:1097D000B5F80AC05BB16345A3EB0C0207D32D6853
:1097E00093B2002DF4D1A8464046BDE8F0814FF079
:1097F000000804E0002DF7D00023B5F80AC0ACEB58
:109800000304A4B2B44228BF34466968361B22461A
:1098100007EB080019444444B6B20EF04BFF1FFAA0
:1098200084F82D68002EE5D14046BDE8F0818846D9
:109830004046BDE8F0819046D6E700BF48B32DE929
:10984000F843884611B3038905469342914617D3DE
:109850009AB11646002700E0ADB16C896868B44241
:1098600028BF344608EB070122460EF023FF361BC3
:109870002D682744F0D1B9450ED10020BDE8F8830A
:109880004FF0FF30FAE70648F7F710FD6FF00F00D2
:10989000F4E76FF00F0070470248F7F707FD00BFCD
:1098A000809501109895011000284AD02DE9F047C5
:1098B00005460E4604E02D68DB1B9BB2002D3DD013
:1098C0006F899F42F7D9298903EB0209494535DBA6
:1098D00068681844FB1A9A422ADD9CB2A9EB070972
:1098E000224631461FFA89F90EF0E4FEB9F1000F65
:1098F00021D02F685FB33B894B451FD3C8464FF03B
:10990000000A00E007B37D8904EB0A01454528BF42
:10991000454678682A4631440EF0CCFEB8EB05087F
:109920003F68AA44EED1D14505D00A48F7F7BEFCFE
:1099300031460EF0BFFE0020BDE8F0874FF0FF304B
:10994000FAE74FF0FF3070470348F7F7AFFC6FF0CE
:109950000F00F1E7989501108095011038B5144675
:109960000A462189FFF78EFC054628B100232146CF
:109970002289FFF779FE08B9284638BD0148F7F774
:1099800095FC00BFB095011018B90AE0006899B2C3
:1099900030B143898B42A1EB0303F7D943685A5492
:1099A000704770472DE9F84F8046434FDFF814A108
:1099B0003968786908F05CF9D8F80430DAF80040C2
:1099C0005D7A002C72D0002836D1064604E0E268A9
:1099D0002646002A2ED01446227CAA42F7D1217AAC
:1099E00031B17A6892F840200132D2B29142EED180
:1099F000216811B17A699142E9D1627CD10703D51E
:109A000061683A699142E2D1D4F81490B9F1000F3B
:109A1000DDD09B4642462146284BA069C847002816
:109A20003AD1D8F804309B4542D1E268022026465C
:109A3000002AD0D1BDE8F88F0020064604E0E26895
:109A40002646002AF6D01446227CAA42F7D1217A73
:109A500031B17A6892F840200132D2B29142EED10F
:109A60002268002AEBD1627CD20703D561683A698B
:109A70009142E4D1D4F81490B9F1000FDFD09B46A5
:109A8000424621460D4BA069C84728B9D8F8043092
:109A90005B450DD10220D2E736B1E268DAF800303A
:109AA000F260CAF80040E3600120C3E72046C1E746
:109AB0000348F7F7FBFB00BFBC430020CC4300206A
:109AC000C495011074FA002088B102687AB171B1AE
:109AD0000B6863B10A4B1B684BB110B41C6894420D
:109AE00006D0DB68002BF9D15DF8044B7047704756
:109AF0000A681A60DB68002BF6D00268EEE700BF48
:109B000074FA0020704700BF10B5E8B1037D044629
:109B1000042B03D0072B0BD0032B07D103F074FBCE
:109B200058B905232046237503F058FE002010BDC8
:109B300003F06AFB08B90923F4E7431CF7D1638BF0
:109B400043F008036383F1E70148F7F7AFFB00BF79
:109B50001096011070B50646806F18B1FFF700FD32
:109B60000023B367746FB4B1D4E9005058B1FFF764
:109B7000F7FC21460420FFF751F955B12C46D4E9F2
:109B800000500028F3D121460420FFF747F9002DAB
:109B9000F4D1002373674FF6FF73F46E3386A4B1DC
:109BA000D4E9005058B1FFF7DBFC21460420FFF751
:109BB00035F955B12C46D4E900500028F3D121469F
:109BC0000420FFF72BF9002DF4D1346FA4B1D4E9B0
:109BD000005058B1FFF7C4FC21460420FFF71EF9DE
:109BE00055B12C46D4E900500028F3D12146042079
:109BF000FFF714F9002DF4D10023C6E91B33A6F8B2
:109C0000683070BD08B5FEF773FB6FEA80406FEAFD
:109C10009040014B188008BDC41C002008B5037D8E
:109C2000012B05D0BDE8084001460220FFF7F6B839
:109C30000148F7F73BFB00BF1C960110F8B52E4B0F
:109C4000002914BF8C469C46002852D0037D002B6F
:109C50004CD12AB3294D05F1100E2B681B6813B99E
:109C60000EE0DB6863B1D98A9142FAD1196821B15B
:109C7000DCF800400CB1A142F3D16FF00700F8BD51
:109C80000435AE45E9D1DCF8003003B103601C4B6C
:109C9000C2821A681860C26004F038F90020F8BD6A
:109CA0004FF480454FF6FF7E164E174F3288013233
:109CB00092B2724508BF4FF44042104C23681B68B3
:109CC00013B90CE0DB6853B1D98A9142FAD1013D56
:109CD000ADB2002DEBD132806FF00100F8BD04343D
:109CE000BC42EBD13280002ACDD1F5E76FF0050000
:109CF000F8BD6FF00F00F8BD40B40110DCB30110E7
:109D0000B8FC0020C41C0020ECB3011038B50028BA
:109D100035D0037D0446002B31D10320FFF750F8E6
:109D2000054600282BD001222169E38A02750161D2
:109D3000C382627D4275A26882602268026083B934
:109D4000237D012B26D021460220FFF767F8134B15
:109D500013491A68A961EA601D6004F0D7F8284623
:109D600038BD104A13689C420CD02BB1DA6894427B
:109D70000BD01346002BF9D10023E360E0E7002568
:109D8000284638BDE3681360F6E7E268DA6000232E
:109D9000E360D5E70448F7F789FA00BFC0FC00206C
:109DA00085A60010B8FC00201C96011038B5F0B153
:109DB000034641F2D06E018DC26A446A5D8E881AF4
:109DC0007545204494BFA0EB050CA0EB0E0CBCF134
:109DD000000F06DA121B06D4B2F5803F0AD200202B
:109DE00091B2598538BD00210846598538BD0348D0
:109DF000F7F75CFA0248F7F759FA00BF30960110FE
:109E000054960110002837D038B5037D012B3AD085
:109E100042F6A053028D114489B299421AD91946CB
:109E200041F2D06EC26A458E446A754594BF02EB1A
:109E3000050C02EB0E0C2344A3EB0C0CBCF1000F41
:109E400001850BDA121B18D4B2F5803F38BF42856A
:109E500016D238BD8A42E2D80B46E1E740F66734B5
:109E60009B1AA3424185F4D9438B43F002034383F9
:109E7000BDE8384003F0B2BC70470023438538BDCD
:109E80000248F7F713FA0248F7F710FA5496011050
:109E9000709601102DE9F04FAB4EAC4F32683B7815
:109EA00001320133DFF8B89287B032603B70A84BC3
:109EB0001C68002C5CD04FF00008237D002B00F0C4
:109EC0000E82012B00F008820A2B00F00B823A78F8
:109ED000A17F914200F05781022BA27794F8422093
:109EE00000F09A800B2A40F2C5804FF0010A062B41
:109EF00000F0E880627A120740F19280042B40F073
:109F0000BD81216A3268D4F89400521A914D00F54F
:109F1000242101F6B841A5FB0151B2EB511F40F2DB
:109F200095814FF0010B0AF1010A5FFA8AFA656F19
:109F3000002D00F0D680B4F9403003EB4303B2EBC0
:109F4000430F7DD2237D032B5DD0092B25D0BAF1A1
:109F5000000F40F0C680237F627F0133DBB29A425C
:109F6000E568237740F2DA80A0462C46002CA4D185
:109F7000794D0024296869B10B7D0A2B40F0B58129
:109F800033680A6A9B1AF02B00F2EC800C46C96811
:109F90000029F1D107B0BDE8F08F3368226A9B1A1F
:109FA000F02B35D9D4F890502046FFF7D3FD684BFD
:109FB0001B68B8F1000F00F072819C4200F098819C
:109FC000E368C8F80C30BBF1000F40F05B81D4E9C6
:109FD00003BA237D012B00F08E8121460220FEF77B
:109FE0001DFF002389F8003045B16FF00C01504689
:109FF000A84799F80030002B7FF459AF5C46002C3D
:10A000007FF45BAFB4E73368226A9B1A282BC9D868
:10A01000BAF1000F9FD0C5E7052A2BD94FF0010AEE
:10A02000656F002D00F01081236A32684FF0000B3D
:10A03000D21AB4F9403003EB4303B2EB430F81D3A0
:10A040000594D5E9004058B1FFF78AFA2946042063
:10A05000FEF7E4FE54B12546D5E900400028F3D1CF
:10A0600029460420FEF7DAFE002CF4D10023059CDB
:10A07000636767E794F899A0BAF1000F00F0898050
:10A08000216F002940F03D81E26E002A00F03C8102
:10A0900094F89A200B2A3FF628AF304A92441AF8D7
:10A0A000010C94F898208242C0F00481B4F860500A
:10A0B00005BB204603F006FE18B3237DAA46062BF7
:10A0C0007FF418AF628BD00600F1B180627A11077D
:10A0D000A6D4656F002DA7D1AB46BAF1000F3FF4AF
:10A0E0003AAF012BD4F890507FF661AF0A2B7FF482
:10A0F0005BAF5CE72946204602F0C6FF002800F06F
:10A10000E2804FF0000A94F8993084F898A0062B6A
:10A110009CBF013384F89930237DE8E60023D4F80E
:10A120008C20237789F8003052B12146206990476E
:10A1300099F80030002B7FF4BAAE00287FF414AFFA
:10A14000204603F04BFB0FE7C4FC00204BFD002032
:10A15000B4FC0020D34D6210C8FC0020ECB3011009
:10A1600049FD00202B68002C00F09F80994200F0F0
:10A17000CE80CF68E7600220FEF750FE3946002906
:10A180007FF4FAAE06E7A046E468002C7FF495AEB3
:10A19000EEE647F6FE70B4F9302091B2814202D863
:10A1A00001310AB22286B4F9401091423FF79FAEC6
:10A1B000204603F031F9237D38B1226F002A7FF465
:10A1C00096AEE26E002A3FF492AE022B14D094F8C1
:10A1D000423047F6FF720C2B28BF0C234F49B4F9CD
:10A1E0003C00C95CB4F93E3003EBE0038B40934282
:10A1F000A8BF1346A4F84030B4F84820B4F8603043
:10A200000021934228BF1346628E5B08A4F84820C1
:10A21000520092B2934238BF13462046A4F84A3007
:10A220002186A4F86A1003F0A5FC237D5FE632685E
:10A23000216A521A282A7FF64CAF0AF1010A4FF020
:10A24000000B5FFA8AFA72E6AB467BE694F89B1045
:10A25000334D05FB01003349A1FB0010B2EB501F49
:10A260007FF637AF204603F0D9FC00287FF4D8AE44
:10A2700094F89B30013384F89B30D1E6072B3FF4F0
:10A2800040AECDE6238B626A216D0293E38A2046BD
:10A290000193231D0093234603F066F997E69C4241
:10A2A0002CD1E368204A13608DE6994232D1CF6801
:10A2B0002F6060E70132D2B2824284F89820BFF466
:10A2C000F5AE8A4613E6204603F088FA00287FF4AC
:10A2D00018AF8246237D0AE61448F6F7E7FF1448D4
:10A2E000F6F7E4FF1348F6F7E1FF1348F6F7DEFF51
:10A2F0001248F6F7DBFF1248F6F7D8FF1148F6F7D9
:10A30000D5FF1148F6F7D2FF1048F6F7CFFF1048F7
:10A31000F6F7CCFF0F48F6F7C9FF00BFF4B3011002
:10A32000F8240100D34D6210B4FC0020C496011043
:10A3300098960110F0960110E0970110889701108F
:10A340001C960110B49701101C9701105097011032
:10A350001098011038980110B8B138B50446D4E906
:10A36000005058B1FFF7FCF821460420FEF756FDD7
:10A3700055B12C46D4E900500028F3D121460420E1
:10A38000FEF74CFD002DF4D138BD704758B110B523
:10A390000446406808B1FFF7E3F82146BDE81040E5
:10A3A0000420FEF73BBD704738B590B10546042048
:10A3B000FEF706FD044650B168682968AA68EB6894
:10A3C000606060682160A260E360FFF7DDF820460E
:10A3D00038BD0148F6F76AFF6098011000B10161CD
:10A3E000704700BF30B108B5037D012B03D0C0F822
:10A3F000841008BD70470148F6F758FF7C9801109B
:10A4000018B1037D012B08BF8161704730B1037D16
:10A41000012B03D90A2B01D0FFF79CBB704700BF6B
:10A4200010B500294DD000284ED003680C468B4251
:10A430002AD02BB1DA68A2422ED01346002BF9D1D4
:10A440000022237DE2607BB9638BDA072CD4E36EB4
:10A45000002B3CD1236F002B3CD1636F002B3CD1F0
:10A4600000232375E38210BD0A2BF0D0012BF7D017
:10A470002046FFF76FFB237D0A2BE8D0012BE3D1A9
:10A4800000232375E38210BD0022CB680360237D87
:10A49000E260002BE8D1D7E7E268DA600022237D92
:10A4A000E260002BE0D1CFE743F002036383204654
:10A4B00003F094F9237D012BC9D100232375E38296
:10A4C00010BD0748F6F7F2FE0648F6F7EFFE06481D
:10A4D000F6F7ECFE0548F6F7E9FE0548F6F7E6FE66
:10A4E000A4980110C0980110E0980110F89801108C
:10A4F00014990110002800F0AD802DE9F04F037D84
:10A500000546012B87B000F0A9800A2B00F094804B
:10A51000D0F89020D0F850A0D0F824B0D0F8109007
:10A52000B0F816800592002B5BD1B8F1000F64D112
:10A530004FF0000846462C6FA4B1D4E9007058B122
:10A54000FFF70EF821460420FEF768FC57B13C46A1
:10A55000D4E900700028F3D121460420FEF75EFC08
:10A56000002FF4D1EC6EA4B1D4E9007058B1FEF71D
:10A57000F7FF21460420FEF751FC57B13C46D4E9D1
:10A5800000700028F3D121460420FEF747FC002F7D
:10A59000F4D16C6FA4B1D4E9007058B1FEF7E0FFBC
:10A5A00021460420FEF73AFC57B13C46D4E900703E
:10A5B0000028F3D121460420FEF730FC002FF4D10F
:10A5C00056BB2B7D012B46D029460220FEF726FCE8
:10A5D000059B7BB16FF00C01484607B0BDE8F04F1A
:10A5E00018470E4601461F48FFF71AFF01221E4B6F
:10A5F0001A70A0E707B0BDE8F08F1C4A13688342C9
:10A6000017D033B1DA68AA4201D01346F9E7EA68F5
:10A61000DA600023EB608BE7CDF804802B8B5A4681
:10A6200002932B1D009351462B46284602F09CFFB7
:10A63000C7E7C3681360ECE701460D48FFF7F0FE7B
:10A640002B7D012B07D02946022007B0BDE8F04F33
:10A65000FEF7E4BB70470748F6F728FE0648F6F712
:10A6600025FE00BFB4FC002049FD0020B8FC0020FE
:10A67000C8FC00201C9601102C9901100121FFF745
:10A6800039BF00BF08B531B108460121FFF732FFDD
:10A690006FF00C0008BD0148F6F708FE6099011044
:10A6A000F8B506460220FEF78BFB044618B39C2241
:10A6B000002120460DF01AFF42F6A050FF214FF076
:10A6C0000612604BA4F86400A3625F4B5F481B68EE
:10A6D0005F4D0078E172C4F83E205E495E4A236215
:10A6E0005E4B66752563A077A164C4F88420C4F826
:10A6F00094302046F8BD5A4F3D685DB12846438BE3
:10A70000ED681A07F9D523F008034383FFF7FCF936
:10A71000002DF3D1534B1B688BB100214A4A1068BE
:10A720001A6A821A914298BF1C46DB6898BF11468C
:10A73000002BF5D11CB101212046FFF7DBFE0220E2
:10A74000FEF73EFB044630B1474BD3F8BC201388DC
:10A75000013B1380ABE7396891B122463A4B186848
:10A760000B7D092B05D10B6AC31A9A429CBF0C467C
:10A770001A46C9680029F3D114B12046FFF7BAFE82
:10A780000220FEF71DFB044638B1374BD3F8BC203E
:10A790001388013B9BB21380DAE7396891B12246F6
:10A7A000294B18680B7D082B05D10B6AC31A9A42F6
:10A7B0009CBF0C461A46C9680029F3D114B1204643
:10A7C000FFF798FE0220FEF7FBFA044638B1264B4D
:10A7D000D3F8BC201388013B9BB21380D9E7330622
:10A7E0002DD4EEB132463B68013AD2B2C3B116491C
:10A7F00000250F6805E0186A0A461C463D1ADB680A
:10A800004BB1597D8A42F6D8F9D1186AA7EB000CF2
:10A81000AC45F4D3F0E71CB101212046FFF76AFEF6
:10A820000220FEF7CDFA044600283FF462AF0E4B3B
:10A83000D3F8BC201388013B9BB21380CBE77F2267
:10A84000D1E700BFA02DA02DC4FC00204BFD0020AF
:10A85000FFFF18020100A02DF9A9001000DD6D0016
:10A86000B4FC0020C8FC0020004900204020FFF775
:10A8700017BF00BF10B584B0002800F0A0800446C8
:10A88000037D19B1042B17D0072B15D0012B6BD0EA
:10A89000022B47D0002B5BD1E38A002B4CD04C4AD3
:10A8A0001368A34200F08880002B00F08280DA68F1
:10A8B000A2427CD01346F7E7A36F002B43D0638BF3
:10A8C000DB0640F18280208BE28A211DCDE9012048
:10A8D000626A009123462046216D02F045FE237DE9
:10A8E000012B04D90A2B02D02046FFF733F9394A4D
:10A8F0001368A34235D033B1DA68A24201D01346BF
:10A90000F9E7E268DA6000200121334B334A1B6823
:10A91000E060A342117021D0237D012B0CD130487F
:10A92000F6F7C4FC21462B48FFF77AFD0121237D71
:10A930002A4A8B421170F2D021460220FEF76EFAAD
:10A94000002004B010BD42F6A053228D9A42B6D129
:10A95000204604B0BDE81040FFF7D6B801F0BAFEBB
:10A96000EEE7E3681360CEE700201E4901F10C0C0E
:10A9700051F8043F1A682AB1D36F9C4212D0D268B2
:10A98000002AF9D18C45F3D121461748FFF748FD3D
:10A99000237D012B16D021460320FEF73FFA00202D
:10A9A00004B010BDD067D268002AE5D1EAE7E268BA
:10A9B000DA600023E360BFE7E3681360F9E70B4860
:10A9C000F6F774FC0A48F6F771FC0A48F6F76EFCD5
:10A9D000B8FC0020B4FC0020BCFC002049FD002095
:10A9E0001C960110DCB30110C0FC002080990110FE
:10A9F000BC990110A099011000294FD070B50846EC
:10AA0000154662B30B7D012B4BD042F6A051028D4F
:10AA10002B8913449BB28B421DD90B4641F2D06C5B
:10AA2000C46AB0F832E0466AE64594BF04EB0E0211
:10AA300004EB0C0231448A1A002A038515DAA41BA0
:10AA400010D4B4F5803F38BF44852DD22846FEF798
:10AA500087FD002070BD9A42DFD81946DEE78BB132
:10AA6000002070BD00234385F0E740F66732091BE4
:10AA700091424385EAD9438B43F00203438302F0BA
:10AA8000ADFEE3E70B7D012B03D04B8B43F01003AE
:10AA90004B830121BDE87040FFF7ECBE6FF00F0063
:10AAA00070470348F6F702FC0248F6F7FFFB00BFC9
:10AAB0007096011054960110002831D0F8B500238B
:10AAC000856FD0F884606F7B0446836756B101467A
:10AAD0002A460069B04758B10D301ED06FF004000F
:10AAE000A567F8BD2989FFF78DF92846FEF738FDDF
:10AAF000BB0610D542F6A052238DD4F88450934261
:10AB00001CBF0133238535B1002321461A46206935
:10AB1000A8470D3001D00020F8BD6FF00C00F8BD43
:10AB20006FF00F00704700BF2DE9F84300271C4D60
:10AB3000DFF874802B781B4E01332B70D8F800405F
:10AB4000BCB1A37F2A78934215D0638BA277D90733
:10AB50001AD41A0711D4A36FD4F80C9033B120463D
:10AB60003770FFF7A9FF3378002BE7D14C46002C54
:10AB7000E7D1BDE8F883E468E2E723F00803204664
:10AB80006383FEF7C1FFE6E743F0020363832046D9
:10AB900002F024FE638B23F003039BB26383D8E7A8
:10ABA0004BFD002049FD0020B4FC002008B5FFF754
:10ABB000BBFF064A13780133DBB21370DB0700D406
:10ABC00008BDBDE80840FFF765B900BF4AFD002099
:10ABD000002800F0A28010B5037D0446012B84B04C
:10ABE00070D0428B042B42F01002428334D1A36F09
:10ABF000002B44D0208BE28A211DCDE90120626A1E
:10AC0000009123462046216D02F0AEFC237D012BEE
:10AC100004D90A2B02D02046FEF79CFF424A136853
:10AC20009C4237D02BB1DA68944248D01346002BAF
:10AC3000F9D1002001213D4B3D4A1B68E0609C4258
:10AC400011702AD0237D012B36D021460220FEF739
:10AC5000E5F8002004B010BD072BC8D0022B21D08E
:10AC600012D8C38A002BF0D0324A1368984251D0D0
:10AC7000002B4CD0DA68944247D01346F8E742F6EE
:10AC8000A053228D9A42B5D1204604B0BDE81040B1
:10AC9000FEF73ABFE3681360CBE701F01BFD00202D
:10ACA00004B010BD01462048FFF7BAFB0121237D07
:10ACB0001F4A8B421170C8D11F48F6F7F7FAE268B5
:10ACC000DA60B6E700201D4901F10C0C51F8043F91
:10ACD0001B682BB1DA6F944212D0DB68002BF9D1DC
:10ACE0006145F3D121461648FFF79AFB237D012BDE
:10ACF00016D021460320FEF791F8002004B010BDC5
:10AD0000D867DB68002BE5D1EAE7E268DA60002368
:10AD1000E3609AE7C3681360F9E76FF00F007047CC
:10AD20000848F6F7C3FA00BFB4FC0020BCFC0020C2
:10AD300049FD0020B8FC00201C960110DCB3011076
:10AD4000C0FC0020BC99011008B530B1044B054A85
:10AD5000186812681044186008BD0348F6F7A6FA90
:10AD6000C01C0020C4FC0020D899011008B55AB1BD
:10AD700049B18B8E3BB1282B38BF2823283B9BB28F
:10AD8000984228BF184608BD0148F6F78FFA00BF61
:10AD9000F499011000283FD0036870B5054603B947
:10ADA00070BD1E4A0E46106878B10268C4689A42A7
:10ADB00006D054B120462B680268C4689A42F8D184
:10ADC0000121FFF797FB002CF4D1154B1C6854B1FF
:10ADD00022682B6820469A42E468F8D10121FFF7E7
:10ADE00089FB002CF4D1002EDAD03368002BD7D0A9
:10ADF0000C4B1A68002AD3D02B681168994205D0F1
:10AE0000D268002ACCD011689942F9D13368136016
:10AE1000D268002AF0D170BD704700BFB4FC00209A
:10AE2000B8FC0020C0FC002070B5446FBCB10646E1
:10AE3000D4E9005058B1FEF793FB21460420FDF7FA
:10AE4000EDFF55B12C46D4E900500028F3D121463E
:10AE50000420FDF7E3FF002DF4D10023736770BDDC
:10AE6000644B2DE9F0431E8876B30024624B634D9A
:10AE70001F682C80002F79D02246614BDFF8848137
:10AE8000B3F800C09646531C9BB2A3EB0C010139EA
:10AE900096421FFA8EF9C9B240F2A480CC4515D86B
:10AEA000795C012918D002291AD061B19C4558D982
:10AEB000544909680B441B7D012B40F298801344D0
:10AEC0009AB20124DEE72B80BDE8F083D8F80010A9
:10AED0007144097D0129E6D101241A46A644D2E72E
:10AEE000911C9C4589B227D9464C246823441B7D7C
:10AEF000042B27D14B1CB34224DAD31C8C4502F11E
:10AF000004029BB292B21FD8A1EB0C01C9B2795CCA
:10AF10009C454FEA01211FD8A3EB0C03DBB2FB5C7D
:10AF200040F2B35E40F2B4540B43591E89B27145EE
:10AF300088BF23464386C4E7A3EB0C03DBB2FB5C6C
:10AF4000042BD7D02980BFE72E4C9C452468214490
:10AF5000097D4FEA0121DFD92A4C246823441B7D57
:10AF6000DEE7A3EB0C03DBB2FB5CA5E73C46224625
:10AF7000244B02F114011F68531C96429BB231D935
:10AF80007C5C012C2BD0022C0BD0002C9BD03B44A2
:10AF90001B7D012B2BD913449AB2012402F1140119
:10AFA000EAE73B441B7D911C042B89B2CAD14B1CA0
:10AFB000B342C7DA40F2B35C40F2B454D31C394414
:10AFC00017FA83F3097D1B7D043243EA0123591EDE
:10AFD00089B2614588BF234692B24386DDE71A46AF
:10AFE0000131C9E7002C3FF46FAF2A806CE70232D1
:10AFF0002A8069E720FD0020D0FC00201CFD0020F5
:10B000001EFD0020CCFC0020F8B5C36805469889D9
:10B010000C46FDF785F9C20734D41C4EE1682B8934
:10B0200037684868B4F808C03B441A1AA2EB0C020F
:10B03000002A1CDB8889FDF773F9C30708D4204672
:10B040002468FFF7A3F9002CE8D100242C60F8BD98
:10B05000EB6801209F89FDF763F9EB680743204601
:10B0600024689F81FFF792F9002CD7D1EDE7C31A2E
:10B07000002BEBDAC11B89B268682981FEF7B4F9AD
:10B080002C60F8BD2046FFF767F9DEE790FC002052
:10B09000002944D02DE9F84F06460C469146DFF8CA
:10B0A0009C80234FE368D8F800505868FDF73CF9BE
:10B0B000E36882469889B4F808B0FDF731F910F0DA
:10B0C000030018BF0120A5EB0A05A5EB0B052D1AFF
:10B0D000002D21DBD4E90050FEF74CFAB6F86630BB
:10B0E00098421ED8398822891B1A0A44A6F866306D
:10B0F00020463A80FFF74AF9B6F8663043B10DB101
:10B100002C46CFE7B9F1000F0ED00020BDE8F88F34
:10B11000002DFAD02C46C5E72046BDE8F88F002068
:10B1200070470448F6F7C2F80348F6F7BFF800BFC7
:10B130001AFD00201C9A0110449A0110842B002053
:10B140002DE9F84F027D032A40F20D849B4B044603
:10B150001B789B4ED80648D49A4F3888336800280D
:10B1600000F08C80227D062A00F28880626AD11A63
:10B17000B1F1010CA3EB020500F1308105F1FF3EB6
:10B180001EEB000F00F12A818F4D6868002800F047
:10B1900018844FF6FE73994200F21084028989B236
:10B1A0008A42C0F008842B89521A5B1A2B8143898A
:10B1B00092B299420AD94FF0000CA0F80AC002815D
:10B1C0000068C91A438989B28B42F6D3FEF778F931
:10B1D000636AEA6833605360238D002B40F0158268
:10B1E0002046BDE8F84F02F097BA3368606DDFF88B
:10B1F000E881C51A002DB4F860E0D4F85890D8F86A
:10B20000001051DB98424BD0894500F02D81656CD0
:10B21000F446681A0028CA465ADB6A4F3888002864
:10B2200000F0C080656B002D9DD0A36B5B1A002BD6
:10B2300093DA664BB4F93C201888C2F3CF01ADB263
:10B24000431A5B1B9BB21A4412B213F4004FA2873D
:10B2500002D0091A0D44ABB200216163B4F93E106B
:10B260003888A1EBA1010B449BB203EBE202E38718
:10B27000A4F84020336800287FF474AF626A991AFA
:10B28000002907DB218D013A0A44D31A002B01DB88
:10B29000BDE8F88F638B43F002036383BDE8F88F4A
:10B2A000A9EB01000028AFDA49480068B0F80EC0E9
:10B2B000B4F86200656C6045A5EB010038BFA4F8E6
:10B2C00062C000288A46C4E91531A4F860C0A4DA37
:10B2D000EB43CB4200F1D080236D5B1A002BC0F210
:10B2E000CB80628BB4F84A0012F0040340F0428134
:10B2F0004D1BA4F842306164E38FB4F93C10ADB249
:10B3000003EBE103B4F84810A4F84030814228BFB1
:10B31000084680F0438112F4006F0CBF0222012224
:10B32000638E13FB02F39BB2AB4294BFCA184A1957
:10B3300093B28B4280F048814FF6FF73A4F84830F7
:10B34000D4E91B212046FFF7A3FE0246E16E2267E7
:10B350002046FFF79DFE0023226F2377B2FA82F387
:10B360005B095B42E0662386002800F03081194BC0
:10B370001988B4F864300B44A4F86430638B190561
:10B380007DD5002A00F08A81D3685868FCF7CCFF8D
:10B39000E36CC01A002872DB638B0A4F23F400634E
:10B3A00063836DE00CEB0A02CE44724500F0C88066
:10B3B000656B002D7FF439AF60E700BF33FD0020DF
:10B3C00090FC002022FD0020AC430020C4FC0020A3
:10B3D000CCFC00201AFD0020842B0020002DC0F2A0
:10B3E000AA80218D11EB0C0F3FF5FAAE934200F0CD
:10B3F000DF82656F002D00F07E81E86842689A4226
:10B4000000F0E880991A0029C0F23E8203F1FF3C67
:10B41000A8462D68002D3AD0E86842689A4200F0AC
:10B42000DB80D8F80C104968ACEB01010029EFDB98
:10B43000D11A0129ECD4B248FEF7B6FF074600281E
:10B440003FF4CEAED8F80C3032685968B8F80830FE
:10B450000B44D31A002BC0F2538229463846C8F851
:10B460000070FFF7D1FDBBE6A6480068B0F80EC03B
:10B47000E645BFF4CCAE1BE7204602F04DF9A24FE3
:10B48000656B002D3FF469AED8F80010CDE6D21AF6
:10B49000002ABFF6A5AE8089FCF742FFC1073FF541
:10B4A0009FAE9748FEF780FFC8F8000000283FF4E1
:10B4B00097AED8F80C30B8F808205B6831681A44A9
:10B4C0008A1A002AC0F252823A88636A9B1A228D35
:10B4D00013445B1A002BBFF683AED8F80030DB684C
:10B4E0009889FCF71DFFC207D8F8003000F14882A8
:10B4F000218D32685868891A626A114489B21981AB
:10B50000FDF772FFD8F800301D89DB689889FCF7D9
:10B5100007FF10F0030318BF012331682B449BB2CF
:10B520001944228D3B80636A134499423FF458AE1C
:10B530007648F5F7BBFE638B43F0020363834FE667
:10B54000B4F93020002AFFF633AF8D427FF430AFDC
:10B5500094F84320FF2A00F0AB810132D2B2032AD3
:10B5600084F8432000F2A4817FF422AF204601F04A
:10B57000C9FF85E722F00402628300224D1BE38F9E
:10B580006164B4F93C10A4F8480003EBE103ADB2E8
:10B59000A4F84030A4F86A20A4F84220B4F86A2045
:10B5A0001544ABB29A4204D8834204D2A4F86A305C
:10B5B000C6E64FF6FF731B1AA4F86A30638E034485
:10B5C0009BB28342FFF4B8AEA4F84830B8E6A4F8C2
:10B5D0006800CCE64FF0000849482B8902899A425E
:10B5E0007FF6FEAD2B68002B3FF4FAADFEF7DCFED4
:10B5F00000283FF4F5ADB8F1000F00F08A81C8F8DB
:10B6000000002946FFF700FDEAE513469889B5F8E2
:10B610000880FCF785FE10F0030018BF0120228D82
:10B6200008EB00039BB293423B8071D8616F002905
:10B6300000F03581EB689889FCF772FEC207D4F8F8
:10B6400074801ED4B8F1000F00F04681D8F80C00C9
:10B650003B88D6F800E0D0F804C0B8F8082003EB27
:10B660000E0162448A1A002AC0F22E818089FCF7FA
:10B6700057FEC30722D44046D8F80080FEF786FE66
:10B68000E0E7B8F1000F00F00E81D8F80030404636
:10B690006367FEF77BFED4F87480F2E748B1C368B5
:10B6A0005868FCF741FEE36CC31A002BFFF6E7AEC7
:10B6B000638B23F40063144F6383E1E6EB6898899E
:10B6C000FCF72EFE8007D6D4EB680120B3F80C906F
:10B6D000FCF726FEEB6849EA0000988180B2B5F8D5
:10B6E0000890FCF71DFE10F0030318BF01239944D6
:10B6F000A7F80090BFE70248FEF756FE60676FE5C7
:10B70000AC430020CCFC002022FD0020B09A0110A8
:10B71000EB689889FCF704FEEB68B3F80C80C3076C
:10B7200000F1DE80238D40462B81FCF7F9FD800778
:10B73000298902D5013989B229816868FDF754FE4B
:10B74000EB68B5F808809889FCF7EAFD10F0030370
:10B7500018BF0123228D3168606A43449BB21944AB
:10B76000104481423B807FF4E3AE606F00287FF499
:10B7700061AF9342616200F21881D31A238520469B
:10B78000FEF714FB6B681A891AB18F4A1360002305
:10B790006B60EB689889FCF7C3FDC20704D58B4A40
:10B7A000137843F020031370656F002D5FD04FF0C6
:10B7B0000009DFF81482854F1AE0FDF7F9FEC5F89D
:10B7C0000490EB689889FCF7ABFDC30708D53B787C
:10B7D00043F020033B70237D042B04BF0723237514
:10B7E0002B6828466367FEF7D1FD656F002D3ED0BC
:10B7F000E968626A4B68934239D133608889B5F849
:10B8000008A0FCF78DFD10F0030018BF0120636A4B
:10B81000B5F808B09A445044EB6860629889B4F86F
:10B8200028A0FCF77DFD10F0030018BF012058444C
:10B830008245C0F0B780EB68B5F808A09889FCF79E
:10B840006FFD10F0030018BF0120238D50441B1A18
:10B8500023852046FEF7AAFA69680B89002BB0D031
:10B86000D8F800000028A8D1C8F80010A7E7638B1B
:10B87000D80705D523F0010343F00203638307E5EE
:10B8800043F00103638303E55148FEF78DFD002873
:10B890003FF4A6AC29466067FFF7B6FBA0E4316829
:10B8A0001944616269E73B883168228D194460E779
:10B8B000B4F84820638E13449BB29A4201D94FF6E4
:10B8C000FF73A4F8483051E6ACEB0102002A22DBFA
:10B8D000228DC4F874804CE73B8831681944F7E73F
:10B8E0004046FCF71DFD00F03E00FCF719FD28F472
:10B8F0007C58EA6840EA080393811FFA83F811E74D
:10B90000521A91B2D8F80400A8F80810FDF76CFD9F
:10B91000A3E5606775E6EB68ACEB0E0CA5F808C014
:10B920009889FCF7FDFC810702D52B89013B2B810F
:10B9300029896868FDF758FDEB68B5F80890988983
:10B94000FCF7EEFC10F0030318BF01234B44D8F8BA
:10B950000C209BB23B80516832681A448A42B7D0AF
:10B960001C48F5F7A3FC1C48F5F7A0FCCB1A99B2CC
:10B97000A8F80810D8F80400FDF736FD3168A3E5F3
:10B98000DB689D892846FCF7CBFC00F03E00FCF705
:10B99000C7FCD8F8003025F47C55D96840EA050288
:10B9A0008A81A5E50D48F5F781FC0D48F5F77EFC89
:10B9B000074DEB682AE60B48F5F778FC0A48F5F7DF
:10B9C00075FC0A48F5F772FC7CFA002042FD002065
:10B9D000AC430020E89A0110649A0110449B0110C6
:10B9E000249B0110A09A0110909A0110809A0110D6
:10B9F0002DE9F04F8BB0002800F05085704D426863
:10BA0000B5F892306F4E0133A5F892304389044661
:10BA1000132B32600FD8B5F89A300133A5F89A305D
:10BA20002046B5F896300133A5F896300BB0BDE846
:10BA3000F04FFDF795BD644F3968786906F018F945
:10BA4000B0B97B6903F0F003E02B11D007F11403C8
:10BA5000009306212046228907F11003FCF7F6FE29
:10BA6000804658B1B5F898300133A5F89830D7E73B
:10BA7000B5F8A0300133A5F8A030D1E73368988934
:10BA8000FCF74EFC810A01F0FC011329C3D923897C
:10BA90008B42C0D36289DFF84CA1DFF84C91A1F151
:10BAA00014039BB28A42C9F80080AAF8003080F0E3
:10BAB0008F822368002B00F0D28514212046FDF7E9
:10BAC000FFFCB4F80A80414B41462046BAF800A07A
:10BAD000A3F80080FDF7F4FC2068AAEB080B43896B
:10BAE0001FFA8BFB5B4596D343685946C9F8003073
:10BAF000FDF7E6FC238962894344A3EB0A039BB26A
:10BB00002381002A40F0C085226812899A4240F0C1
:10BB1000B885D6F80080B8F80000FCF701FCA8F85A
:10BB20000000D6F80080B8F80200FCF7F9FBA8F88E
:10BB30000200D6F80080D8F80400FCF7F5FB244B8F
:10BB4000C8F80400D6F800801860D8F80800FCF7A0
:10BB5000EBFB204BC8F80800D6F800801860B8F856
:10BB60000E00FCF7DDFB3368A8F80E009889FCF79F
:10BB7000D7FB194B00F03F0B83F800B0C3B205931D
:10BB80008307B4F808E000F029820EF101039BB2AC
:10BB9000124A9E450792089313803FF63CAF104A25
:10BBA0003368D2F80090B9F1000F00F00C81D7E9AA
:10BBB00004CAC84600227968CDF824B006941CE077
:10BBC00000490020CCFC0020BC4300201EFD0020CA
:10BBD00090FC0020842B002033FD002022FD00205B
:10BBE000B4FC002020FD0020D0FC0020D8F80C0080
:10BBF0004246002800F0E680804698F814000028AD
:10BC000000F055840A2800F04F84012800F0498490
:10BC100098F808402CB191F840000130C0B284423D
:10BC2000E4D1B8F818B018888345DFD1B8F816B059
:10BC300058888345DAD1D8F804006045D6D1D8F8C1
:10BC400000005045D2D1D8F80C10DDF824B04145A1
:10BC5000069C00F0F784002A00F04C84D160844AEE
:10BC6000C145C2F80080C8F80C9000F0EE840022B4
:10BC7000DFF818927F4FC9F80C307F4BDFF810A225
:10BC80001A80059BA9F808E01907C9F80440C9F80B
:10BC900000203A608AF8002003D5637B43F001035B
:10BCA0006373D8F8783083B14046FEF705FF0D3056
:10BCB00000F0FD81D8F8783023B1079B1B88002B5A
:10BCC00040F0F5816D4B93F800B06D4C1BF0040211
:10BCD000C4F8008000F0B38198F81430022B00F013
:10BCE0004083684A1168D8F824208A4200F0EB812A
:10BCF0009AF80030881A002803F008030ADB521A69
:10BD0000B8F82810D14205D4B8F81A2042F002023F
:10BD1000A8F81A20002B40F0E581574B1A885AB139
:10BD2000D8F880302BB14146D8F8100098470D3034
:10BD30003BD00023504A13809AF80030D80600F117
:10BD400018833A68D2B1D8F87830002B40F05A8482
:10BD5000B8F81A3013F0100340F0D383D8F88450A9
:10BD6000002D00F0D8834146D8F81000A84710F104
:10BD70000D0F1AD010B13B68C8F878309AF800302F
:10BD8000990608D5D8F87830002B00F093835A7BB9
:10BD900042F020025A7300229AF800302260DA063C
:10BDA00000F1E782404601F019FD0025D9F80400B2
:10BDB00025603D6018B1FDF7D3FBC9F804500BB006
:10BDC000BDE8F08F069C304A1068002841D0D7F8B3
:10BDD0000480D7F810A002E0C068002839D0027DA6
:10BDE0000A2A40F09583017A29B198F8402001325F
:10BDF000D2B29142F0D11A88B0F818E09645EBD152
:10BE00005A88B0F816909145E6D142685245E3D180
:10BE100001687A699142DFD1059B5F070FD49E07C5
:10BE200040F16083174B1A68436AD11A002904DB7A
:10BE3000018D9B1ACB4240F11584089B0BB920461B
:10BE4000F4E5438B43F00203438301F0C7FC204633
:10BE5000ECE5DFF840A0DAF80010002900F0C5801A
:10BE600088464FF0000CD7F804E0D7F814901AE099
:10BE7000B4FC00207CFA00201AFD002033FD0020D5
:10BE8000BCFC002090FC0020C8FC0020AC4300203B
:10BE900042FD0020C0FC0020D8F80C20C446002A37
:10BEA00000F0A380904698F8080028B19EF8402042
:10BEB0000132D2B29042EFD1B8F816005A889042BF
:10BEC000EAD1D8F800204A4501D0002AE4D1BCF1DB
:10BED000000F00F0AE80D8F80C20CAF80080CCF833
:10BEE0000C20C8F80C10059A5107A8D412F01009BC
:10BEF00040F0D1809007A2D598F81500FEF7D0FB4E
:10BF00008246002800F0AA82D7E9043205460321C0
:10BF1000376845F8042B4360B14B3A787F781B684B
:10BF200042EA0722B8F816700133028301754362B2
:10BF3000C362C782FEF708FFA94B1B68013BCAF822
:10BF40005430D8F81030CAF85800CAF81030A54B51
:10BF5000CAF85000CAF84400CAF85C00CAF87C80ED
:10BF60001968C3F800A098F8093003F00C038AF8A8
:10BF7000093098F80830CAF80C108AF8083001F037
:10BF8000C5FF0122984B50461A70FEF769FF3368CF
:10BF90002846DA894B4662F30F0362F31F43CAF85F
:10BFA0006030BAF8326005F083FB2A46014630461D
:10BFB000FEF7DCFE1221AAF83200504601F0A4F987
:10BFC000002840F05E82504601F008FC20462DE536
:10BFD000864A20461380FDF773FA9AE5844BCDF824
:10BFE00020E00793A3F800E0D9E59889FCF798F9D9
:10BFF00042073FF524AF079B36681A88784B78686C
:10C000001B681A447B4B1968B5F8A0300133A5F8BA
:10C01000A030B5F896300133A5F8963033880293F6
:10C020007388754DCDE900532B1D01F0F7FA2046BA
:10C03000FCE4B5F8A6200132A5F8A62053E71BF0D2
:10C040000205B8F81A305DD098F8141002390129A9
:10C0500000F2FF8113F0100340F01A82A8F89A3022
:10C06000664B40461B68C8F82030FEF7F9FE98F88A
:10C0700014309A1E012A09D8032B6CD1584B1A6828
:10C08000D8F82430013B934200F085829AF80030C2
:10C0900003F008033EE6524A089912681D881144CD
:10C0A0000A4654497046096802955B88B9E7B8F8B2
:10C0B0002A30002B00F06D81B5F89630504C0133DA
:10C0C000A5F8963071E6002B00F0C6829AF8003091
:10C0D00043F008038AF80030B8F81A3023F001035F
:10C0E000A8F81A30D8F8903023B16FF00D01D8F8C5
:10C0F0001000984741463B48FEF792F94046FDF74D
:10C100008DFD52E6DB06A8F89A5003D43B4B1B6822
:10C11000C8F820304046FEF7A3FE98F81430023BE2
:10C12000072BB3D8DFE803F017D604B697047243A1
:10C130004046FFF705F89AF80030980608D5072220
:10C1400088F81420B8F81A2042F00202A8F81A2041
:10C1500003F00803DEE51BF0100F97D0254B306885
:10C1600019681F4B1B682DB1D8F8442001328A4250
:10C1700000F01381079A12881A44038802934388B7
:10C180001D48CDE900031F4B404601F0EDF998F83A
:10C190004230052B3FF67AAF00234046A8F83030F6
:10C1A00001F0FAFC9AF8003003F00803B2E54046CB
:10C1B000FEF7C6FF144B1A789AF80030D506C7D59B
:10C1C0000C4AD8F8501012689142C1D1D8F86C20AE
:10C1D000002ABDD143F010028AF80020B8E700BF62
:10C1E00090FC0020B4FC002049FD00201EFD002032
:10C1F00022FD0020842B0020CC430020C4FC002022
:10C20000BCFC0020D043002033FD00204046FEF758
:10C2100097FFC44B1B78DE067FF538AFC24BD8F8CA
:10C2200050201B689A427FF431AFD8F86C30002B55
:10C230007FF42CAF4046FEF7E9F8BC4B1B68434542
:10C2400000F0DB81002B00F09781DA68424500F0B6
:10C2500090811346F6E74046FEF772FF9AF80030E9
:10C260009A067FF575AFB8F81A30404643F00203DE
:10C27000A8F81A30FEF7CAF8AC4B1B68434500F02B
:10C28000BC81002B00F07881DA68424500F07181B2
:10C290001346F6E74046FEF753FFA24B1A789AF88A
:10C2A000003002F01002990640F15081B8F81A10DF
:10C2B00041F0020132B19C4A1068D8F85020824205
:10C2C00000F086810822A8F81A1003F0080388F805
:10C2D00014201FE51BF0100F3FF4D8AE924B1968E5
:10C2E000D8F84430DB43CB4200F19681D8F8503087
:10C2F0005B1A002BC0F29081042388F81430D8F820
:10C300007C30002B00F000819B69002B00F08181C4
:10C3100000224146D8F8100098470346002840F014
:10C3200074814046FEF70CFF814A13880BB1013B34
:10C33000138041F21C13B8F832104A009A42154695
:10C3400038BF1D46B5EB810F4FEA810040F2808176
:10C3500083B2A8F848309AF800309D063FF5EFAE5A
:10C36000F6E6714BD8F850201B689A423FF4AEAE07
:10C370008CE6B8F81A30DB063FF5BCAED8F8903042
:10C38000002B3FF4B7AE6FF00E01D8F810009847BD
:10C39000B0E6404601F0C0F98EE6C8F8442000221D
:10C3A0000425591CC8F82410C8F82C10C189013B79
:10C3B00061F30F0261F31F4288F814504544C8F836
:10C3C00054302846C8F86020B8F8326005F070F99B
:10C3D0002A4601463046FEF7C9FC41F21C134100D3
:10C3E000994202460D4638BF1D46B5EB820FA8F8AC
:10C3F00032004FEA800040F2E48083B2A8F848306F
:10C40000B8F86630002B00F0D980D8F87000013BF6
:10C41000A8F86630002800F0CA800368C8F87030B9
:10C42000FDF7B4FFD8F87030002B00F0BD8000237A
:10C4300088F84230A8F83030D8F888303BB1002274
:10C440004146D8F8100098470D303FF4AEACB8F82C
:10C450001A3043F00203A8F81A3017E6B5F89C30FA
:10C460000133A5F89C30D8F81830002B3FF4E7AC26
:10C4700001464FF0FF32D8F8100098472046FFF7EA
:10C48000D5BA50464946FEF735F82046FFF7CEBAF2
:10C490004046A8F89A20FEF7E3FCE8E52548F4F7C3
:10C4A00005FF2548F4F702FF2448F4F7FFFE24486F
:10C4B000F4F7FCFE42F6A052B8F82830D8F88450C1
:10C4C00093421CBF0133A8F82830002D3FF463AC21
:10C4D000002341461A46D8F81000A8470D307FF4D3
:10C4E0005AAC62E4059BDD077FF5A7AC154B1B68D2
:10C4F0000362A2E4B5F8A6200132A5F8A620FFF752
:10C50000B6BB1046FDF72CF84046FEF7B7F84CE4F2
:10C510000D48F4F7CBFE2B4628464146FEF76CFA51
:10C5200025E400BF33FD0020842B0020B4FC002054
:10C530001AFD0020689B0110109C0110E49B011063
:10C54000BC9B0110C4FC0020909C0110002A3FF409
:10C55000FFAD4F4AD8F85010126891427FF4F8AD01
:10C56000D8F86C20002A7FF4F3AD062288F8142056
:10C57000EEE5D8F80C20DA600A230121454A88F854
:10C580001430454B11701A68C3F80080C8F80C20AD
:10C5900001F0BCFC7AE5404600F078FF9AF80030E4
:10C5A00003F00803FFF7B6BB4FF0FF3342E7D8F8BC
:10C5B0006C0050B10368C8F86C3031E73748F4F7C5
:10C5C00075FE994288BF8BB218E73548F4F76EFEC6
:10C5D000D8F86C20002A7FF475AE4046A8F81A10EF
:10C5E000FDF714FF2F4B1B68434506D0002BC3D02B
:10C5F000DA684245BDD01346F8E7D8F80C30294A2E
:10C600001360B9E72848F4F751FE0D333FF4CDAB82
:10C610007AE72648F4F74AFE079A33681088244AD6
:10C6200012680244188802905B882248CDE9000312
:10C63000214B404600F098FF9AF8003003F00803C1
:10C64000FFF768BB1D48F4F731FE1D48F4F72EFED6
:10C650009A4288BF93B27CE61A48F4F727FE1A483C
:10C66000F4F724FE134BCDE9019E0093089B13447D
:10C670001A46074B1968104B00F076FF2046FFF76B
:10C68000D5B91248F4F712FE1148F4F70FFE00BFB7
:10C69000842B002049FD0020C8FC0020E09C0110F4
:10C6A000F89C0110B4FC00202C9D01100C9D011081
:10C6B00090FC0020CC430020D0430020389C011087
:10C6C000649C0110C09C0110809B01109C9B011078
:10C6D000909B0110024A137843F0100313707047C7
:10C6E00042FD00202DE9F0479DF820A0002852D0FF
:10C6F000074604200E4690469946FCF761FB4FEA38
:10C700008A05044605F0040500283DD0002380F882
:10C710000AA032894660AA42036039D3521B0281C3
:10C7200014213046FCF7A6FE064610BB6368F88A63
:10C73000D3F804A0AD02C4F80CA0FBF7F1FDAAF8F1
:10C740000000388BE768FBF7EBFD78804846E76828
:10C75000FBF7EAFD05F5A045786048EA0500E568C5
:10C76000FBF7DEFDE368A8819E74DE742046BDE819
:10C77000F0870A4A2046B2F8A4300133A2F8A43068
:10C78000FDF704FE0024F1E73046FCF7E9FEF9E787
:10C790000348F4F78BFD0348F4F788FD00490020B7
:10C7A000689D0110489D01102DE9F04304460D4697
:10C7B00090461E4685B0002835D0007A40BB18460A
:10C7C00004F076FF074640B300964346062128460C
:10C7D0002A89D5F80490FCF739F8A9F81000E37A13
:10C7E000A47A009406243246184E02970194B6F8B3
:10C7F000904041460134A6F89040284605F0FAF8EA
:10C8000004462846FCF7ACFE204605B0BDE8F083A0
:10C81000FCF7C4FC07460028D6D12846FCF7A0FE4A
:10C820006FF00304F0E7184604F042FF07460028C3
:10C83000F3D000964346062128462A89D5F804906D
:10C84000FCF704F8FF23A9F81000CAE7004900200C
:10C850002DE9F04F8DB0049101920793002800F06C
:10C860006E83B0F86220438E52089A4228BF1A465F
:10C870000746002A18BF1346002900F06083027D96
:10C88000911E022906D9072A04D06FF00A000DB0C4
:10C89000BDE8F08F0199002900F01381B7F86420FA
:10C8A0008A42C0F04F83B7F866401F2C00F24F83D6
:10C8B0003A6F002C40F0A880002A40F06B83FA6E9B
:10C8C000002A40F06783B7F86860002E40F0C78305
:10C8D000079AB44602F00101B346002940F0658191
:10C8E000019A0891A2EB06091FFA89F9994528BF18
:10C8F00099461FFA89F94FF0000ECDE9053BCDE9C5
:10C90000091CF346CDF808E016E0BBF1000F00F07B
:10C910002B83CBF80080019B4E44B6B2B34240F269
:10C920002982A3EB0609059B1FFA89F9994528BFBF
:10C930009946C3461FFA89F9012249463620FCF779
:10C94000A1FC8246002800F0FF81049B4FF4207276
:10C950003344436000213620FCF794FC0546002850
:10C9600000F0EF815146FCF723FE2846FCF702FE5B
:10C97000204484B2202C00F2DF81FB6D042006EB02
:10C98000030AFCF71DFA8046002800F0D58100223A
:10C99000456088F80A20C8F800202A892846142112
:10C9A000A8F80820FCF766FD0546002840F09B81AA
:10C9B000D8F80420F88A5268C8F80C200392FBF7D4
:10C9C000AFFC039A1080D8F80C20388B0392FBF749
:10C9D000A7FC039A50805046D8F80CA0FBF7A4FCA3
:10C9E000CAF804004FF4A040D8F80CA0FBF798FC5C
:10C9F000D8F80C20029BAAF80C009574D574002B73
:10CA000083D1CDF8088086E7F96E0291002A00F004
:10CA1000AA810A4600293FF456AF93461268002ABD
:10CA2000FBD19BF80A10BBF80800890001F0040153
:10CA3000029242189342C0F215831A1AB7F868603E
:10CA4000521A92B2002E4BD0964200F20283019904
:10CA5000B14228BF314689B2914228BF1146A6EBA8
:10CA600001091FFA89F98C46B9F1000F00F0B58170
:10CA7000019B8B4240F0F082002B7FD15A465E46EC
:10CA80009346029B3360FA6D019BA7F866401A44F7
:10CA9000FA65B7F86420D31AA7F864301CB13B6F6D
:10CAA000002B00F0B781BBF1000F06D0DBF80C3093
:10CAB0001BB1079A920740F1A48100200DB0BDE898
:10CAC000F08FFA6EB7F866400292002AA5D1B7F847
:10CAD0006820002A40F0C3828B46029BFB66D2E7A7
:10CAE0000199002900F07882079901F00101002ADC
:10CAF00057D0002855D00198A0EB06099145A8BF52
:10CB000091461FFA89F5002940F0BD81DBF8042029
:10CB100011461268002AFBD10A7B3F2A06D84889B1
:10CB20004A6804990244914200F07B81012229461F
:10CB300000200393FCF7A6FB0890002800F0F28188
:10CB4000049A354432444260FCF714FD019BADB2B7
:10CB5000AB4200EB040288BF0021039B94B240F279
:10CB60000D82019AB446A2EB05091FFA89F999458D
:10CB700028BF99462E461FFA89F9BCE6DBF8045017
:10CB8000002D00F0788102995E468A46E0460891C1
:10CB90002B8943442B812B68002B00F00D811D460F
:10CBA000F6E7B44600293FF49BAE00220892079AAC
:10CBB00002F0020209920022CDE90ABCCDE902226C
:10CBC0009846019B9B1B9BB29845C14628BF99463E
:10CBD0004FF0000A1FFA89F969F30F0A984569F3C3
:10CBE0001F4A40F2BB80099B3BB97B8B590600F181
:10CBF000B580029B002B00F0A98009F2B75121F00B
:10CC00000301414528BF414689B24FF420723620C6
:10CC1000FCF738FB0546002800F096800368059372
:10CC2000002B40F0A88143894A460693049BC0F834
:10CC300008A0991940680BF03DFD2846FCF79AFCC6
:10CC4000204484B2202C77D8FA6D042006EB020A27
:10CC5000FCF7B6F8834600286ED0059B83722989BD
:10CC6000C0E90035018128461421FCF703FC054684
:10CC7000002837D1DBF80430F88A5B68CBF80C3039
:10CC80000593FBF74DFB059B1880DBF80C30388BC8
:10CC90000593FBF745FB059B58805046DBF80CA03D
:10CCA000FBF742FBCAF804004FF4A040DBF80CA0ED
:10CCB000FBF736FBDBF80C30AAF80C009D74DD7432
:10CCC000029B002B4CD0039B002B00F04D81C3F83E
:10CCD00000B0019B4E44B6B2B34240F21981CDF888
:10CCE0000CB06FE7D846AD4C4046B4F8A4300133E1
:10CCF000A4F8A430FDF74AFB7B8B43F080037B83D1
:10CD0000B4F89C300133A4F89C30089B13B118464A
:10CD1000FCF726FC029B13B11846FDF71DFBB7F884
:10CD2000663023B13B6F13B9FB6E002B76D04FF00A
:10CD3000FF300DB0BDE8F08F2846FCF711FC974C92
:10CD4000DAE75046FCF70CFC944CD5E7FB6E002B61
:10CD50007FF453AF3B6F002B7FF44FAF494654E74E
:10CD6000CDF808B0B5E70A4600297FF456AE8C48E6
:10CD7000F4F79CFA4FF00009DDE9091CDDF818B062
:10CD8000BCF1000F00F03F81DBF804505E46C34663
:10CD9000002D33D13289089B62443281A7F8689014
:10CDA000002B65D0089D70682946FCF701FC298995
:10CDB00032890A44328164E66B89686842461844C5
:10CDC00004990BF077FC6B8943446B812B68002B33
:10CDD0007FF4E5AE5146C446DCE7521A019992B29F
:10CDE000614588BF66463FF67FAEDBF80450002DF4
:10CDF00000F0BD80029B5E46194608938A46E046D5
:10CE0000C6E608209C89FBF78BFADBF80C3004435C
:10CE10009C8152E6FB6E002B7FF445AE6148F4F72F
:10CE200045FA002E40F0DD80019A2946AA4288BFCB
:10CE300008963FF696AEA7F8686002965E4675685B
:10CE4000002D00F0C680286808B98BE018462B89B1
:10CE50000B442B8103680546002BF7D102890A4455
:10CE6000028142890A44428132890A44328108E6B9
:10CE70000029E4D105E6C21892B2ABF808205E465C
:10CE8000A7F86890FDE5AA4257D90799890702D407
:10CE9000798B480651D41FFA89F101F2B75121F07C
:10CEA0000301914228BF114689B24FF4207200203D
:10CEB0000393FCF7E7F90890002833D0D0F800A0DE
:10CEC000039BBAF1000F56D1D4460499039365F33E
:10CED0000F0C089B65F31F4C1FFA89F25868B3F8D2
:10CEE0000A903144C3F808C00BF0E4FB0898FCF743
:10CEF00041FB0219019B94B2721992B29342039BB7
:10CF000072D9B4461646079A02F00202099252E616
:10CF1000069BD846DDE90ABCA3EB090900211FFAEC
:10CF200089F92DE71D497A8BB1F89C3042F08002D7
:10CF300001337A83A1F89C30F1E62946B5E76FF01A
:10CF40000F00A4E47B8B43F080037B83EFE613495F
:10CF50007B8BB1F89C2043F080030132A1F89C2028
:10CF60007B83E4E6284679E70F48F4F79FF900EB66
:10CF70000C0292B281E70D48F4F798F926B3DBF87A
:10CF80000450BDB10023B44699465E469A46E04639
:10CF90000293FDE50648F4F789F900BF0049002037
:10CFA000809D01103C9F0110B89E0110489E011009
:10CFB000BC9D0110BBF8082002953244ABF8082054
:10CFC0005E46A7F86850EDE6B1465E46A7F8689061
:10CFD000E8E62648F4F76AF9019B1A46A7F8683094
:10CFE0004DE52348F4F762F9A9EB05091FFA89F921
:10CFF000002EEAD0DBF804500DB3B446CDF808A0FB
:10D000005E46E046C4E5089BA7F868902BB1BBF1EB
:10D01000000F08D05E46C346C4E651B9BBF1000F0D
:10D0200004D1C34659E51348F4F740F95E46C346B8
:10D0300027E5BBF1000FCCD05E46C346FFE6BBF848
:10D04000082002953244ABF808205E46A7F86890A5
:10D05000A8E60948F4F72AF90848F4F727F9084838
:10D06000F4F724F90748F4F721F900BF049F0110F1
:10D070005C9E0110CC9E0110089E0110289E01109C
:10D08000889E0110F09D01102DE9F04F83B000281B
:10D0900000F0AC80C56E0646002D00F09A800C466C
:10D0A000002900F0A080B5F8089089457BD9438E0F
:10D0B0008B42C0F09E8095F80AA0A9EB01074FEAC9
:10D0C0008A0BBFB20BF0040B0BEB07014FF420727D
:10D0D000362089B2FCF7D6F8804600287CD06868F4
:10D0E0002A890389D8F804109B1A23443A469BB234
:10D0F0005944FCF765FBB84262D1EB689889FBF7AD
:10D100000FF910F0080BC7B251D1012307F03F0708
:10D11000FA0748BF9B46EB6848BF07F0FE07586810
:10D12000FBF702F9414623185A463046CDF800A0D5
:10D13000FFF7D8FA804600284ED06868FCF71AFA44
:10D140006A68B6F866301189A4EB0904A4B21B1A08
:10D150002144104689B2A6F86630FCF745F92B89C0
:10D1600038461C44EB682C819C89FBF7D9F8EB68A6
:10D17000044368689C81FCF7FDF9B6F86630034407
:10D18000D8F80400A6F86630FCF7F4F9B6F8663073
:10D1900018442B68A6F86600C8F80030C5F800806F
:10D1A000D8F800304BB1002003B0BDE8F08F092360
:10D1B0004FF0080B07F03707AAE7A6F86830F2E748
:10D1C0000D4A4046B2F89C300133A2F89C30FCF77F
:10D1D000C7F94FF0FF30E7E7074AB2F89C30013358
:10D1E000A2F89C30F5E70548F4F760F80448F4F736
:10D1F0005DF80448F4F75AF800490020809F0110B8
:10D200005C9F0110A49F011070B582B0002868D007
:10D21000C36E04464BB11D461B68002BFBD1EB6867
:10D220009889FBF77DF8420740D000214FF4207227
:10D230003620FCF727F80146002844D00025E36D8E
:10D24000012220460095FFF74DFA00283BD0C36825
:10D250009B074CD10389002B46D1E36E23B31A46BA
:10D260001B68002BFBD110600021E26D638B013243
:10D2700043F0200340686383E265A4F86810FCF77C
:10D2800079F9B4F86630184480B2A4F8660010B991
:10D29000002002B070BD236F002BF9D1E36E002B8C
:10D2A000F6D11448F4F702F8E066DDE7EB680120F8
:10D2B0009E89FBF735F8638BEA68064343F0200349
:10D2C00096816383E4E70C4A618BB2F89C3041F0AD
:10D2D000800101339BB261834FF0FF30A2F89C3094
:10D2E000D7E70648F3F7E2FF0548F3F7DFFF054805
:10D2F000F3F7DCFF14A0011000490020B49F0110D7
:10D30000E89F0110D09F01102DE9F0418A0782B0FB
:10D310006DD00446002867D0C1F340074FEA870864
:10D320000D464FF42072362001F002064146FBF70D
:10D33000A9FF0146002843D0438943455AD30097AB
:10D340002A462046E36DFFF7CDF9002838D0C368A0
:10D350009B0746D10389002B40D1E36E43B31A46A5
:10D360001B68002BFBD11060002305F00105A4F819
:10D370006830BEB935B1E36D0133E365638B43F0CB
:10D38000200363834068FCF7F5F8B4F8663018446E
:10D3900080B2A4F8660010B1206F58B1002002B02E
:10D3A000BDE8F081E36D0133E365002DEAD0E5E7E8
:10D3B000E066D9E7E36E002BF1D11048F3F776FF72
:10D3C0000F4A618BB2F89C3041F0800101339BB26F
:10D3D00061834FF0FF30A2F89C30E0E70948F3F793
:10D3E00065FF0948F3F762FF0848F3F75FFF084855
:10D3F000F3F75CFF0748F3F759FF00BF14A00110D3
:10D4000000490020E89F0110D09F011094A0011056
:10D410003CA00110B4A00110F8B5002830D0026F74
:10D42000054652B31446D4E900639B7B3EB1012B01
:10D4300023D13446D4E900639B7B002EF7D1012B26
:10D440001BD1EB6E23606B8BEA6643F400636B8346
:10D45000E3682E675868FAF767FFE3682789044690
:10D460009889FAF75DFF10F0030318BF01233C44CD
:10D47000234430466E63EB64F8BD6FF00500F8BDE1
:10D480000148F3F713FF00BFF0A00110F8B5002822
:10D4900032D0066F07464EB373689B7B012B25D1B4
:10D4A0003268C36E026700F16C051BB90FE01D46C0
:10D4B0001B6863B1DB685868FAF736FFF368044607
:10D4C0005868FAF731FF241A002C2B68EFDB336021
:10D4D0002E6033686BB197F84230FF2B1CBF0133CD
:10D4E00087F84230002318467B63F8BD6FF00500D3
:10D4F000F8BDA7F86830EEE70148F3F7D7FE00BFA4
:10D5000014A1011010B548B3036F044613B1438B47
:10D510005B0700D510BDFFF7B9FF0028FAD1B4F8BA
:10D520006010B4F848304FF0000C994228BF1946FB
:10D53000628E4B085000B0EB510F618BA4F84A305B
:10D54000024484BF83B2A4F84A30134441F0040279
:10D55000A4F848306283A4F830C010BD0148F3F746
:10D56000A5FE00BF2CA101102DE9F04F81B0DDF820
:10D5700028A0BDF82C40BDF830B0002B41D0BAF146
:10D58000000F3BD00746084690461E46FAF7CCFEF1
:10D590004FF42072814614212220FBF773FE0546CA
:10D5A00048B34389132B2FD920466C68FAF7B8FE8D
:10D5B00020805846FAF7B4FEC4F8049060804046D4
:10D5C000FAF7B2FEA06045F21400FAF7A9FEA081B6
:10D5D0004AF22D00FAF7A4FE2946E08100255346C1
:10D5E0003246384625746574A574E57401B0BDE80B
:10D5F000F04FFFF7D9B801B0BDE8F08F0448F3F75A
:10D6000055FE0448F3F752FE0348F3F74FFE00BF00
:10D6100068A101104CA1011084A101102DE9F04F67
:10D6200085B0DDF83890BDF83C70BDF840A000280A
:10D630005DD01E46002B60D0B9F1000F5AD00546D0
:10D6400008469046FAF770FE4FF420728346142184
:10D650002220FBF717FE0446002848D04389132BED
:10D660004ED938466768FAF75BFE38805046FAF7BD
:10D6700057FEC7F804B078804046FAF755FEB86008
:10D6800045F21400FAF74CFEB8814AF22D00FAF781
:10D6900047FE4FF000082289D4F804A0F88187F8EB
:10D6A000108087F8118087F8128087F8138033463E
:10D6B00006212046CDF80090FBF7C8F80627314632
:10D6C000114EAAF810000295CDF80080B6F89050DF
:10D6D0004A460135A6F89050FF232046019704F0F2
:10D6E00089F9204605B0BDE8F04FFBF739BF05B01A
:10D6F000BDE8F08F0548F3F7D9FD0548F3F7D6FDEF
:10D700000448F3F7D3FD00BF0049002068A10110D1
:10D710004CA1011084A101102DE9F047002852D03E
:10D720000446006DFAF700FE4FF4207207461421FC
:10D730002220D4F82490E58AB4F818A0B4F82A80FE
:10D74000FBF7A0FD0646B0B34389132B3ED928460C
:10D750007568FAF7E5FD28805046FAF7E1FD6F603D
:10D7600068804846FAF7E0FD034645F21000AB60DA
:10D77000FAF7D6FDA8814046FAF7D2FD0023E881EA
:10D780002B74608D6B74AB74EB74636A3146034425
:10D79000E3622246231D2046FFF706F8638B28B973
:10D7A00023F003039BB26383BDE8F08743F00303D8
:10D7B0006383BDE8F087638B6FF0010043F00303E0
:10D7C0006383BDE8F0870348F3F770FD0248F3F781
:10D7D0006DFD00BFB4A1011084A101102DE9F04F2F
:10D7E00087B0002800F0BA81037D0446012B00F0C9
:10D7F000B281B24B1B68834238D0C56E85B3B0F896
:10D800004870B0F8606000F10408007A002840F029
:10D810008981404603F04CFF02460590002A00F043
:10D82000918123680BB953682360EB68B74258684D
:10D8300028BF3746FAF778FD2B89626C9B1A0344A0
:10D84000BB4217D9B4F86030BB4200F05981638BFA
:10D85000980708D5204607B0BDE8F04FFFF75CBF3A
:10D86000438B9D07F7D423F080036383002007B028
:10D87000BDE8F08F002384F89930236F002B00F06F
:10D880004F819A461B68002BFBD14646DFF8349245
:10D89000EB685868FAF748FD626C2B89801A1844C7
:10D8A000B84200F24481EB689889FAF739FD4107E4
:10D8B00000F14B81236F5BB1638B13F0440F07D1F1
:10D8C000E16E002900F0E7800A68002A00F0DE809F
:10D8D000237DD5F80CB0022B0AD01020BBF80CB079
:10D8E000FAF71EFD4BEA0000D5F80CB0ABF80C00BF
:10D8F0006B689B7B012B5ED1606AFAF715FDCBF854
:10D900000800608DD5F80CB0FAF70AFD628D636AE5
:10D91000ABF80E001344E362AB7AD5F80CB0DA072B
:10D9200000F19F800BF11408B4F93020002ABCBF2D
:10D9300000222286626B002A00F088804FF0000CE3
:10D94000686841680289ABEB0101B0F80AE089B26E
:10D95000521A92B2AEEB0101C0F804B002814181CB
:10D960008BF810C08BF811C0A97A11F0010F0CBF11
:10D97000142118215944884540F0EA8023460621A5
:10D980000096FAF763FF0622B9F89030ABF8100062
:10D990000133A9F89030059B6868CDE90123A37A8B
:10D9A000324600932146E37A04F024F8002840F040
:10D9B000C480D5F80CB0237D2A68022BE26603D020
:10D9C000638B23F003036383DBF80400FAF7ACFCFA
:10D9D000EB6883469889B5F80880FAF7A1FC10F047
:10D9E000030318BF0123226DC3445B44D21A002AEB
:10D9F000B8BF2365EB68B5F808B09889FAF790FCD2
:10DA0000830702D1BBF1000F3CD00022236F2A60B4
:10DA1000D3B1EB685868FAF787FCDAF80C30834624
:10DA20005868FAF781FCABEB000BBBF1000F4BDB46
:10DA3000CAF80050AA46E56E002D7FF429AF638B2B
:10DA40000022A4F868200EE72567F3E71C4B1A684C
:10DA50006263DBF80400FAF767FCD5F80CB0A0634A
:10DA60006CE73246059940F2B450FDF77FF940F07B
:10DA70000170FAF759FC0BF11808CBF81400D5F82F
:10DA80000CB051E72846FCF781FCD4E70889628E88
:10DA90009042BFF41DAFB4F86420002A3FF418AFE1
:10DAA000B4F866201F2A3FF613AF13F0A00F7FF4DF
:10DAB0000FAF00297FF4D7AEC2E700BFBCFC002047
:10DAC000C4FC002000490020236F04F170081BB93A
:10DAD00012E098461B687BB1DB685868FAF724FCB3
:10DAE000EB6883465868FAF71FFCABEB000BBBF101
:10DAF000000FD8F80030ECDB2B60C8F800509AE734
:10DB0000236F002B7FF4A3AE94F89930002B7FF4A1
:10DB10009EAE4FF4807284F89A30A4F8982096E66E
:10DB20009A46B2E6FBF73AFB0246059076E6E16ECE
:10DB3000638B00297FF497AE82E7638B43F0800309
:10DB4000638394E66FF0030091E60648F3F7AEFBBB
:10DB50000548F3F7ABFB0548F3F7A8FB0448F3F7D8
:10DB6000A5FB00BF14A201102CA20110ECA1011012
:10DB7000D4A1011008B550B190F84230FF2B1CBF62
:10DB8000013380F84230BDE80840FFF727BE014866
:10DB9000F3F78CFB40A20110F8B5002839D0026FD2
:10DBA000044632B11546D5E900639B7B46B1012B93
:10DBB00000D0F8BD3546D5E900639B7B002EF6D139
:10DBC000012BF6D1E36E2B60638BE26643F40063B6
:10DBD0006383EB6826675868FAF7A6FBEB682F8922
:10DBE00005469889FAF79CFB10F0030318BF012340
:10DBF00094F842203D44FF2A18BF01322B4418BF3D
:10DC000084F8422020466663E364BDE8F840FFF7ED
:10DC1000E5BD0148F3F74AFB64A201102DE9F04786
:10DC2000002844D00446006D0138FAF77DFB4FF41C
:10DC30002072074614212220D4F82490E58AB4F8F3
:10DC400018A0B4F82A80FBF71DFB064658B3438999
:10DC5000132B2FD928467568FAF762FB28805046A7
:10DC6000FAF75EFB6F6068804846FAF75DFB034693
:10DC700045F21000AB60FAF753FBA8814046FAF773
:10DC80004FFB0023E8812B74608D6B74AB74EB74D5
:10DC9000636A31460344E36222462046231DBDE801
:10DCA000F047FEF781BD4FF0FF30BDE8F087034835
:10DCB000F3F7FCFA0248F3F7F9FA00BF80A201106B
:10DCC00084A101102DE9F04F83B0002800F093806B
:10DCD000C56E0446002D00F08A8090F89A30FF2B24
:10DCE0001CBF013380F89A30EB689889FAF718FB6B
:10DCF00010F0010762D11521EB684FF42072D3F8C0
:10DD00000490636A2220B4F816B0B4F818A0B4F8EE
:10DD10002A800193FBF7B6FA0646002862D04389B1
:10DD2000132B6BD95846D6F804B0FAF7F9FAABF8CA
:10DD300000005046FAF7F4FACBF80490ABF8020072
:10DD40000198FAF7F1FACBF8080045F21000FAF75B
:10DD5000E7FAABF80C004046FAF7E2FA0023618DCF
:10DD6000626AD6F804800A44ABF80E008BF81030D3
:10DD70008BF811308BF812308BF81330E26237B326
:10DD80001120B8F80C70FAF7CBFA27F47C57BFB221
:10DD90003843A8F80C00EB685868FAF7C5FA236D09
:10DDA00001301B1A002BB8BF2065224631462046A1
:10DDB000231D03B0BDE8F04FFEF7F6BC2989B1FA88
:10DDC00081F7003918BF01217F09143194E7686891
:10DDD0002A89038908F114019B1A9BB20122FBF7DF
:10DDE000EFFCD8E74FF0FF3003B0BDE8F08F2846D6
:10DDF00003B0BDE8F08F0348F3F758FA0248F3F791
:10DE000055FA00BF9CA2011084A1011010B5FCF7C7
:10DE1000CDFE144B1B68DBB1F9F7FAFF044607206F
:10DE2000FA34FAF7CDFFD0B100220F4B0F49C0E909
:10DE300001430B680260C2601BB907E019461B680A
:10DE40001BB15A68A21A002AF8DA0360086010BDF4
:10DE5000074B1B68002BDFD1064A136010BD064834
:10DE6000F3F724FAB4FC00200DDE001078BB00208C
:10DE7000C8FC0020D4FC0020C0A2011070B50546EB
:10DE800043689847F9F7C4FF1C4B29681C680C4489
:10DE9000231ADE0F19D0024607208C18FAF790FFDC
:10DEA00048B30022164B1749C0E902350B68C0E998
:10DEB00000241BB907E019461B681BB15A68A21A57
:10DEC000002AF8DA0360086070BD0720FAF778FFCF
:10DED00088B10B4B0B49C0E902350B68C0E90064FF
:10DEE00023B9F0E719461B68002BEBD05A68A21A39
:10DEF000002AF7DAE6E70448F3F7D8F9EC30002017
:10DF00007DDE001078BB0020C0A20110164B1A68FD
:10DF100002B17047154A1268F2B1012210B51A60B9
:10DF2000F9F776FF04460720FA34FAF749FFC0B143
:10DF300000220F4B0F49C0E901430B680260C26029
:10DF40001BB907E019461B681BB15A68A21A002AC0
:10DF5000F8DA0360086010BD074A1268002ADCD1B5
:10DF600070470648F3F7A2F9D4FC0020B4FC002067
:10DF70000DDE001078BB0020C8FC0020C0A20110FC
:10DF80002DE9F041DFF884801C4E1D4C08F130056E
:10DF900003E003604545206027D058F8087FB7F1BB
:10DFA000804F24D2F9F734FF034607201F44FAF7C5
:10DFB00007FFF8B100222368C0E90268C0E9002722
:10DFC000002BE7D05A68BA1A002AE2DB19461B6810
:10DFD0003BB15A68BA1A002A03DB19461B68002BAA
:10DFE000F7D1454503600860D7D1BDE8F081054809
:10DFF000F3F75CF90448F3F759F900BF7DDE001030
:10E0000078BB002000A30110C0A2011004B40110CD
:10E010002DE9F843F9F7FCFE114E0546114C124F5D
:10E0200010E02168B1B14B68EA1A002A12DBD1E98D
:10E0300002890A6807203B602260FAF7EFFEB8F118
:10E04000000F09D13378002BEBD0FBF701F92168E1
:10E050000029E8D1BDE8F8834846C047F2E700BF91
:10E0600041FD002078BB0020EC30002010B5074CAB
:10E0700023683BB1F9F7CCFE23685B68181A48BFE8
:10E08000002010BD4FF0FF3010BD00BF78BB002056
:10E0900008B5FAF72DF96FEA80406FEA9040014B1E
:10E0A000188008BDC61C00202DE9F04F87B000285D
:10E0B00000F05D818A46002900F05681AD4E04468D
:10E0C000B6F87A300133A6F87A304389072B40F24C
:10E0D000F280DFF8BC82D0F80490D8F80010D8F8AD
:10E0E000140003F0C5FD8346B9F80000FAF718F9EB
:10E0F0000746B9F80200FAF713F99F4BD8F8142035
:10E10000D3F800E003920346BEF1000F00F0028155
:10E11000D8F80400BBF1000F41D1F4465D465A46E1
:10E12000CDE9044E05E0DCF80C106246002975D0FC
:10E130008C46BCF812109942F5D19CF808E0BEF16B
:10E14000000F05D090F840100131C9B28E45EAD1D8
:10E15000DCF8001011B1039C8C42E4D19CF8101043
:10E16000490702D4002D08BF6546BCF81410B94217
:10E17000D9D1DCF8041019B1D8F810408C42D2D1B2
:10E180006546DDE9044E002A00F0E5807A4BC3F8CD
:10E1900000C0DCF80C30D360CCF80CE041E0002586
:10E1A0000132F4462A46CDE9044E05D16CE0DCF894
:10E1B0000C10624691B38C46BCF812109942F6D10D
:10E1C0009CF808E0BEF1000F05D090F84010013136
:10E1D000C9B28E45EBD1DCF8001039B1039C84EA5A
:10E1E000010EDAF808101EEA010FE0D19CF81010B9
:10E1F0004C0702D4002D08BF6546BCF81410B94284
:10E20000D5D1DCF804100029BAD0D8F81040A142CA
:10E21000B6D0DCF80C1062460029CCD1049C002D4D
:10E2200078D0B9F806304BB1544B112100932046F9
:10E230002289043BFAF70AFB002872D10821204604
:10E24000FBF73EF9002840F08C80002D4FD0AE69DE
:10E25000002E64D0E86922462946494B0097B04712
:10E2600007B0BDE8F08F9CF808E0BEF1000F10D0B9
:10E2700090F840100131C9B28E450AD0DCF80C107C
:10E2800062460029CAD08C46BCF812109942F5D1DA
:10E29000E9E79CF8101049071CD5BCF81410B942E6
:10E2A000ECD1DCF8041000293FF46AAFD8F8104034
:10E2B000A142E3D164E7B6F88220B6F87E3001329D
:10E2C0000133A6F88220A6F87E3007B0BDE8F04FF3
:10E2D000FBF746B9002D3CD0DAF804102C688C42CC
:10E2E000DBD0DCF80040A14208BF6546D5E7BBF1B2
:10E2F000000F05D1D8F8143003F0F003E02B1AD149
:10E30000B6F88820B6F87E30013220460133A6F8F0
:10E310008820D8E7DAF80430039A9A4217D02046CA
:10E32000D3E7B6F88020B6F87E30013220460133BC
:10E33000A6F88020C7E7B8F80C102046083109B2CB
:10E34000FBF7DAF80321204602F00AFDD8E70025A2
:10E3500067E76546A1E7B6F88E300133A6F88E3040
:10E360005FE70848F2F7A2FF0748F2F79FFF074868
:10E37000F2F79CFF00490020F4FC0020D04300206D
:10E38000CC4300206CA3011050A3011038A301104E
:10E39000BC430020394B2DE9F041002914BF0C4645
:10E3A0001C46002864D0364F3E68002E32D03146DD
:10E3B00001E0C96811B18842FBD10121002A31D0A6
:10E3C0002568334615B91CE0DB688BB19842FBD059
:10E3D000B3F812C09445F7D11C68AC4201D0002CB0
:10E3E000F2D16FF00700BDE8F0812568AEF800209B
:10E3F0000560428291B10020BDE8F081DB68002B0E
:10E40000F6D09842FAD05C8A9442EAD0DB68002BBE
:10E41000F7D1EDE72AB1236842820360C660386015
:10E42000E9E731464FF6FF72DFF858E0BEF80030FA
:10E43000934216BF01334FF440429AB2002ED4D01B
:10E440004FF480454FF6FF78334602E0DB68002B3F
:10E45000CBD0B3F812C09445F8D1013DADB255B15F
:10E46000424502D0013292B2EEE74FF44042EBE770
:10E470006FF00F00C0E7AEF80020B2E740B4011023
:10E48000F4FC0020C61C00202DE9F04F85B0DDE92A
:10E490000EBA002876D00D46002973D09046002A87
:10E4A00070D0BAF1000F6DD0BBF1000F6AD0428A74
:10E4B00099460446002A3DD04FF6F7732A899A42BE
:10E4C00063D808212846FAF7D5FF00283CD12E460C
:10E4D0007389072B5CD9608A7768F9F721FF388048
:10E4E0004846F9F71DFF002378803089BB71FB7126
:10E4F000F9F716FFB880237CDB0734D51123CDF85C
:10E5000008B00193A37A4246009351463046E37A1D
:10E5100003F00EFBAE42074602D03046FBF720F870
:10E520001D4AB2F878300133A2F87830384605B089
:10E53000BDE8F08F0146FFF72DFF07460028BBD04E
:10E54000384605B0BDE8F08F4FF420720821222034
:10E55000FAF798FE0646C0B12B89002BB8D02946A1
:10E56000FBF74EF8B4E75346328911213046CDF817
:10E570000080FAF76BF94FF6FF73002818BF0346C7
:10E58000FB80BBE76FF00F07D0E74FF0FF37CDE719
:10E590000248F2F78BFE00BF0049002088A301105B
:10E5A00070B582B0069CA8B1A1B19AB194B10568CA
:10E5B00035B9251DCDE90045FFF766FF02B070BDF6
:10E5C00005F0F00CBCF1E00FF3D06668B54204D161
:10E5D0000546EFE76FF00F00F0E76FF00300EDE79F
:10E5E000B0B32DE9F0410F4682B071B3164662B365
:10E5F0000446007A9846C0B1FAF7D0FD0546DDB171
:10E600002268BAB102F0F003E02B13D06B689A4293
:10E6100018D1234601933246434639462046009599
:10E62000FFF732FF02B0BDE8F081104603F040F87A
:10E630000546E4E72B1DEDE7074AB2F886300133C3
:10E64000A2F886306FF00300ECE76FF00F00E9E707
:10E650006FF00F00704700BF0049002028B370B56D
:10E660000D46F9B11646428A0446AAB12A681049F5
:10E67000237C62600A6843F004032374A682134675
:10E6800012B905E0DB681BB19C42FBD1002070BDD4
:10E690000020E2600C60FAE70146FFF77BFE0028ED
:10E6A000E4D070BD6FF00F0070BD6FF00F007047C9
:10E6B000F4FC002008B1C0E906127047014698B189
:10E6C0000A4A136883420AD033B11A46DB681BB189
:10E6D0008B42FAD1CB68D3600120FAF79FBBC368A5
:10E6E00001201360FAF79ABB704700BFF4FC0020CA
:10E6F00010B50120FAF764FB044628B1202200215E
:10E7000009F0F4FEFF23E372204610BD88B10268D1
:10E710007AB171B10B6863B10A4B1B684BB110B48D
:10E720001C68944206D0DB68002BF9D15DF8044BDD
:10E73000704770470A681A60DB68002BF6D00268E1
:10E74000EEE700BFF4FC00202DE9F843002871D06B
:10E750000E4600296ED0054690464FF49A714FF44C
:10E76000207236209946FAF78DFD0746002861D0C1
:10E770004389B3F59A7F66D3B8F1030F3FD0B379DD
:10E78000002B5BD0314B18687C684FF49A720021E3
:10E790003060204609F0AAFE40F20113238095F86C
:10E7A0003C30A3703068F9F7BFFD4FF4C87323FA0B
:10E7B00008F3DB0760603AD4B8F1030F33D0D5F823
:10E7C00036306FF07D02E3616B8F53212384632326
:10E7D00084F8EC3084F8EF3040F2351384F8F2809E
:10E7E00084F8EE1084F8ED20A4F8F030B9F1000FB1
:10E7F00002D00323A9F800303846BDE8F8837379C6
:10E80000032BBCD044684FF49A720021204609F0D3
:10E810006DFE40F20113238095F83C30A370306800
:10E82000F9F782FD60607379043B012BC7D86B68F0
:10E83000E360C4E700273846BDE8F883F9F758FDE0
:10E84000024B1860A0E70248F2F730FD0CFD0020F3
:10E85000B8A30110002800F08D80816A002900F023
:10E860008980002210B58B6A82B05C1C4A8207D076
:10E870001E33B3F5701F68D23B2B70D801238B82F7
:10E88000CB6A5A1C24D01E33B3F5701F49D34FF600
:10E89000FF720B6B4A815C1CCA8167D01E33B3F5D3
:10E8A000701F71D23B2B91BF0123394AA2FB032376
:10E8B000C3F34F138B810B8200234B81CB79DB0792
:10E8C0001CD491F91C300A7F002B54DBFF2316E087
:10E8D0000A6B4B89541C32D01E32B2F5701F3BD2EA
:10E8E0003B2A4FD92A4CA4FB0242C2F34F12934257
:10E8F0008A810A82E0D2CB79DB07E2D50B6A4A79BA
:10E9000000934B6A0A2A019304D00A220023A1F83B
:10E9100005200B816A4601AB1C31FAF757FB02B0A8
:10E9200010BD3B2B92BF0123194AA2FB03230A6BA4
:10E9300088BFC3F34F13541C4B81CB81CCD18A8940
:10E940009A42D8D8002AD6D0B6E74FF6FF738B820A
:10E95000CB6A5A1C97D1BBE74FF6FF72C7E7A2F10B
:10E960007732A2FB0323C3F34F13F0E78A89002A0F
:10E97000C1D0A1E77047BF2A4FF6FF7388BF6FF081
:10E980007F43BCE70122B2E78A810A8294E700BF95
:10E990008988888870B5134D2C78CCB9124E3368AD
:10E9A000D3B9FFF7A5FE3060C8B1427A0F4942F0F3
:10E9B000200242724422FFF7EDFC43220B493068EB
:10E9C000FFF74CFE22460A493068FFF773FE2C78A9
:10E9D00001342C70002070BD0648F2F767FC4FF040
:10E9E000FF3070BD30FD0020D83A002040B4011047
:10E9F00005F00010F8A3011070B5044642B31046AC
:10EA00000E46154609F0CCFE10B3C4F14102904207
:10EA1000234622D8FF2820D8A21C02EB000CBCF110
:10EA2000440FC1B21CD84FF00C0C06F804C00134DE
:10EA3000A4B2013331553344284494B2442C15F820
:10EA4000012B07D00134854203F8012FA4B2F5D180
:10EA5000204670BD0448F2F729FC0448F2F726FC72
:10EA60000348F2F723FC00BF80A4011020A401108A
:10EA70003CA40110002330B52B4D83B0EA78044646
:10EA8000C0E9083312B1294BDB6883622B79002B74
:10EA900047D0264B1B696A79E36232B3234B5B692B
:10EAA00023630A69AB79E2614BBBE37903F0FE03B0
:10EAB000E371EB79002B2ED12B7AA3B11B4C206A8A
:10EAC000F9F732FC034601A900200193F9F792FD02
:10EAD0006B7A43B1606AF9F727FC034601A901206C
:10EAE0000193F9F787FD03B030BDA36AC3EBC303FD
:10EAF000DB0823630A69AB79E261002BD5D00B4BAD
:10EB00009869F9F711FCE379206243F00103E3719E
:10EB1000EB79002BD0D0054BD869F9F705FC606282
:10EB2000CAE7A36A5B08B6E7DC3A0020E83A0020AF
:10EB300000232DE9F041856A84B06A790646062AE9
:10EB4000EB6103D006222B81A5F80520012229467E
:10EB500030460DF10E03FFF7F7FD074600285FD0A2
:10EB6000BDF80E304468181D442804F1F00472D832
:10EB700039220221E2545A1C92B2A154B18E9A1C3D
:10EB800003339BB24FEA112C92B204F802C0E15455
:10EB9000326B214680B2FFF72FFF821D442A0346C5
:10EBA00059D8ADF80E2037224FF0010E4FF004086F
:10EBB000032122544FF01C0C4FF6067003EB0E029B
:10EBC00092B204F802809A1C92B204F802E05A1839
:10EBD00092B2A1545A1D03EB080107339BB292B2C3
:10EBE00089B2432B04F801C0A05207D8C2F14202F7
:10EBF000E018002192B209F079FC4423F03399B275
:10EC00003846FAF7F1FB154B15491868154ACDE956
:10EC1000006143233946FFF737FC3846FAF7A0FC7A
:10EC2000AB79FF2B12D00133DAB2052AAA710DD8C5
:10EC30004FF47A7393400C4903F2F3139BB2A1FB98
:10EC400003135B092B8104B0BDE8F08178232B818D
:10EC500004B0BDE8F0810548F2F728FBD83A00205F
:10EC600040B401103CB40110D34D62103CA401101B
:10EC70002DE9F04F866A8046737985B0032B04D066
:10EC800003220023A6F805203381032231464046A3
:10EC90000DF10E03FFF758FD0746002800F08D80A8
:10ECA000BDF80E404568221D442A05F1F00500F22A
:10ECB000A1803923022140202B55631C9BB2E954CB
:10ECC00063189BB2E95404F10A0AE31C9BB2BAF13F
:10ECD000440FE85400F28E8032234FF00409AB5405
:10ECE000631D9BB205F80390F069F9F71DFB04F171
:10ECF000060E1FFA8EFE04F1070C4FEA106B05F8A2
:10ED00000EB01FFA8CFC04F1080104F1090204F1B1
:10ED100010034FEA104E05F80CE089B292B24FEAA8
:10ED2000102C442B05F801C0A85463D898B237239F
:10ED30004FF0010E4FF0030C1C21062205F80A309B
:10ED400004F10B039BB205F8039004F10C039BB292
:10ED500005F803E004F10D039BB205F803C004F1CC
:10ED60000E030F349BB2A4B2E9542A552946D8F8B1
:10ED70003020ADF80E00FFF73FFEFF23411C89B2A3
:10ED8000432902462B5407D8C2F14302681892B2B5
:10ED9000002109F0ABFB4421F031384689B2FAF783
:10EDA00023FB164A432310683946154ACDF80080E4
:10EDB000FFF7F6FB3846FAF7D3FBB379FF2B14D0F5
:10EDC0000133DBB2092BB3710FD8C3EB431203EB52
:10EDD0008203DB000B4A03F2F3139BB2A2FB032373
:10EDE0005B09338105B0BDE8F08F1423338105B092
:10EDF000BDE8F08F0448F2F759FA00BFD83A002076
:10EE00003CB40110D34D62103CA40110002800F066
:10EE1000EB802DE9F04F866A074685B0002E00F0A2
:10EE2000DE807379012B04D001220023A6F805208F
:10EE300033810322314638460DF10E03FFF784FC7F
:10EE40008046002800F0B880BDF80E404568211DBE
:10EE5000442905F1F00500F2C880392302222B5520
:10EE6000631C9BB2EA54B88EA218E31C04F10A0B8F
:10EE700092B29BB24FEA102CBBF1440F05F802C0CE
:10EE8000E85400F2B28032234FF004096B54631D42
:10EE90009BB205F80390F069F9F746FA04F1060C05
:10EEA0001FFA8CFCE11D4FEA106E05F80CE089B2E8
:10EEB00004F1080204F1090304F1100A4FEA104CAE
:10EEC00005F801C092B29BB2010ABAF1440FA954ED
:10EED000E85400F28A80362305F80B3004F10B0366
:10EEE0009BB205F80390B069F9F71EFA04F10C0E15
:10EEF0001FFA8EFE04F10D0C4FEA106B05F80EB0F0
:10EF00001FFA8CFC04F10E0104F10F0204F1160348
:10EF10004FEA104E05F80CE089B292B24FEA102C7D
:10EF2000442B05F801C0A8545FD898B237234FF09E
:10EF3000010E4FF0030C1C21062205F80A3004F1E3
:10EF400011039BB205F8039004F112039BB205F87C
:10EF500003E004F113039BB205F803C004F11403AA
:10EF600015349BB2A4B2E9542A5529463A6BADF840
:10EF70000E00FFF741FDFF23411C89B243290246E1
:10EF80002B5407D8C2F14302681892B2002109F04D
:10EF9000ADFA4421F031404689B2FAF725FA144B14
:10EFA00014491868144ACDE9007143234146FFF71C
:10EFB0006BFA4046FAF7D4FAB379FF2B12D001333B
:10EFC000DAB2052AB2710DD84FF47A7393400B4927
:10EFD00003F2F3139BB2A1FB03135B09338105B06A
:10EFE000BDE8F08F7823F9E770470548F2F75EF93E
:10EFF000D83A002040B401103CB40110D34D621047
:10F000003CA40110A64B2DE9F04F5F681446BD6A81
:10F010008DB0002D00F0C8802B79002B00F0C4804B
:10F0200053892B2B40F2C08053681A78022A40F093
:10F03000BB8097F83C207AB397F83600197F884256
:10F0400040F0B280012A27D0587F97F837108842C5
:10F0500040F0AA80022A1FD0987F97F83810884283
:10F0600040F0A280032A17D0D87F97F83910884241
:10F0700040F09A80042A0FD093F8200097F83A10B5
:10F08000884240F09180052A06D097F83B1093F80B
:10F090002120914240F088805868F9F745F92B68A3
:10F0A000984240F081800026DFF8FCB1CBF8046084
:10F0B000ABF808606389CBF800602B2B74D9F02281
:10F0C000B4F808A0B04651462E46B946A2461546A9
:10F0D0000392544607E02468ED1AC91AADB289B20A
:10F0E000002C60D06389AB42F5D963688D420293EE
:10F0F00080F04F8123465246CDE90796CDF8248013
:10F100000298445DFF2C00F03F81AF1CBFB2AF42BC
:10F11000C0F0DE81588905F1010C844580F22C8114
:10F12000029E2E4476783B2C44D8DFE814F05D0034
:10F130000C014300FD0043004300E900430043008D
:10F1400043004300430043004300430043004300A7
:10F150004300430043004300430043004300430097
:10F160004300430043004300430043004300430087
:10F170004300430043004300430043004300430077
:10F180004300430043004300430043004300430067
:10F1900043004300DC00CB00BF00AB004300430052
:10F1A000430019016000544620460DB0BDE8F04F01
:10F1B000FAF7D6B94FF6FD743544A54200F38881BD
:10F1C0003744BFB23D468542C0F0DB802D1A081A95
:10F1D000ADB281B28D4280F07B811B68002B00F0C4
:10F1E0007781586802908BE71FFA8CF5EBE7042EC5
:10F1F00040F06E814FF6F970854200F269814FF060
:10F2000005080635ADB200200B90264801240BEB13
:10F21000080900EB880A059101930695049227E0FE
:10F22000042E354628BF04253B462A4601980BA9E3
:10F23000FAF7C6FA854240F04D81042E40F24C8127
:10F24000B20740F047810B9809F8014CF9F76CF8C8
:10F250003A1D92B2043E97424AF8040BF6B200F20D
:10F26000398108F10108B8F10A0F00F0B78117469B
:10F2700019F8012B002AD3D00599019B069D049A09
:10F280005889A0E7042E40F023814FF6F97085429B
:10F2900000F21E8106354FF00208ADB2B3E700BFA1
:10F2A000BC430020E83A0020DC3A0020012E40F068
:10F2B0000F814FF6FE70844500F00A810335B04699
:10F2C000ADB2A0E7012E40F003810398F02840F092
:10F2D000FF804FF6FE70844500F0FA8003354FF052
:10F2E0000008ADB28FE7042E40F0F2804FF6F970BF
:10F2F000854200F2ED8006354FF00308ADB282E79B
:10F30000B40740F0E5804FF6FD743544A54200F3A4
:10F31000DF80F519ADB2002E3FF455AF082E28BF9F
:10F3200008264FF008086EE7032E40F2D1804FF612
:10F33000FD703544854200F3CB80F5194FF0070886
:10F340000426ADB25FE7042E40F0C2804FF6F9709C
:10F35000854200F2BD8006354FF00608ADB252E797
:10F36000042E40F0B5804FF6F970854200F2B0806F
:10F370000635B046ADB246E71E685EB376683678AD
:10F38000D1E68D42FFF4BCAE9246DDE90796DDF88A
:10F3900024809BF8003053B100238BF80030914B50
:10F3A0001B68012B12D0022B05D0032B0CD0B8F117
:10F3B000000F00F0A9802C234FF000086C2103936C
:10F3C000BAF80A30039D84E64FF001086C23EC2163
:10F3D0000393F5E73B2C3FF6F5AE01A555F824F075
:10F3E000E9F10010D1F40010C5F10010D1F40010C3
:10F3F000C5F10010C5F10010C5F10010C5F10010F5
:10F40000C5F10010C5F10010C5F10010C5F10010E4
:10F41000C5F10010C5F10010C5F10010C5F10010D4
:10F42000C5F10010C5F10010C5F10010C5F10010C4
:10F43000C5F10010C5F10010C5F10010C5F10010B4
:10F44000C5F10010C5F10010C5F10010C5F10010A4
:10F45000C5F10010C5F10010C5F10010C5F1001094
:10F46000C5F10010C5F10010C5F10010C5F1001084
:10F47000C5F10010C5F10010C5F10010C5F1001074
:10F48000C5F10010C5F10010C5F10010C5F1001064
:10F49000C5F10010C5F10010C5F10010C5F1001054
:10F4A000C5F10010C5F10010C5F10010D1F4001035
:10F4B000D1F40010D1F40010D1F40010C5F1001007
:10F4C000C5F10010C5F10010D1F40010D1F4001006
:10F4D000144669E6049C67E60599019B069D049A1B
:10F4E00008D09DF82C003F4C44F8280001200BF870
:10F4F0000800C5E60B98CDE904320191F8F714FF36
:10F50000DDE904320199EEE79BF8013035464F46BC
:10F5100046465446002B3FF447AE324A61681379A1
:10F52000052B1CD0062B2AD0022B7FF43DAE6B7925
:10F53000062B7FF439AE9BF80230002B3FF434AE3B
:10F54000BD6A90682E810191F8F7EEFE034601999D
:10F55000AB610B693846EB61FFF758FC24E66B7929
:10F5600003F0FD02012A24D0043B012B3FF61CAE20
:10F57000B86AFFF77FFA3846FFF76CF914E66B7943
:10F58000DA1E022A02D9012B7FF40EAEBB6A5A7929
:10F590000C2A04D00C210022A3F805101A81124B6A
:10F5A00038461A461946F9F711FD3846FFF7C0FAF2
:10F5B000FAE5B86AFFF75EFA97F83D301B07DAD52F
:10F5C000B96A4B79082B03D008230E81A1F80530C6
:10F5D000CA693846343102F0F9FBE5E50348F1F732
:10F5E00065FE00BFE83A002040B40110B8A4011045
:10F5F0002DE9F047836A84B0002B00F087805A79A8
:10F60000002A00F08380012976D0022906D0002943
:10F6100079D104B0BDE8F047FFF71CB904463E4B72
:10F620001A461946F9F7D2FCD4F8288098F8053024
:10F630000C2B05D00C220023A8F80520A8F80830D0
:10F640000422414620460DF10E03FFF77DF80746E0
:10F65000002858D0BDF80E50466805F10609B9F1EA
:10F66000440F06F1F00654D83223042273556B1C64
:10F670009BB2F254D8F81C00F8F756FE4FF0FF0882
:10F6800005F1020E1FFA8EFE05F1030CE91D4FEA8B
:10F69000106A06F80EA01FFA8CFC2A1D6B1D89B299
:10F6A0004FEA104E06F80CE092B29BB24FEA102CD3
:10F6B000432906F802C0F05406F8098007D8C5F1BE
:10F6C0003D02701892B2002108F010FF4421F03181
:10F6D000384689B2F9F788FE104A0F49106843236B
:10F6E000CDE900410E4A3946FEF7CEFE384604B059
:10F6F000BDE8F047F9F734BF0C2A1CBF0C22A3F871
:10F70000052014221A8104B0BDE8F0870548F1F7FE
:10F71000CDFD0548F1F7CAFD40B40110D83A0020EC
:10F720003CB40110CCA401103CA4011010B560B190
:10F730000B4681B1816A044651B94822184608F047
:10F74000D5FE0222C271A06210BD0448F1F7AEFDE1
:10F750000348F1F7ABFD0348F1F7A8FD04A501103C
:10F7600024A5011014A50110F8B5002847D090F881
:10F770003D300446DA0742D5838E856AB3F5107FA3
:10F780003AD395B32B7913BB48220021284608F0C1
:10F79000ADFE1E4A05F13401204602F0EBFAFFF7F8
:10F7A000F9F8064640BB01232B7194F83D305B0706
:10F7B00008D46B79022B03D002232881A5F80530E9
:10F7C0003046F8BD2046FFF7B3F93046F8BD104B80
:10F7D0001E78BEB1013EF6B21E70002ED4D10D4F80
:10F7E0003868FEF76BFF3E60CEE74820F9F7FEF978
:10F7F000054608B1A062C7E74FF0FF36E0E76FF0BB
:10F800000F06DDE70448F1F751FD00BFF1F50010E8
:10F8100030FD0020D83A002048A5011008B5836AC1
:10F820002BB15A79052A03D8022A03D852B908BD48
:10F830000A2A05D100229A71BDE80840FFF718BADC
:10F840000C2A05D800229A71BDE80840FFF770B96C
:10F850000148F1F72BFD00BF6CA501102DE9F04325
:10F86000856A06466B7985B0052B04D005220023F6
:10F87000A5F805202B810322294630460DF10E0301
:10F88000FEF762FF0746002800F08680BDF80E30C4
:10F89000446803F1040CBCF1440F04F1F0047ED879
:10F8A00039220221E2545A1C92B2A154B08E591846
:10F8B000DA1C4FEA102E89B292B204F801E0A0548B
:10F8C00003F10A0044286AD8372206214FF00409C0
:10F8D0004FF001084FF0030E04F80C204FF01C0C01
:10F8E0005A1D92B204F802905A1892B204F802809B
:10F8F000DA1D92B204F802E003F1080209339BB268
:10F9000092B204F802C0E154326B214680B2ADF8E5
:10F910000E00FFF771F8FF2300EB080189B24329BD
:10F920000246235407D8C2F14302601892B2002164
:10F9300008F0DCFD4421F031384689B2F9F754FD76
:10F94000184A432310683946009605F11802FEF75D
:10F9500027FE04463846F9F703FEAB79FF2B15D096
:10F960000133DBB2092BAB7110D82046C3EB431235
:10F9700003EB82031B010C4A03F2F3139BB2A2FBBD
:10F9800003235B092B8105B0BDE8F08328232046C3
:10F990002B8105B0BDE8F0834FF0FF34DDE703486D
:10F9A000F1F784FCD83A0020D34D62103CA401103A
:10F9B0002DE9F04F846A85B004B36279F2B1002377
:10F9C000A1690A2A0546C4E90633C4E90833C4E933
:10F9D0000B330391A362C4F80E30C4F8123010D078
:10F9E000043A012A0DD9A4F805302381284604F1F0
:10F9F000340102F0D5F92379002B6CD105B0BDE8B4
:10FA0000F08F4FF000090722214628460DF10A0326
:10FA1000A4F80590A4F80890FEF796FE804600280A
:10FA20004BD0BDF80A60476806F1060ABAF1440FE8
:10FA300007F1F00764D836230422BB55731C9BB230
:10FA4000FA540398F8F770FC06F1020E1FFA8EFEC6
:10FA500006F1030C4FEA106B07F80EB01FFA8CFC8E
:10FA6000321D731D4FEA104E07F80CE09BB292B2A4
:10FA70004FEA102C07F802C0F8544FF0FF33F11D85
:10FA800089B2432907F80A3007D8C6F13D02781831
:10FA900092B2494608F02AFD4421F031404689B22D
:10FAA000F9F7A2FC184A432310684146009503AABF
:10FAB000FEF776FD4046F9F753FD144B28461946EC
:10FAC0001A46F9F783FA284604F1340102F068F97E
:10FAD0002379002B92D00E4B1D7875B1013DEDB20C
:10FAE0001D7025B10023237105B0BDE8F08F064ECF
:10FAF0003068FEF7E3FD3560F4E70648F1F7D6FB22
:10FB00000548F1F7D3FB00BFD83A002040B40110FC
:10FB100030FD002048A501103CA401102DE9F04360
:10FB2000724B85B01D68DDB1AC6AB4B16379A3B125
:10FB3000A18A29B1628A013292B29142628212D0C4
:10FB4000228A1AB1511E012A218213D0E28922B1E0
:10FB5000511E012AE18100F0AC802D68002DE3D117
:10FB600005B0BDE8F0832846FFF722FF2846FFF7DF
:10FB7000FBFDF2E75A1ED2B2092AEED840F2192153
:10FB800021FA02F2D207E8D5042B04D00422002384
:10FB9000A4F8052023810322214628460DF10E03F7
:10FBA000FEF7D2FD0746002865D0BDF80E30466846
:10FBB00003F1040CBCF1440F06F1F00600F2928050
:10FBC00039220221F2545A1C92B2B154A88E59180B
:10FBD000DA1C4FEA102E89B292B206F801E0B05456
:10FBE00003F10A0044287DD8372206214FF004098A
:10FBF0004FF001084FF0030E06F80C204FF01C0CDC
:10FC00005A1D92B206F802905A1892B206F8028073
:10FC1000DA1D92B206F802E003F10902083392B24B
:10FC20009BB206F803C0B154ADF80E2031462A6BE2
:10FC300080B2FEF7E1FEFF23335400EB08039BB2D2
:10FC4000432B024607D8C2F14302F018002192B2BA
:10FC500008F04CFC4423F03399B23846F9F7C4FB62
:10FC6000234A432310683946224A0095FEF798FC40
:10FC70003846F9F775FCA379FF2B31D00133DBB29D
:10FC8000092BA3712CD8C3EB431203EB8203DB00D7
:10FC9000194A03F2F3139BB2A2FB03235B09A28A66
:10FCA000618A2381531A012B7FF757AF5B102382A0
:10FCB00053E7013BDBB2092B3FF64FAF40F2112275
:10FCC00022FA03F3DB077FF548AF2846FFF7C6FDAE
:10FCD000A389628A9B1A012BC4BF5B10E3813CE7B6
:10FCE0001423DCE70548F1F7E1FA00BF70BB002000
:10FCF000D83A00203CB40110D34D62103CA401104E
:10FD0000264B10B51C6824B92CE0013A1A812468EE
:10FD100044B3A36A002BFAD01A89012AF5D8F6D188
:10FD200000215A791981013A0B2AF0D801A151F822
:10FD300022F000BF7DFD00100FFD00106FFD0010D0
:10FD40000FFD00100FFD001067FD00100FFD0010EB
:10FD50000FFD00100FFD00100FFD00100FFD001033
:10FD600067FD001010BD2046FEF7E2FECFE79B794D
:10FD70002046012B0FD9FEF7DBFEC8E79B79204612
:10FD8000052B02D8FFF742F8C1E7FFF711FE204626
:10FD9000FFF7EAFCBBE7FEF76BFFB8E770BB00209C
:10FDA000FFF706BE2DE9F04F0746904685B00028C4
:10FDB00000F0CD80002A00F0418100204FF00A09B8
:10FDC0009C4D834695F814A02E460446CE46CDE9B8
:10FDD00001090390BAF1000F2FD023460A243A6894
:10FDE000686882426CD0BAF1010FB5F812C058D0E1
:10FDF0000198844524BF60469E46019001331FFA56
:10FE000083FCBCF10A0F1BB269D00A2C05D14FE06C
:10FE100001339AB20A2A1BB223D003EB430206EB4A
:10FE2000C202107D0028F3D03D6850688542EFD1B2
:10FE300092689045ECD11C462FE0A2B2531C1FFAE9
:10FE400083FCBCF10A0F1BB200F0DC8095F82CA0FB
:10FE50001835BAF1000FC2D1931C9AB20A2A1BB20C
:10FE6000DBD1012940F0E38004EB440306EBC3033C
:10FE70001B7D2546002B40F0B580D7F800C005EB70
:10FE8000450306EBC303C3F804C06B0000222B44F8
:10FE900006EBC303C3F808805A82204605B0BDE8CC
:10FEA000F08F286888B1DC4524BFE3469946A5E772
:10FEB00095F82CA018351C46BAF1000F8DD1BCE77F
:10FEC000A86880458FD11C46E7E70398844528BF82
:10FED00060460390029828BF184602908EE70129D9
:10FEE000944640F0A4800A2C73D17446092C13DC8C
:10FEF00004EB440356F8333025464FEA4409002BFF
:10FF000040F02E810023A14406EBC90989F8143082
:10FF1000002FB2D16300B9E7029B0A2B15D1B9F1CA
:10FF2000090F00F384804C4604EB440A4FEACA0AE6
:10FF300056F80A0025464FEA44090028E2D0F9F7AE
:10FF40000FFB002346F80A30DCE71C46ECE70A23E7
:10FF50003848BC4606463C46BB46BA4699469E468D
:10FF6000027D029322BBA5B26B1C9AB20A2A1BB275
:10FF700053D090F82C2018306AB1012A458A1DD040
:10FF8000654524BFAC469E4601339AB20A2A1BB28D
:10FF900032D00A2C19D0012949D104EB440206EBD6
:10FFA000C202127D25466300002A3FF46FAF19E0BC
:10FFB000012A2346458A4FF00A04E1D10268A2B122
:10FFC0005D4524BFAB469946DEE718301C46027DEE
:10FFD000C8E704EB440306EBC3031B7D2546002B57
:10FFE0003FF44DAF1448F1F761F95545029A24BF2B
:10FFF0001A46AA460292C7E7012918D10A2C3FF4F3
:020000041001E9
:1000000074AFCAE7012912D196F8EC30002BE9D180
:100010000924D7F800C0254631E7012907D196F811
:10002000EC30002BDED10924122325462EE74FF0B9
:10003000FF3432E7882B002098A501104FF00A0901
:100040004948964606469346CA46CDE90119057DBC
:1000500003925DBB93B25C1CA5B20A2D24B271D091
:1000600090F82C5018301DBB023398B20A28019921
:100070001CB25AD004EB440306EBC303187D20B135
:100080005B68386898423FF408AF0134A3B20A2B8A
:1000900024B2EFD10129CAD102EB420306EBC3031C
:1000A0001B7D1546002B9DD12C46E6E614460A2200
:1000B0003B6841688B423FF4F0AE012DB0F812C0AE
:1000C0000CD0F44524BFE646A2460134A5B20A2D61
:1000D00024B210D00A2A0AD00199CBE7056895B15D
:1000E00003998C4524BF6146A1460391EDE7183082
:1000F0002246057DADE701999C46012997D10A2A40
:1001000008D15446F2E6DC45029924BF2146E34675
:100110000291DAE702EB420306EBC3031B7D1546AF
:10012000002B7FF45FAF2C46A9E601297FF47FAF57
:10013000182303FB02631B7D1546002B7FF452AF8F
:100140002C469AE6019901297FF471AF96F8EC30BC
:10015000002B7FF447AF0925D7F800C02C468EE668
:100160000248F1F7A3F800BF882B002080A50110FA
:100170002DE9F04782B0DDF82CA0BDF8344000280E
:100180004CD08846914606464FF420721C210E2022
:100190001F46F9F777F80546002838D043891B2B0E
:1001A00042D920466C68F8F7BBF8E08096F83C30FE
:1001B000062B36D1304640F2064640F60601D7F807
:1001C00000C04B46C4F808C0BF884246A781DAF891
:1001D0000070C4F81270BAF80470E7820A9F3F6892
:1001E000C4F80E700C9F3F68A680114EA761266070
:1001F0000091294601F0DAFF0E4A2846138B01339D
:100200001383F9F7ADF9002002B0BDE8F087094A81
:100210004FF0FF30938C01339384F5E70648F1F7F4
:1002200045F80648F1F742F80548F1F73FF800BFF6
:10023000000108000049002004A50110F8A50110E4
:10024000C4A501102DE9F041284B02EB420203EB5B
:10025000C2060D46317D84B0012943D9D20002F196
:100260000C07022904461F440DD004F136084FF450
:1002700000663B46424629462046009601F096FF1E
:1002800004B0BDE8F081718AB1F58E7F17D8B1F561
:10029000877FEAD304321A4401230393144B00F1FD
:1002A00036080193031D029200933A4643464146A5
:1002B000FFF75EFF0028DAD103233375D7E7043256
:1002C0001A44012303930A4B00F136080193031DDE
:1002D0000292009341464346064AFFF749FF002831
:1002E000C5D1E9E70448F0F7E1FF00BF882B002003
:1002F00044B401104CB401103CA6011070B51D4C63
:10030000002684B004F1F0050AE0012A1FD0032A78
:100310002DD0042A01D1022323741834AC4214D006
:10032000227C002AF9D0E38901339BB2B3F5967F92
:10033000E381EAD354F8040C18B1F9F711F944F841
:10034000046C26741834AC42EAD104B070BD042B9E
:10035000F0D803926068084A00F136030192021D4A
:1003600000921946054A0294FFF702FFD5E70423DD
:100370002374D2E78C2B002044B401104CB401103C
:1003800038B5574C0546237D13B1A368984247D032
:1003900094F82C3013B1236A9D424AD094F844302B
:1003A00013B1A36B9D426ED094F85C3013B1236DF2
:1003B0009D4252D094F8743013B1A36E9D4278D010
:1003C00094F88C301BB1D4F880309D423BD094F827
:1003D000A4301BB1D4F898309D425ED094F8BC3064
:1003E0001BB1D4F8B0309D4241D094F8D4301BB149
:1003F000D4F8C8309D4266D094F8EC301BB1D4F8E4
:10040000E030AB4200D038BDD4F8D80020B1F9F7C5
:10041000A7F80023C4F8D830002384F8EC3038BDA6
:10042000206818B1F9F79CF8002323600023237596
:10043000AEE7A06918B1F9F793F80023A361002390
:1004400084F82C30AAE7A06F18B1F9F789F80023D7
:10045000A367002384F88C30B9E7A06C18B1F9F7D2
:100460007FF80023A364002384F85C30A2E7D4F86B
:10047000A80020B1F9F774F80023C4F8A8300023CD
:1004800084F8BC30B1E7206B18B1F9F769F80023A4
:100490002363002384F8443086E7D4F8900020B129
:1004A000F9F75EF80023C4F89030002384F8A430F4
:1004B00094E7206E18B1F9F753F800232366002360
:1004C00084F874307CE7D4F8C00020B1F9F748F81C
:1004D0000023C4F8C030002384F8D4308CE700BF78
:1004E000882B0020002900F086802DE9F04F466817
:1004F0000446338889B0B3F5807F02D13379062B67
:100500000CD02046534B198DDA8B013101321985FD
:10051000DA8309B0BDE8F04FF9F722B87379042BFC
:10052000EFD17388082BECD10D464A4F31467B8BB7
:10053000284601337B8301F0E5FCD6F80E206B687A
:100540000792002B58D19A464FF0020906F108088D
:10055000059395F83C30062B79D1002A3FD02946E7
:100560001046049201F084FB8346C0BB049A02F05B
:10057000F002E02A33D049462A4607A8FFF712FCCA
:1005800000282CDB4FF0020E334900EB400001EB5A
:10059000C00282F814E095604FEAC00CD8F8000061
:1005A0000CF10C0E41F80E00B8F804008E44AEF8C1
:1005B000040051F80C90A2F812B0B9F1000F0ED05F
:1005C0004FF4006341F80CB0284600934946434677
:1005D00005F1360201F0EAFD4846F8F7C1FFF3885D
:1005E000B3F5807F17D0B3F5007F02D0BB8D013308
:1005F000BB8520468DE77047A3EB020ABAFA8AFA58
:10060000B1694FEA5A1A8B4206F108081AD1012340
:10061000994605939DE7059B002BEAD0BAF1000FA0
:10062000E7D1022607A905F136030291291D0091A1
:10063000424628461946CDF804800396FFF798FDF8
:10064000204666E700234FF00209059381E703483F
:10065000F0F72CFE00490020882B00208CA601100A
:100660002DE9F04F0E460446014685B03068174626
:1006700001F0FEFA002840F09D80336803F0F0029C
:10068000E02A00F09780002B00F0948022460121A0
:100690003046FFF787FB051E55DBDFF840A105EB71
:1006A00045080AEBC80898F8142004F1360B4FEA05
:1006B000450902BB4FF0010EC8F8084088F814E065
:1006C000CDE9026E404E04F1040C5B4659462046CB
:1006D0003E4A0196CDF800C0FFF74AFD003818BF2A
:1006E0000120404227B198F81420012A19D806D0D9
:1006F00005B0BDE8F08F002F2ED0012A11D13B4666
:1007000005E01A7B520647D41B68002B35D0598967
:100710001A899142F5D11A68002AF2D02C48F0F7D4
:10072000C5FD20464FF40064A9440094294C0AEB0F
:10073000C9095A46394609F10C03257001F036FD06
:1007400005B0BDE8F08F1FB1234A938C0133938429
:1007500068B205B0BDE8F08F01251B4A2046019222
:10076000221D00925B465946184A02960395FFF7F0
:10077000FFFC10B34FF0FF30BAE73846F8F704FF3C
:1007800009EB05035AF8330008B1F8F7E9FE4D44C8
:100790004AF835700020ABE73A464FF420710E203E
:1007A000F9F7DCF807460028EAD10B4A938C0133AD
:1007B0009384DFE76FF00F009AE798F81430012B6D
:1007C000E8D1A8F81200E5E744B401104CB40110D8
:1007D000B0A6011032FD002000490020882B002027
:1007E0002DE9F04184B0002800F0FB800E4600297E
:1007F00000F0F4801546002A00F0ED800146044622
:10080000106801F035FA0246002840F09680296809
:1008100001F0F003E02B72D06368A0684B40034204
:100820000AD04FF6A96388B2984205D0E168002942
:1008300000F0CE8004F10C05DFF8C4816A4B98F813
:1008400000C00CEB4C0003EBC00090F814E0BEF1CC
:10085000010F02D98768A74271D0187D012802D9FB
:10086000986884427AD093F82C20012A02D91A6A17
:1008700094427BD093F84420012A02D99A6B944287
:1008800079D093F85C20012A02D91A6D944277D06E
:1008900093F87420012A02D99A6E944275D093F885
:1008A0008C20012A03D9D3F88020944272D093F887
:1008B000A420012A03D9D3F8982094426FD093F84A
:1008C000BC20012A03D9D3F8B02094426DD093F80C
:1008D000D420012A03D9D3F8C82094426BD093F8CE
:1008E000EC20012A03D9D3F8E020A24269D0324695
:1008F0002946204604B0BDE8F041FFF7B1BE012112
:100900005E226B78ADF8081003F07F038DF80B3092
:10091000AB788DF80A208DF80C30EB788DF80D301F
:1009200002AB4FF400653146204604F136020095D3
:1009300001F03CFC04B0BDE8F0812C4BF1E74068CD
:1009400088428AD1624631462046294DEB8D0133DB
:10095000EB8504B0BDE8F041FFF774BC58688142F4
:1009600081D13146204688F80020F2E7DA699142C9
:1009700080D10122F5E75A6B914282D10222F0E741
:10098000DA6C914284D10322EBE75A6E914286D110
:100990000422E6E7DA6F914289D10522E1E7D3F834
:1009A000942091428BD10622DBE7D3F8AC20914210
:1009B0008DD10722D5E7D3F8C42091428FD10822E8
:1009C000CFE7D3F8DC308B4208BF09228FD1C8E7CC
:1009D0006FF00300AEE70748F0F768FC0648F0F751
:1009E00065FC0648F0F762FC882B00204CB401102F
:1009F000004900206CA60110CCA6011004A501102E
:100A000032FD00202DE9F04182B000284BD0054690
:100A10000F464FF420721C2100F136080E20F8F723
:100A200031FC0646002837D043891B2B41D9446846
:100A30000120F7F775FCE08095F83C30062B35D1A6
:100A400040F2064C40F60601D5F836302846A36041
:100A5000B8F80450184B194AA58112681D689B8884
:100A6000C4F80E20C4F81250E3823B684246A361EA
:100A7000134BA4F804C02360124B0091314601F0DF
:100A800095FB114A3046138B01331383F8F768FD49
:100A9000002002B0BDE8F0810B4A4FF0FF30938C8C
:100AA00001339384F5E70948F0F700FC0848F0F7B4
:100AB000FDFB0848F0F7FAFB44B4011040B4011004
:100AC000000108004CB401100049002004A50110E9
:100AD000F8A50110C4A501102DE9F04182B000284D
:100AE0004AD005460F464FF420721C2100F136080B
:100AF0000E20F8F7C7FB0646002836D043891B2B8B
:100B000040D944680120F7F70BFCE08095F83C30B1
:100B1000062B34D140F2064C40F60601D5F83630AB
:100B20002846A360194BB8F804201D689B88A28151
:100B3000C4F81250E3823B684246C4F80E303B686A
:100B4000A4F804C0A361124B2360124B00913146FC
:100B500001F02CFB104A3046138B01331383F8F756
:100B6000FFFC002002B0BDE8F0810B4A4FF0FF30DF
:100B7000938C01339384F5E70848F0F797FB084816
:100B8000F0F794FB0748F0F791FB00BF44B4011065
:100B9000000108004CB401100049002004A5011018
:100BA000F8A50110C4A501102DE9F047674E684F64
:100BB000B6F86230D7F80890013384B0A6F86230F6
:100BC00099F80040054604F00F04A400132C14D932
:100BD0004389032B11D943681B781BB3082B17D10A
:100BE000786900F0F003E02B25D08846396801F0E1
:100BF0003FF800BB2B89072B26D82846F8F7B0FC16
:100C0000B6F86A300133A6F86A3004B0BDE8F08760
:100C1000B6F87020B6F8663001320133A6F87020BD
:100C2000A6F86630284604B0BDE8F047F8F798BC4F
:100C30005046F8F795FC2846F8F792FCB6F8743061
:100C40000133A6F87430E0E72846F7F745FE0028A0
:100C500066D104F10E0A51462846F8F70BFC00282D
:100C600067D02B89191989B28B42E4D84FF42072CE
:100C70000E20F8F707FB82460028DCD0428904F1F9
:100C800008039A42D5D349462246406807F012FD30
:100C900021465046F8F714FC002853D12946504607
:100CA000F8F786FD0028C3D12846F8F759FC5546C9
:100CB00021462846D5F80490F8F7DCFB0028B1D18E
:100CC000D7E904314FF6F7726F68F9603B6189F834
:100CD0000000E873B9F80230214693428CBF093313
:100CE00008339BB2A9F8023000244FF0FF09BC7210
:100CF00087F80890FC723846F7F7AAFD788101273B
:100D0000CDF808800094B6F860104B463944A6F838
:100D10006010224628460F49019700F06BFE81E7DC
:100D20002846F8F71DFCB6F868300133A6F868309D
:100D30006BE751462846F8F7C3FB0028B8D00648B1
:100D4000F0F7B4FA0548F0F7B1FA00BF0049002007
:100D5000BC430020D04300200CA70110D8A60110EE
:100D60002DE9F04307463E8988461C2E28BF1C26E5
:100D700006F10804A4B287B04FF420722220214665
:100D8000F8F780FA002836D043890546A34235D3C8
:100D90003246032300264468D7F80490394623706E
:100DA00084F80180082326716671A671E671F8F750
:100DB0005BFCD9F80C3005A8059300F079FC0746D8
:100DC000B0B120466989A670E670F7F741FD6080F2
:100DD000029701270B4C0096B4F86000FF233844BB
:100DE000A4F860003146284605AA019700F002FEEB
:100DF0002846F8F7B5FB07B0BDE8F0830248F0F7E6
:100E000055FA00BF0049002040A701102DE9F0432A
:100E100007463E8988461C2E28BF1C2606F108047A
:100E2000A4B287B04FF4207222202146F8F72AFAA4
:100E3000002836D043890546A34235D332460B23DA
:100E400000264468D7F804903946237084F801805E
:100E5000082326716671A671E671F8F705FCD9F8CA
:100E60000C3005A8059300F023FC0746B0B12046DE
:100E70006989A670E670F7F7EBFC6080029701279E
:100E80000B4C0096B4F86000FF233844A4F86000CF
:100E90003146284605AA019700F0ACFD2846F8F730
:100EA0005FFB07B0BDE8F0830248F0F7FFF900BF31
:100EB0000049002040A7011010B550B10446406918
:100EC00008B1F8F74DFB2146BDE810400620F7F7C2
:100ED000A5BF0148F0F7EAF96CA7011081422DE99E
:100EE000F04155D00746884611B10B6883424CD17A
:100EF0007C6863689A883AB300262546636828466A
:100F00001C68F8F737FB3318B3F5803F3ADA284608
:100F10009EB2F8F725FB002CEFD1224B1A689742BE
:100F20002DD0B8F1000F39D03B68C8F800303946F1
:100F30000520F7F773FF1C4A1388B3422BD39B1B82
:100F400030461380BDE8F0811A68386979697A60A3
:100F5000FD68BA689860D9601A605D60BA6901215D
:100F600020461A61FFF752FF2046F8F703FB0646BA
:100F70002046F8F7F5FA7C68002CBED1CDE73A6838
:100F80001A60D4E70948F0F791F90948F0F78EF9AB
:100F90000848F0F78BF90848F0F788F90748F0F7A8
:100FA00085F900BF78FA002014FD002098A70110F1
:100FB00084A7011078A70110D4A70110B8A70110C9
:100FC0002DE9F047002705460E46DFF8B080D8F837
:100FD0000000002849D00024A64621462246D5F824
:100FE0000CC0436963451FD0013492B392F81FA02F
:100FF00090F81F900368D1450CD98BB359698C4583
:1010000010D00146184690F81F900368D14504F1AE
:101010000104F2D873B35A698E469445024601D052
:10102000CA46EEE701461846D5F8109083694B454D
:10103000DAD1B0F80C90AB889945D5D1814671468C
:101040001046D9F800308E4602464BB14946184644
:10105000C7E78146D9F800308E460246002BF5D10D
:1010600032B9B74201DA012CB1DC3846BDE8F0876D
:1010700010467146FFF732FF0744F2E778FA002086
:1010800038B50A4B1C684CB10025E37F20465A1E38
:10109000246823B10546C277002CF6D138BD294615
:1010A000FFF71CFF002CF0D1F8E700BF78FA002012
:1010B0002DE9F04FB74DD0F804B06B8E87B00133F7
:1010C0006B869BF80030064603F00F03052B40F0BB
:1010D0008580BBF80600F7F723F90746BBF8020046
:1010E000F7F71EF99BF8003003F00F03B0EB830F06
:1010F0004FEA830267D3801A83B230460193F8F730
:1011000039FADFF894928046B9F8003003440A2B8C
:1011100000F31581DFF884A2DAF80040002C63D0D8
:10112000DBF80C2002E02468002C5DD06369934258
:10113000F9D1DBF81030A1699942F4D1A189BBF84B
:1011400004309942EFD1B5F846300133A5F8463066
:10115000BBF80600F7F7E4F8C0F30C00002800F035
:10116000E580BBF80630C7F30C0713F020034FEA05
:10117000C707039308D1019BFB189BB29F4212D86B
:101180004FF6EB7293420ED8D6F804B0BBF80200CB
:10119000F7F7C6F89BF8003003F00F03B0EB830FAE
:1011A0004FEA830246D263680293029B5BB9DAF886
:1011B0000030A34240F07B81236821460520CAF815
:1011C0000030F7F72BFEEB8E30460133EB86F8F755
:1011D000C7F90025284607B0BDE8F08FB5F84430C0
:1011E0000133A5F84430EEE70520F7F7E9FD0446A2
:1011F000002800F0D58000230F21DAF80020E361F9
:101200002260CAF80040A360E36023616361A361C8
:101210006360E177DBF80030DBF80400DBF80810EE
:10122000DBF80C20A360E06021616261DBF8103024
:10123000A36196E7831ABBF806001FFA83FBF7F752
:101240006FF80023C0F30C027168D2009344606809
:1012500004910B704B708B70CB708A80A1F806B034
:101260001FFA8BF18A42059102909ED8002800F067
:10127000148101464FF0010B94460FE0A3D0B3F860
:1012800006E0F4459FD332B1D288824214BF4FF0BA
:10129000000B0BF0010B196800295FD01A464B6850
:1012A00098888445EAD2134662469C46049B19609E
:1012B000BCF1000F00F08280BCF806309A4282D365
:1012C000059981423FF67FAF9A4214BF4FF0000B61
:1012D0000BF0010B039BCCF80060002B48D1BBF155
:1012E000000F76D0029E7568AB88002B71D1049BED
:1012F0001A68002A75D0059903E01A68002A71D08F
:10130000D98853689A888A42F7D0B9F800304344A4
:10131000A9F80030039B002B7FF45BAFA37F019AF9
:1013200043F001031744A783A37752E7E089F6F758
:10133000F7FFC0F30C0000283FF413AF6AE7014643
:101340005846FFF73DFE28B1B9F8003043440A2B58
:101350007FF7E0AEAB8F0133AB8734E71E60039BB2
:10136000F44514BF4FF0000B0BF0010B002BB6D06F
:10137000029EA37FDA0706D5BBF1000F03D0756884
:10138000AB88002BB3D0B9F800304344A9F8003043
:101390001FE700BF0049002014FD002078FA00205C
:1013A00041465846FFF70CFE8045D3DC0520F7F791
:1013B00007FD044600287FF41EAFCBE7059B834260
:1013C0003FF601AF039B6660002BD2D1BBF1000F4B
:1013D00089D1019B1F44A37FA78343F00103A37717
:1013E000D1E7049B9D4265D0B9F800304344A9F889
:1013F0000030039B002B4ED10198A37F384480B26C
:1014000043F00103A083A377A368E66821696269BA
:101410006E60A960EA602E682B60A36914302B61AE
:1014200080B2F6F77DFF00236880AB712846EB7130
:10143000AB72EB721421F7F70BFA688165685EB145
:10144000142130467768F8F73BF831462846F8F71C
:10145000AFF83E68002EF3D1DAF80030A34205D091
:101460005BB31A68A24213D01346F9E72368CAF89F
:10147000003021460520F7F7D1FC2846F8F77AF826
:10148000B9F8003083421BD31B1AA9F80030A1E63B
:1014900022681A60EDE7A08BB6E7039B6660002B1D
:1014A0003FF421AFA37FDB077FF56DAF67E7064809
:1014B000EFF7FCFE0548EFF7F9FE0548EFF7F6FEFB
:1014C0000448EFF7F3FE00BF48A80110F8A7011089
:1014D000B8A701102CA801102DE9F04F8B8E8DB00C
:1014E0000A92B3F1140248BFA3F10D024368C2F39C
:1014F000CF02029307921A461B78054603F00F03AA
:10150000052B05914FEA830740F0C0804389132BD8
:1015100040F2BC80D088F6F703FF2B89C0F30C02A1
:10152000143B9BB2049200F4005203930B92002BE5
:1015300000F0A7800024079BDFF87091DB009BB2CE
:101540000893089B039E4FF42072B34228BF334692
:1015500014210E209A46F7F795FE8046002848D0C1
:101560004389132B40F29880029943680A684E68B9
:101570008868C9681A60D96002995E6098600A69D3
:101580001A61D8F804300693BAF1000F7BD06B894A
:10159000DC1BBB42A4B27CD35646CDF824A01AE093
:1015A00001946B6841223B4400932146034600208E
:1015B000F7F7FAFE824608B32846361BF7F7E4FF32
:1015C000B6B251464046CBE90495F7F7F1FFD6B1E4
:1015D00000272D686C89B44228BF3446002CF7D010
:1015E0000620F7F7EDFB83460028D9D14046F7F7F0
:1015F000B7FF4FF0FF300DB0BDE8F08F5946062021
:10160000F7F70CFCF2E72744DDF824A0BFB2059BF6
:10161000049A9B8EC2F30C00039A133B934201DDA4
:101620000B9B0BB140F40050F6F77AFE069EF0805B
:101630000AF1140080B2F6F773FE002314217080C3
:10164000B372F3723046F7F703F9059B41460A9AE5
:10165000708118465B699847114A4046138E0133E2
:101660001386F7F77DFF039B079AA3EB0A0A049BF7
:1016700013449BB21FFA8AF203920493002A7FF468
:1016800060AF0020B7E72744BFB2C0E76FF00500A6
:10169000B1E70448EFF70AFE0348EFF707FE00BF83
:1016A0000049002088A8011068A80110B90E011097
:1016B00030B4184B1B68ABB193F83D20D407F9D573
:1016C0005107F7D559680029F4D004689D68614036
:1016D000294204D09207EDD4DA689442EAD1184640
:1016E00030BC70470C4B1B6853B193F83D2002F09F
:1016F0000502052A04D15A6812B102787F2AEED178
:10170000002330BC05491846B1F856200132A1F833
:101710005620704770BB00206CBB002000490020A1
:101720002DE9F84FB04CD0F80480B4F84A300133BA
:10173000A4F84A3098F800301A09042A0ED0F7F7B6
:101740000FFFB4F85C20B4F84E3001320133A4F836
:101750005C20A4F84E300020BDE8F88F054603F069
:101760000F03B8F802009E000F46F6F7D9FD2B894B
:101770008146834217D86B89B34204D32B894B45EA
:1017800001D3132E17D82846F7F7EAFEB4F85220F3
:10179000B4F84E30013201330020A4F85220A4F8EE
:1017A0004E30BDE8F88F01462846F7F71DFE6B89DD
:1017B000B342E3D2E7E731464046F7F749F800285D
:1017C00040F0D480D8F81020D8F80C00DFF8209230
:1017D00097F83D3002F0F001E029C9E9040203F076
:1017E000010366D1002B00F09C807B68002B00F089
:1017F0009880002840F0B880BA46B8F8063023F048
:10180000C0033BB12846FFF753FC05460028A2D091
:10181000D0F80480C9E900A7C9F8088098F800301A
:10182000394603F00F039B002846A9F80C30F8F75F
:10183000B9F80128834632D031462846F7F740FEF2
:1018400098F80930062B00F0BC80112B00F0B48012
:10185000012B00F0AC80BBF1020F1DD05146D9F82E
:10186000140000F005FA68B9D9F8143003F0F00359
:10187000E02B07D031462846F7F73EFE02212846E6
:10188000FFF76EFAB4F85820B4F84E300132013345
:10189000A4F85820A4F84E302846F7F761FE00233C
:1018A000C9E90033C9E90433C9F80830A9F80C3094
:1018B00051E7002B43D1D2B27F2A65D04B4BD3F8EE
:1018C00000A0BAF1000F09D15EE0514600F0D0F956
:1018D00090B9DAF800A0BAF1000F55D05745F8D00A
:1018E0009AF83D30DB07F4D5DAF80430002BF0D05D
:1018F000D9F814008342E8D1D9F8100000283FF449
:101900007CAF394600F0B4F9002847D1D9F810303F
:1019100003F0F003E02B41D0BAF1000F7FF46DAF7C
:1019200004E098F80930112B17D0A0BBB4F84E3062
:1019300028460133A4F84E30F7F712FE0BE77B6818
:10194000002BB8D0934248D01046394600F090F9A9
:10195000002844D1D9F81420ADE708EB06035B88D2
:10196000B3F5884FE1D147E7BA46CAE72846F7F70B
:10197000F7FDB4F85020B4F84E3001320133A4F82A
:101980005020A4F84E30E6E698F80930112B1DD00F
:10199000D9F81000C9E74FF0000AB2E72846F7F778
:1019A000DFFDB4F84E300133A4F84E30D3E63946AB
:1019B0002846FFF7F9F872E739462846FCF774FB2A
:1019C0006DE739462846FAF713F868E708EB06038F
:1019D0005B88B3F5884FDBD10EE7BA468EE7BA468F
:1019E000D9F810008AE700BF0049002070BB002032
:1019F000BC4300202DE9F04F904685B01D460446BB
:101A00009DF838B09DF83C30109F827BB8F1000FF4
:101A100064D0894609B1096809B907F10409012AA6
:101A200078D1142120460193F7F724FD019B8246CB
:101A3000002866D162896668132A6ED945203572FE
:101A40007372D8F800104FEA0B2243EA0523307076
:101A50000243080C86F801B01D12316110FA81F1C1
:101A60000A4445EA0325208912FA85F5F6F758FC61
:101A70000346DFF8B8B086F806A086F807A07380A2
:101A80009A46BBF80000F6F74BFCD9F80010B0807E
:101A900015FA81F303EB1143534403449AB202EB6A
:101AA000134303EB1343DB43F160BBF80010738176
:101AB0000131ABF800101A4AB2F848300133A2F8ED
:101AC0004830BB8E13B122899A4212D84246214631
:101AD00038467B69984705B0BDE8F08F012A19D1D7
:101AE0004389132B0DD943680DF10C081B6903932F
:101AF000E1E7424639462046FFF7EEFC05B0BDE877
:101B0000F08F074A6FF00100B2F85C300133A2F8A1
:101B10005C30E0E70348EFF7C9FB0348EFF7C6FB8B
:101B20000049002098A80110A4A8011012FD00206F
:101B30002DE9F04F1746827B85B0012A99469DF822
:101B400038A09DF83C30109E40F0818004460193FF
:101B5000002F60D088461421F7F78CFC019B834648
:101B600000286BD162896568132A73D9452185F8ED
:101B700008906B7243EA09223B6885F801A04FEA9E
:101B80000A2A29704AEA010A190C4FEA22292B6114
:101B9000208911FA83F39A4449EA0229F6F7C0FB37
:101BA00003461AFA89F9DFF8C4A06B80BAF800007E
:101BB00085F806B085F807B09944F6F7B1FBBAF896
:101BC0000030A8800133AAF8003000EB0903B8F117
:101BD000000F28D0D8F8002013FA82F303EB124349
:101BE000EA609AB202EB134303EB1343DB436B81CE
:101BF0001A4AB2F848300133A2F84830B38E13B114
:101C000022899A4212D83A4621463046736998474B
:101C100005B0BDE8F08F4389132B0FD9436803AF9C
:101C20001B690393E4E70E4A1268D5E73A4631464A
:101C30002046FFF751FC05B0BDE8F08F074A6FF072
:101C40000100B2F85C300133A2F85C30E0E70548EF
:101C5000EFF72CFB0448EFF729FB00BF00490020F9
:101C600040B4011098A80110A4A8011012FD002092
:101C7000421E0332034615D891F83D0010F00200D1
:101C80000FD04A689A420BD089685A400A4207D15D
:101C9000C84323EA0103181AB0FA80F040097047DC
:101CA00000207047012070472DE9F0414FF0000EF1
:101CB0007746036882B02D4D2D4C01AE0193002173
:101CC00016F8018B0846C446A4FB0832D20802EB82
:101CD0008203A8EB43033033013103F0FF035FFAC3
:101CE00082F8BCF1090F0DEB0002C9B21370E9D8FC
:101CF00006F8017C09B3BEF1100F0EF1010218D0F5
:101D00002B70431EDBB2691CC8B1102A0EF1020110
:101D10000FD00DEB030212780238C0B26A70FBB12B
:101D200010290EF1030204D00DEB00031B78AB70F9
:101D3000C8B1002002B0BDE8F08129467246102AE1
:101D400002F1010EF5D02E230D4605F8013B02AB42
:101D5000B342B4D1002305480B7002B0BDE8F08156
:101D60000A46A91CEBE7E91CE9E700BFA4FC002038
:101D7000CDCCCCCC10B572B1446C0A613CB12346D9
:101D800001E01B681BB19942FBD1002010BD0C6023
:101D90004164002010BD0148EFF788FAD4A8011073
:101DA000436C10B56BB1002403E01A681C4642B1C5
:101DB00013469942F9D10B680CB1236010BD4364FE
:101DC00010BD0148EFF772FAF4A8011038B50025EC
:101DD00001234A600B810D730C46F6F789FA02461F
:101DE000054B2846A3FB0213DB0803EB8303A2EB9E
:101DF0004302628138BD00BFCDCCCCCC436C23B153
:101E000000221A721B68002BFBD170473A4B2DE958
:101E1000F0411D68002D3CD00027DFF8E4806C6C99
:101E2000002C33D014260DE0013B9BB2042A6381C1
:101E300039D8022A4ED8013A012A01D8002B3AD0CB
:101E400024681CB3237B0BB1013B23736389227A83
:101E5000002BE9D1042A1ED8022A29D9637A13B9A2
:101E60000422637322722846211DFEF735FE637A31
:101E700066810133DBB2012B2FD905222369A260D1
:101E80000021284698472468002CDBD12D68002DBE
:101E9000C5D1BDE8F081072AD2D1012128462369A6
:101EA00027729847CCE7072ACAD1002BC8D1F4E79C
:101EB000013A012AC4D8022328462372211DFEF7C5
:101EC000A1FD637A0133DBB2022B637207D90B4B9E
:101ED000A360B5E7002BB3D1C0E76372B0E7F6F7B4
:101EE00007FAA8FB0023DB0803EB8303A0EB430006
:101EF0000A306081A4E700BF70BB0020030014001B
:101F0000CDCCCCCC2DE9F0470646D0F83600738F07
:101F1000746C82B0D1F80E800090ADF80430002CC3
:101F200038D00F46B8F1000F37D1D1F8188001F141
:101F3000080907E025B16368002B65D043455BD0F5
:101F400024683CB3257A032DF4D92B1F022BF7D834
:101F5000D4F804A0BAF1000FF2D10622494668462F
:101F600006F018FA0028EBD0062D71D0237B002B49
:101F700075D0637B02210133637330462369984730
:101F8000637B092B4AD801213046236984F808A0D5
:101F90009847D5E702B0BDE8F087083706E015B1ED
:101FA0006368984517D02468002CF3D0257A032D58
:101FB000F5D92B1F022BF6D863689845F3D106227A
:101FC0003946684606F0E6F90028ECD0062D38D0F0
:101FD000237B002B4AD0637B02210133637330469D
:101FE00023699847637B092B1ED8002301212372A4
:101FF000304623699847D6E70622684607F108016C
:1020000006F0C8F900289BD0637B0221013363737B
:10201000304623699847637B092B0BD9072323722A
:102020004FF4167363818BE7072323724FF4167303
:102030006381B8E700230121237230462369984762
:102040007EE7002302212372304623699847AAE7DE
:1020500002213046236984F808A0984770E730468B
:10206000211DFEF739FD6423237369E73046211DE6
:10207000FEF732FD6423237395E700BF61B3B0B56B
:102080000B680D4682B02BB322B3116811B3446CB8
:1020900004B34FF6A96702E02468DCB12B686168DD
:1020A0009942F9D19BB2BB42F6D11388BB42F3D01F
:1020B000237A052B14D8032B0FD8013B022BEBD826
:1020C0000023022123722369019200909847DDE9E1
:1020D0000002E1E702B0B0BD704706232372DBE7E0
:1020E000072BD9D1ECE700BF438970B50E2B04460E
:1020F0002CD94068E37B0D4686891BB991F84030A6
:102100000133E3730378D9070AD5012B39D00622AE
:10211000244906F03FF918B9637B43F00803637361
:10212000082E1FD0B6F5C16F10D195F83D301B07B2
:1021300013D50E212046F7F7C3F968B31A4B598C13
:10214000DA8B013101325984DA8306E0164B198D9E
:10215000DA8B013101321985DA832046F7F700FA6C
:10216000002070BD95F83D301A07F6D50E212046A7
:10217000F7F7A6F90028F0D129462046FFF7D0FA54
:10218000EEE74378002BCBD183785E2BC8D1637BFD
:1021900043F010036373C3E729462046FEF7A2F914
:1021A000DEE700BF4CB40110004900202DE9F041EA
:1021B0000546BDF818000C4616461F46F6F7B0F85F
:1021C0000E2180462046F7F755F9A8B96168A1F8B5
:1021D0000C803B680B60BB888B803368C1F806308D
:1021E000B3884B8195F83C30062B0DD1214628460B
:1021F000AB69BDE8F0411847054A6FF0010053890B
:1022000001335381BDE8F0810248EFF74FF800BF7A
:102210000049002014A901102DE9F04F87B00746AE
:10222000DDE910958846002A47D016469846DFF823
:102230000CA1DFF80CB1059100213F4803F018FC18
:10224000821C044621D0DAF824309D420AD8DAF8FC
:1022500028204A4504D36FF0010007B0BDE8F08F95
:102260009D42F8D1DBF800000268936A1BB19847E1
:10227000DBF800000268116B2B464A468847002CA9
:1022800052DB032CD8D10020E7E7384606F088FA65
:102290000446304606F084FA4FF0FF320392059A66
:1022A0000346CDE9018221463A462348009603F0D1
:1022B00037FF0028D1D10124C5E7204EDFF880A0E8
:1022C00000211D4803F0D4FB831C044619D0736A17
:1022D0009D4204D8B26A4A45BDD29D42BBD1DAF8CC
:1022E000000003689A6A1AB19047DAF800000368A0
:1022F000196B4A462B468847002C15DB032CDFD18F
:10230000C1E7384606F04CFA4FF0FF320023014691
:10231000CDE90282CDE900333A46074803F000FFD9
:1023200000289AD10124D2E7033414BF6FF00700CC
:102330006FF0060091E700BFFC30002000000B406A
:10234000842C0020014B1860704700BF842C0020B3
:10235000034B012200211B68024803F02BBE00BF83
:10236000C81C0020FC3000202DE9F04784B007464F
:10237000904699460C46F0F74DF9054638460E460C
:1023800006F00EFA824644B3204606F009FA4246A9
:102390000346514601924FF0FF3A00221048CDE922
:1023A000022A00943A4603F0BBFE98B94FF47A73C0
:1023B000E9FB03566FF00043AA4573EB06023CBFEE
:1023C0001E46554643462246384600210095019652
:1023D000FFF722FF04B0BDE8F08722462346D8E786
:1023E000FC300020014B1868704700BF842C00208F
:1023F000034B186803689B6A03B11847704700BF16
:10240000842C002010B582B0FFF7ECFF68B10446C1
:10241000204603F053FF034620461C46F5F7CAFC4E
:1024200084B178B1002002B010BD684604F050FBC2
:1024300069460F4804F052FBB0B10D48FFF782FF28
:102440000B4CE5E7FFF7CEFF044603F053FF2046B1
:10245000F5F7C8FC064B9C4206D1236820465B6B0F
:1024600098470020FFF76EFF4FF0FF3002B010BD1D
:102470007822002008B50520F0F764FA6421030CE7
:1024800001FB03F3034A5B08A2FB03231B0A033B84
:10249000FDD208BD1123970838B5D0F84C48A4B137
:1024A0002168054631B1D4E901321548F5F77EFBC4
:1024B0000023236094F90C00002813DA94F90D002E
:1024C000002803DA0023C5F84C3838BDF5F7AAFB1D
:1024D00094F90D00F5F790FBFF2363730023C5F813
:1024E0004C38F2E7F5F79EFB94F90C00F5F784FB06
:1024F000FF2394F90D0023730028E3DBE6E700BF18
:1025000054B4011006232DE9F04F87B00193012642
:102510004FF6FF734FF0180800253F4C0296CDF898
:1025200000808146A381C0F84C4821463B48256085
:10253000231D04F10802F5F781FA002866D0D4E9DA
:102540000131374803F1050C826FDB01D243354F6F
:1025500043EA0C3323F0C04302F030020593BA671C
:10256000806F4FF4003BC0434FF4403A00F001004D
:10257000B867206801EB410CD0F8687100F5005E87
:10258000C7F1180706FA07F7CEF83870059F00EB79
:10259000CC0CCCF8C8B0CCF8D0A0CCF8CC70224F82
:1025A0003346CCF8DC701D220096F5F7ADF92168B2
:1025B000404601F12F4101F56001090D0631C9B214
:1025C000EEF7A6FD324629464046EEF7BFFD3146FE
:1025D0004046EEF7CFFD4EF20101A368226803EBFF
:1025E000430302EBC302C2F8D8102846F5F70AFBF2
:1025F00020732846F5F706FB237B40B2607318432F
:10260000030603D4284607B0BDE8F08F4846FFF71D
:1026100043FF6FF00500F6E7A02C002054B4011032
:10262000008003400090034018771C242DE9F04FF0
:1026300087B016461F460391002900F01981D0F893
:102640004C481820216801F12F4101F56001090D66
:102650000631C9B2EEF75CFD21681D2001F12F4162
:1026600001F56001090D0631C9B2EEF751FD0122F5
:1026700000211D20EEF76AFD19234FF0000242EC05
:1026800040302068A168039B002F00F0F7804FF0D6
:102690000108002B08BF3B464FF0004CD0F800B0BB
:1026A000039308FA01F301EB41022BEA0303D4F888
:1026B000049000EBC20E0360DEF8CC3009F1050A8D
:1026C0006FF3D01343EA0A330EF5865243EAC91377
:1026D000CEF8CC30C2F810C00023C2F810C04FF0C2
:1026E0008072CDE90023F5F7DBF8D4E900311098CA
:1026F00001F01F010591811BA268C900481E014617
:10270000101D049002EB420003EBC005101D03F501
:10271000005A08FA00F0CAF8000046F2200002F160
:10272000080E4FEAC60C03EB820908FA0EFE0CF104
:10273000FF3CCAF800E0C9F810C0C5F8D80046F25E
:1027400040004FF0A04BC9F810100599C5F8D8000B
:10275000C5F8D81094F90C90DDE9035108FA09F096
:102760004FEA891ECBF864040EEB0B0CDCF80C006E
:102770004001FBD44FF0010A94F90D8003954FEA14
:10278000881C0AFA08FA0CF1A040CBF864A482462F
:10279000039DDAF80C004001FBD40EF1A04ECEF8F8
:1027A00000500395012503F12F40DFF818A200F532
:1027B0006000000D0AEA49390AEA483A02EBC0080B
:1027C00049EA4848049101EBC00010994AEA404A9E
:1027D00048F080704FEA9608C8EB9109049995403B
:1027E0004AF0807203EB810A0CF1A04C0AF110014F
:1027F00040F01900CEF804A042F04902CEF808805B
:10280000CEF80C00CCF80010B919CCF80410CCF8B4
:102810000890CCF80C201A6815431D6094F90C2020
:10282000920102F1A04213695801FCD494F90D30D1
:102830009B0103F1A043196911F08061FBD132467D
:10284000384605F053FE2068A1684AF2030401EB04
:10285000410300EBC3004FF001021923C0F8D84038
:1028600042EC4030FFF706FE002007B0BDE8F08FD5
:10287000002B7FF4E4AE6FF00400F6E7002BE4D009
:102880004FF001084FF0004C036808FA01FB01EB20
:10289000410223EA0B03D4F8049000EBC20E03605C
:1028A000DEF8CC3009EB080A6FF3D01343EA0A33A1
:1028B0000EF5865243EAC913CEF8CC30C2F810C0E8
:1028C0000023C2F810C04FF08072CDE90023F4F766
:1028D000E7FFD4E90031A26801F01F010491101D47
:1028E00002EB420103EBC10503F5005A08FA00F1BF
:1028F000CAF8001046F2200102F1080E4FEAC60C99
:1029000008FA0EFE0CF1FF3C03EB8209CAF800E066
:10291000C9F810C0C5F8D81046F240014FF0A04BDE
:10292000C9F81070049FC5F8D810C5F8D87094F98C
:102930000CC0039D08FA0CF14FEA8C1ECBF864140E
:102940000EEB0B07F9684901FCD40EF1A0410D60B4
:102950000395012503EB8000486003F12F4000F54B
:102960006000000D02EBC0009540164AB60802EA6E
:102970004C3242EA404242F0807242F019028E60CC
:10298000CA601A682A431A600B695B01FCD40122F1
:10299000A368216818339A408A608B681342FCD080
:1029A000012300262068A16805688B4025EA0305FD
:1029B0000560182201230096F4F7A6FF2068A1689D
:1029C00043E700BFFDFF01FC10B51720EEF74AFCFE
:1029D0004FF00104172044EC440000220121EEF7DF
:1029E000B5FB1820EEF73EFC182344EC44304FF0C2
:1029F000000242EC40301920EEF734FC192344EC7D
:102A0000443044EC403010BD38B517254FF0000479
:102A100044EC4050142003F0F5FC4FF0010343EC6C
:102A20004050FA2003F0EEFC1820EEF71BFC1823B0
:102A300044EC443038BD00BF30B5082300250E4CAF
:102A400085B004EAC22444EA0174009344F080444F
:102A5000042229466B4444F00404039564BA0294AA
:102A6000FFF7E4FD18B9039840BA05B030BD6FF028
:102A7000040005B030BD00BF00F8FF0F944630B52C
:102A80000D460422114C89B004EACC2444EA0574B2
:102A900044F0804414430294A5F10104B4FA84F490
:102AA000640994400834002102AB0094FFF7BEFD96
:102AB00040B9012D14BF012305230DEB8303986852
:102AC00009B030BD6FF0040009B030BD00F8FF0F51
:102AD000944630B50D46134C89B004EACC2444EA40
:102AE000057444F0804444F002040294A5F101040A
:102AF000B4FA84F40422640994400834002102AB3F
:102B00000094FFF793FD40B9012D14BF0123052365
:102B10000DEB8303986809B030BD6FF0040009B075
:102B200030BD00BF00F8FF0F944630B50D46134C82
:102B300089B004EACC2444EA057444F0804444F0AB
:102B400001040294A5F10104B4FA84F40422640996
:102B500094400834002102AB0094FFF767FD40B9B0
:102B6000012D14BF012305230DEB8303986809B0E1
:102B700030BD6FF0040009B030BD00BF00F8FF0F9A
:102B80002DE9F04F5BBA04466E4DD4F84C4805EA87
:102B9000C22545EA0175216887B001F12F4101F591
:102BA0006001090D0631182045F04042C9B242F0DB
:102BB000040252BACDE90423EEF7AAFA21681D20D7
:102BC00001F12F4101F56001090D0631C9B2EEF79F
:102BD0009FFA012200211D20EEF7B8FA00271923E1
:102BE00047EC403001254FF000462068A168D0F83E
:102BF000009005FA01F201EB410329EA0202D4F840
:102C000004E000EBC30C0260DCF8CC200EEB0508FE
:102C10006FF3D01242EA08320CF5865342EACE1224
:102C2000CCF8CC201E614FF080721E6100234FF063
:102C30003F0A46F22009CDE90023F4F731FED4E93A
:102C40000031A26801F01F010391101D02F1080676
:102C500002EB420105FA06F603EBC10103F5005E43
:102C600003EB820C05FA00FBCEF800B0CEF8006052
:102C7000CCF810A0C1F8D890CCF8107046F24007FC
:102C80004FF0A048039EC1F8D870C1F8D86094F9FD
:102C90000C60B540B701C8F8645407EB0805E96853
:102CA0004901FCD44FF0010C07F1A041022703F1C8
:102CB0002F4505F560052D0D02EBC5050CFA02FC4C
:102CC000214A03EB800002EA463242EA454242F0E2
:102CD000807242F0190204AD0D6048608F60CA60D6
:102CE0001A684CEA02021A600B695B01FCD40122EB
:102CF000A368216818339A408A608B681A42FCD016
:102D0000012700252068A168066807FA01F326EA72
:102D1000030606603B4618220095F4F7F5FD4AF2DB
:102D20000300A368226803EB430302EBC3031921EA
:102D3000C3F8D80047EC4010FFF79CFB284607B0CB
:102D4000BDE8F08F00F8FF0FFDFF01FC2DE9F04F0B
:102D500004466E4DD4F84C4805EAC22545EA017593
:102D6000216845F0404501F12F4101F56001090D51
:102D7000063187B0182045F00405C9B2CDE90453E7
:102D8000EEF7C6F921681D2001F12F4101F5600120
:102D9000090D0631C9B2EEF7BBF9012200211D2051
:102DA000EEF7D4F90027192347EC403001254FF006
:102DB00000462068A168D0F8009005FA01F201EB06
:102DC000410329EA0202D4F804E000EBC30C0260DC
:102DD000DCF8CC200EEB05086FF3D01242EA083283
:102DE0000CF5865342EACE12CCF8CC201E614FF08F
:102DF00080721E6100234FF03F0A46F22009CDE9A0
:102E00000023F4F74DFDD4E90031A26801F01F0161
:102E10000391101D02F1080602EB420105FA06F6C5
:102E200003EBC10103F5005E03EB820C05FA00FB26
:102E3000CEF800B0CEF80060CCF810A0C1F8D89061
:102E4000CCF8107046F240074FF0A048039EC1F83E
:102E5000D870C1F8D86094F90C60B540B701C8F8D3
:102E6000645407EB0805E9684901FCD44FF0010CF4
:102E700007F1A041022703F12F4505F560052D0D4F
:102E800002EBC5050CFA02FC214A03EB800002EAC2
:102E9000463242EA454242F0807242F0190204ADE5
:102EA0000D6048608F60CA601A684CEA02021A60BE
:102EB0000B695B01FCD40122A368216818339A4096
:102EC0008A608B681A42FCD0012700252068A1681F
:102ED000066807FA01F326EA030606603B46182255
:102EE0000095F4F711FD4AF20300A368226803EB92
:102EF000430302EBC3031921C3F8D80047EC401089
:102F0000FFF7B8FA284607B0BDE8F08F00F8FF0FCA
:102F1000FDFF01FC2DE9F04F04466E4DD4F84C48FE
:102F200005EAC22545EA0175216845F0404501F1F1
:102F30002F4101F56001090D063187B0182045F0D9
:102F40000205C9B2CDE90453EEF7E2F821681D206D
:102F500001F12F4101F56001090D0631C9B2EEF70B
:102F6000D7F8012200211D20EEF7F0F800271923E1
:102F700047EC403001254FF000462068A168D0F8AA
:102F8000009005FA01F201EB410329EA0202D4F8AC
:102F900004E000EBC30C0260DCF8CC200EEB05086B
:102FA0006FF3D01242EA08320CF5865342EACE1291
:102FB000CCF8CC201E614FF080721E6100234FF0D0
:102FC0003F0A46F22009CDE90023F4F769FCD4E971
:102FD0000031A26801F01F010391101D02F10806E3
:102FE00002EB420105FA06F603EBC10103F5005EB0
:102FF00003EB820C05FA00FBCEF800B0CEF80060BF
:10300000CCF810A0C1F8D890CCF8107046F2400768
:103010004FF0A048039EC1F8D870C1F8D86094F969
:103020000C60B540B701C8F8645407EB0805E968BF
:103030004901FCD44FF0010C07F1A041022703F134
:103040002F4505F560052D0D02EBC5050CFA02FCB8
:10305000214A03EB800002EA463242EA454242F04E
:10306000807242F0190204AD0D6048608F60CA6042
:103070001A684CEA02021A600B695B01FCD4012257
:10308000A368216818339A408A608B681A42FCD082
:10309000012700252068A168066807FA01F326EADF
:1030A000030606603B4618220095F4F72DFC4AF211
:1030B0000300A368226803EB430302EBC303192157
:1030C000C3F8D80047EC4010FFF7D4F9284607B002
:1030D000BDE8F08F00F8FF0FFDFF01FC2DE9F04F78
:1030E00004466E4DD4F84C4805EAC22545EA017500
:1030F000216845F0404501F12F4101F56001090DBE
:10310000063187B0182045F00105C9B2CDE9045356
:10311000EDF7FEFF21681D2001F12F4101F560014F
:10312000090D0631C9B2EDF7F3FF012200211D2080
:10313000EEF70CF80027192347EC403001254FF03B
:1031400000462068A168D0F8009005FA01F201EB72
:10315000410329EA0202D4F804E000EBC30C026048
:10316000DCF8CC200EEB05086FF3D01242EA0832EF
:103170000CF5865342EACE12CCF8CC201E614FF0FB
:1031800080721E6100234FF03F0A46F22009CDE90C
:103190000023F4F785FBD4E90031A26801F01F0198
:1031A0000391101D02F1080602EB420105FA06F632
:1031B00003EBC10103F5005E03EB820C05FA00FB93
:1031C000CEF800B0CEF80060CCF810A0C1F8D890CE
:1031D000CCF8107046F240074FF0A048039EC1F8AB
:1031E000D870C1F8D86094F90C60B540B701C8F840
:1031F000645407EB0805E9684901FCD44FF0010C61
:1032000007F1A041022703F12F4505F560052D0DBB
:1032100002EBC5050CFA02FC214A03EB800002EA2E
:10322000463242EA454242F0807242F0190204AD51
:103230000D6048608F60CA601A684CEA02021A602A
:103240000B695B01FCD40122A368216818339A4002
:103250008A608B681A42FCD0012700252068A1688B
:10326000066807FA01F326EA030606603B461822C1
:103270000095F4F749FB4AF20300A368226803EBC8
:10328000430302EBC3031921C3F8D80047EC4010F5
:10329000FFF7F0F8284607B0BDE8F08F00F8FF0F01
:1032A000FDFF01FCF0B50129054683B003F10300E1
:1032B0001E460F46089C20F0030023D024234FF025
:1032C000040C174905EB8C0C01EAC221314341EA99
:1032D0000771043041F08041CCF8141004220090B2
:1032E000002128462B44FFF7A1F9074678B905F1DC
:1032F0002801A14203D03246204605F0DBF93846CA
:1033000003B0F0BD14234FF0000C1030D9E76FF07C
:1033100004010448F1F76AFE384603B0F0BD00BF6F
:1033200000F8FF0F48A901102DE9F04F02298BB0DA
:1033300003F103049A460E4605469346DDF8509085
:1033400024F003031ED0284A4AEA067602EACB227A
:1033500005F128001643484503F1040446F04046B1
:1033600032D02F465246494647F8246F05F0A2F95D
:10337000002322463946284614930BB0BDE8F04F8F
:10338000FFF754B940F2E7344FF00808174F0393A2
:1033900004E0059B9B0623D4013C0DD304220021AD
:1033A000284604ABCDF800800497FFF73FF90028CA
:1033B000EFD0039B002CC6D10D48F1F797FD6FF0BD
:1033C00005000BB0BDE8F08F2946002322462846B1
:1033D00041F8246F14930BB0BDE8F04FFFF726B906
:1033E000039B002CAFD1E7E700F8FF0F044000403B
:1033F0007CAB011038B5836821F4FF4424F07F04CE
:10340000A3420BD06340B3F1807F054607D213F48B
:103410007F0F0ED113F47F4F16D1AC6038BD230E51
:1034200001210D4AFFF75AFEAB68634013F47F0F8A
:10343000F0D0230C01212846084AFFF74FFEAB6865
:10344000634013F47F4FE8D001212846044A230A41
:10345000FFF744FEE1E700BF0C0001000B00010094
:103460000A000100C31C70B59D08A1F1020019D02B
:10347000012D52D023F0070CDE080B4601EB0C0E99
:103480001C685A6843F8024CC3F8022008339E4572
:10349000F6D1B5EB460F05D001EB0C0200EB0C03A7
:1034A00012681A60D1F802200B8814BAC1F80240E1
:1034B000D1F806405BBA0B8023BAC1F80630D1F8C8
:1034C0000A30B2F18A4F1BBAC1F80A3000D070BD81
:1034D000B4F1006FFBD1B1F8AE20D1F8B240D1F811
:1034E0003E3015199D421BD801F13A0313441C4488
:1034F000A3423ED24FF0000C664604E0DD2D14D00E
:1035000013449C421FD95A7802329D18AC42F7D31B
:103510001D78302DF2D11E46F2E70A460346BFE77A
:103520004FF0FF33C1F8063070BD9D78002DE7D114
:10353000DD78502DE4D11D79F22DE1D15D79012D99
:1035400008BF9C46DCE7331E18BF01239B00BCF17B
:10355000000F01D043F00203B1F84A20D20691F8DF
:10356000822048BF43F0010381F88630A1F8822011
:1035700070BD0023F0E700BF2DE9F0410E4605467F
:1035800001213346184AFFF7A9FD33460121284699
:10359000154AFFF7A3FD26B34FF003084746402422
:1035A0000AE0012002F02EFF3346012128460E4A90
:1035B000FFF794FD013C0ED00B4A01212846FFF78E
:1035C000B3FA002800EA0702EBDB4245E9D1FF2805
:1035D000E7D0BDE8F0813146BDE8F0410348F1F79E
:1035E00005BDB0460127DAE71F00010064A90110FC
:1035F0002DE9F043C37C05460F46164683B02BB930
:10360000006802F04FFB012840F09580284602F048
:103610004FFBAB7C2BB901212846FFF7ADFF0123FF
:10362000AB74E97C00296ED04FF47A7402E0013C5F
:1036300000F08180082200212846FFF71FFA421C73
:10364000F5D0C30540F1C580C0F34A235A1EB2F538
:10365000C06F80F0B88010F0020240F0B48005F135
:103660002804022128460094FFF71CFE00283FD1C1
:10367000298D6A8D51EA020300F0AB800123EB74BF
:103680004FF6FF7381EA020C9C4540F0A880D243BC
:1036900092B2914240F0A0800B2940F2A78095F8A9
:1036A0002D3095F8302003F00F03022BAA7322D897
:1036B00095F831C06A7BACEB0202D2B2142A98BFF3
:1036C00085F80DC00C291BD0012B37D0022B66D0FA
:1036D0001B2940F2978095F82F302D8A23445A8970
:1036E000954240F08C8010331C1B0C1B3C603360F7
:1036F00003B0BDE8F0830C2918BF6FF00A00F7D1C2
:103700006FF00300F4E704222846FFF7E1F9DFF841
:103710000C911FFA80F8B9F800300446434502D0F6
:1037200010F0860F2DD1B8F1000F31D1A106A9F804
:1037300000803FF579AF4FF0FF30D9E7102964D909
:1037400095F82F202244D07802EB8002107C0432BE
:10375000141B8828A1EB04014BD1507B6C2848D165
:10376000D07C00283FD1107D10283CD1507D1828F6
:1037700039D11846183918323960326003B0BDE8C3
:10378000F08341462248F1F731FCB8F1000FCDD06B
:103790004346042200212846FFF7BCFBC6E7102958
:1037A0002AD9184695F82F202244D37802EB8303B8
:1037B000043392781C1B0C1B44EAC2723A603360DB
:1037C00003B0BDE8F083012328461946114AFFF7EC
:1037D00085FC0023EB74AEE76FF0010088E70E482C
:1037E000F1F704FCA7E76FF0090081E76FF0020032
:1037F0007EE76FF008007BE76FF0060078E76FF078
:10380000050075E76FF0040072E76FF007006FE7DF
:1038100088A901100D000100B4A9011016FD0020B7
:103820002DE9F04F044685B099468B46924602F04A
:103830003FFAA37C2BB901212046FFF79DFE01230F
:10384000A374A37B13B32D4EDFF8B880B76A0CE0E6
:10385000A17BED1B19B9237B627B9A421AD14545A6
:1038600042D84FF47A7002F097FD204603AA02A9CD
:10387000B56AFFF7BDFE0128EAD1DDE90201FFF7D5
:10388000F1FD0146204602F019FAE1E7237B627B55
:103890009A42D8D00AF10C0189B289F8043089F82B
:1038A00005B0CDF80090A9F80010C943BBF1020F94
:1038B000A9F802104FF0000214BF0C210E21581C71
:1038C0000AF10F0389F8071089F80620A9F80820E3
:1038D000A9F80A200221207323F003032046FFF7F2
:1038E00023FD05B0BDE8F08F637B227B0448F1F730
:1038F0007DFB6FF0010005B0BDE8F08F00000B40CC
:10390000E0A9011040420F002DE9F04F284EDFF8EA
:10391000AC80B76AB46A8A46E41B4445934699462C
:1039200083B02CD805460FE002281FD0002803DB07
:1039300021462048F1F75AFB4FF47A7002F02CFD33
:10394000B36ADB1B43451AD86946284601AAFFF72C
:103950004FFE0446F8B10128E6D1DDE90001FFF78A
:1039600081FD0146284602F0A9F9E5E7DDE90013EB
:10397000286821F00042C90F02F03EF8DCE76FF042
:1039800001044B465A4651460B48F1F72FFB20469F
:1039900003B0BDE8F08F009B4A46994528BF1A4600
:1039A0000C98019904F024FD204603B0BDE8F08F87
:1039B00000000B4004AA011030AA01103F420F0082
:1039C0002DE9F041044682B008460E46904604F0C8
:1039D000E7FE0746314604F144057E1C2846324680
:1039E00004F068FE07F12103B3F5006F45F8068087
:1039F0001DD87E1D002107F1150240F20717238A0A
:103A0000204601339BB223821B0443F00203E3638D
:103A1000A66304F1280321646763FFF701FF30B94F
:103A200033463A46022120460095FFF76DFF02B06B
:103A3000BDE8F0812DE9F047044608461D46894659
:103A4000904604F0ADFE04F144072946451C424669
:103A50007819089E04F0CCFC2A464946384645446D
:103A600004F028FE05F11C03B3F5006F20D8238A6B
:103A7000360301339BB246EA034646F002060021B4
:103A8000E66340F2071623822046A56304F128036B
:103A900005F1100221646663FFF7C2FE40B92B46B0
:103AA0003246204608970221BDE8F047FFF72CBFB9
:103AB000BDE8F0872DE9F04700F1440582B00446E7
:103AC0000846984691460E4604F06AFE074631467F
:103AD0007E1C3246284604F0EDFD0021781D07F1DA
:103AE000250C05F80690AA192B184FEA182A4FEA58
:103AF00018494FEA186EBCF5006F51709170D17083
:103B000005F8008083F801A083F8029083F803E0B1
:103B10001DD807F1090607F1190240F20717238A99
:103B2000204601339BB223821B0443F00203E3636C
:103B3000A663216404F128036763FFF771FE30B9BF
:103B400033463A46022120460095FFF7DDFE02B0DB
:103B5000BDE8F08770B5836821F4FF4626F07F0644
:103B60009E4204460D460AD07340B3F1807F23D2B3
:103B700013F47F0F2AD113F47F4F32D1A660C5F31F
:103B80000E020121204642F40042FEF7CDFFA36859
:103B90000546B3F1C05F0DD083F0C053B3F1807F11
:103BA00039D213F47F0F2BD113F47F4F20D14FF074
:103BB000C053A360284670BD330E01211B4AFFF796
:103BC0008DFAA368734013F47F0FD4D0330C012116
:103BD0002046174AFFF782FAA368734013F47F4F19
:103BE000CCD001212046134A330AFFF777FAC5E704
:103BF0004FF4C013012120460E4AFFF76FFAD6E7B3
:103C00004FF4C05301212046094AFFF767FAA36821
:103C100083F0C053C8E7182301212046034AFFF769
:103C20005DFAA36883F0C053BBE700BF0C0001003E
:103C30000B0001000A0001002DE9F843866821F419
:103C4000FF4727F07F07B74204460D469046994646
:103C50000BD087EA060CBCF1807F3CD21CF47F0FAE
:103C60002FD11CF47F4F25D1A760C5F30E02B8F108
:103C7000010F4B4642F4004217D001212046FFF7C6
:103C800065F8A368B3F1C05F0DD083F0C053B3F102
:103C9000807F3CD213F47F0F2ED113F47F4F23D1BA
:103CA0004FF0C053A360BDE8F88341462046FFF7BC
:103CB00015FAE6E7012120461A4A3B0AFFF70EFAF9
:103CC000D2E701212046184A3B0CFFF707FAA0680B
:103CD00087EA000CC5E73B0E0121144AFFF7FEF905
:103CE000A36887EA030CB9E74FF4C013012120460B
:103CF0000C4AFFF7F3F9D3E74FF4C05301212046F4
:103D0000094AFFF7EBF9A36883F0C053C5E718230E
:103D100001212046054AFFF7E1F9A36883F0C0536B
:103D2000B8E700BF0A0001000B0001000C00010011
:103D300001292DE9F0410CBF4FF438474FF44847B3
:103D400004460CBFDFF88C83DFF88C830D464146B8
:103D5000FFF750FB3A4601212046FEF7E5FEA36837
:103D6000B3F1C05F10D083F0C053B3F1807F80F017
:103D7000D08013F47F0F40F0D98013F47F4F40F0D0
:103D8000E3804FF0C053A36041462046FFF732FB6B
:103D90003A4601212046FEF7C7FEA3680646B3F166
:103DA000C05F10D083F0C053B3F1807F80F0788182
:103DB00013F47F0F40F0698113F47F4F40F05D8171
:103DC0004FF0C053A360F30740F17481012D0BBF86
:103DD0004BF208454CF20845B84EB94E20463146E4
:103DE000FFF708FB032301212A462046FFF776F957
:103DF000A368B3F1C05F10D083F0C053B3F1807FEC
:103E000080F0318113F47F0F40F0228113F47F4F53
:103E100040F016814FF0C053A36031462046FFF7B3
:103E2000E9FA2A4601212046FEF77EFEA368B3F197
:103E3000C05F10D083F0C053B3F1807F80F0F68074
:103E400013F47F0F40F0E78013F47F4F40F0DB80E6
:103E50004FF0C053A36041462046FFF7CBFA002342
:103E600001213A462046FFF739F9A368B3F1C05F54
:103E700010D083F0C053B3F1807F80F0BA8013F488
:103E80007F0F40F0AB8013F47F4F40F09F804FF0E6
:103E9000C053A360012002F0B5FA31462046FFF777
:103EA000A9FA01232A4619462046FFF717F9A36805
:103EB000B3F1C05F0DD083F0C053B3F1807F7BD2EC
:103EC00013F47F0F6DD113F47F4F62D14FF0C053C5
:103ED000A36031462046FFF78DFA2A46012120468D
:103EE000FEF722FEA368B3F1C05F0DD083F0C0538C
:103EF000B3F1807F43D213F47F0F35D113F47F4F9A
:103F00002AD14FF0C053A3600120BDE8F04102F078
:103F100079BA1823012120466A4AFFF7DFF8A3681F
:103F200083F0C05313F47F0F3FF427AF4FF4C05317
:103F300001212046644AFFF7D1F8A36883F0C053FB
:103F400013F47F4F3FF41DAF4FF4C01301212046FF
:103F50005E4AFFF7C3F814E74FF4C013012120466F
:103F60005A4AFFF7BBF8CCE74FF4C0530121204673
:103F7000554AFFF7B3F8A36883F0C053BEE7182390
:103F8000012120464F4AFFF7A9F8A36883F0C053E8
:103F9000B1E74FF4C013012120464C4AFFF79EF8C9
:103FA00094E74FF4C05301212046474AFFF796F8A3
:103FB000A36883F0C05386E7182301212046414AB5
:103FC000FFF78CF8A36883F0C05379E74FF4C01370
:103FD000012120463D4AFFF781F858E74FF4C053CE
:103FE00001212046384AFFF779F8A36883F0C053CF
:103FF00049E7182301212046324AFFF76FF8A368EA
:1040000083F0C0533BE74FF4C013012120462F4AF1
:10401000FFF764F81CE74FF4C053012120462A4AF9
:10402000FFF75CF8A36883F0C0530DE71823012164
:104030002046244AFFF752F8A36883F0C053FFE6F6
:104040004FF4C01301212046204AFFF747F8E1E66C
:104050004FF4C053012120461B4AFFF73FF8A368E5
:1040600083F0C053D2E6182301212046154AFFF7FA
:1040700035F8A36883F0C053C4E64FF4C0130121A0
:104080002046124AFFF72AF89AE64FF4C05301215E
:1040900020460D4AFFF722F8A36883F0C0538BE651
:1040A000182301212046074AFFF718F8A36883F078
:1040B000C0537DE60648F0F719FF87E6083410186C
:1040C000084410180C0001000B0001000A00010058
:1040D00058AA0110003810180048101800234FF497
:1040E000807201608360828183730361C0F84C3801
:1040F000704700BFFEF7D0B970B50446184602F10C
:104100001203B3F5006F9DF810601CD82023E386DE
:104110000023154684F8381004F13A0C84F839303D
:1041200066B90146604604F063F9204604F12803AD
:10413000AA1D0221BDE87040FFF772BB614692B232
:10414000F5F73EFBF1E76FF0040070BD10B50446D3
:1041500082B06946204601AAFFF74AFA012805D035
:1041600002280CD00130F4D102B010BDDDE900010D
:10417000FFF778F90146204601F0A0FDE9E7DDE907
:104180000013206821F00042C90F01F035FCE0E780
:104190002DE9F0471F4602F11C03B3F5006FDDF86F
:1041A00020C02DD804464FF0000916464D0845633F
:1041B000008A4FEA410808F00208013080B248EA5C
:1041C0000C3C4CEA0043E36393B239462082A3637C
:1041D00004F14400C4F8409004F00AF9494620462E
:1041E00004F1280306F11002FFF71AFB50B9334619
:1041F0002A46414620460897BDE8F047FFF784BBB2
:104200006FF00400BDE8F08710B5044641B1837C2F
:1042100003B910BD0021BDE810408174FFF7ACB9AF
:1042200001F046FDA37C002BF3D101212046FFF7CE
:10423000A3F90123A37410BD0B462DE9F0410446F8
:10424000764A1E0C03CA82B004F144056064A1647E
:10425000D8B2C3F3072100F0D68000221B0E66F30C
:10426000070263F30F2240F207174FF0140884F897
:104270004D1084F855100021238A04F128060133DB
:104280009BB223821B0443F00203226584F84C0096
:1042900084F85400E363242233462046C4E90D78B1
:1042A000A4F84E10A4F856102164FFF7B9FA30B9FB
:1042B00043463A46022120460095FFF725FB32206F
:1042C00002F0A0F8402700214FF00408238A1422AE
:1042D00001339BB223821B0443F00203E3632046B5
:1042E0003346C4E90D7861642164FFF799FA30B967
:1042F00043463A46022120460095FFF705FB00227F
:1043000020464749FFF75CFB012220464549FFF75D
:1043100057FB082220464449FFF752FB042220465F
:104320004249FFF74DFB002220464149FFF748FB79
:10433000404B60689B6A404A191A914266D94FF017
:10434000FF33E7224BF6EE707F214FF0000E40F274
:1043500007174FF02908DFF8E4C0C4F85A30C4F852
:104360005E30C4F86230C4F86630A4F85F0084F8A8
:10437000621084F85C20C4F86930BCE80F00606407
:10438000EB60BCF800306960AA602B82238A71461A
:1043900001339BB223821B0443F00203E3633922FF
:1043A00033462046C4E90D78C4F840E0FFF738FAF8
:1043B00030B943463A46022120460095FFF7A4FA59
:1043C000322002F01FF8102202250021208A3346F5
:1043D000013080B2208290402843E063C4E90D514F
:1043E00020462164FFF71CFA034628B92A462946CD
:1043F00020460093FFF788FA322002F003F80020ED
:1044000002B0BDE8F0814FF0FF322CE7C3F5123364
:1044100003F5F873184402F015F890E730270510FB
:1044200074AA011080AA011088AA011098AA01108C
:10443000A4AA011000000B40EF490200B4AA011029
:104440002DE9F04104464FF0000E4FF48376142717
:10445000038ADFF86CC001339BB282B003821B0475
:10446000C0E90D67C0F840E0C3630D4600F14408A1
:10447000BCE80F006064DCF80000A164E26423651E
:10448000606571462422204604F12803FFF7C8F92D
:1044900068B901463B4632462046CDF80080FFF71A
:1044A00033FA38B9636C2B60B4F84830AB8002B093
:1044B000BDE8F0816FF0010002B0BDE8F08100BFFF
:1044C0003C2705102DE9F0479E4B86B09B6A0446B9
:1044D00043600F46FEF716F888B9FEF775FA0A250D
:1044E000FEF792FA984E142200212046FEF7A4FA15
:1044F000B0420DD0012001F085FF013DF3D193487A
:10450000F0F7F4FC6FF00506304606B0BDE8F08722
:104510000022204611468E4BFEF732FB054600284E
:10452000EDD1024601462046FEF7A8FA294610239F
:104530001D222046FEF7D2FD01460028DFD1992337
:1045400004222046FEF7CAFD01460028D7D1BE232B
:1045500006222046FEF7DEFC0028D0D108230121E8
:1045600020467C4AFEF7BAFD0A257A4A01212046F8
:10457000FEF7DAFA420608D4012001F043FF013DBC
:10458000F3D17548F0F7B2FCBCE70023714A012172
:104590002046FEF7A3FD20467049FEF72BFF4FF49F
:1045A000384201212046FEF7BFFAA368B3F1C05F8D
:1045B00010D083F0C053B3F1807F80F0D38213F426
:1045C0007F0F40F0978213F47F4F40F08B824FF0C3
:1045D000C053A36020466149FEF70CFF4FF43842F8
:1045E00001212046FEF7A0FAA3680546B3F1C05F9B
:1045F00010D083F0C053B3F1807F80F0698213F450
:104600007F0F40F05A8213F47F4F40F04E824FF0FC
:10461000C053A360EB0740F15B8320465049FEF78F
:10462000E9FE4FF4484201212046FEF77DFAA368D7
:10463000B3F1C05F10D083F0C053B3F1807F80F03E
:10464000B88213F47F0F40F0A98213F47F4F40F03B
:104650009D824FF0C053A36020464149FEF7CAFE39
:104660004FF4484201212046FEF75EFAA368054652
:10467000B3F1C05F10D083F0C053B3F1807F80F0FE
:104680007B8213F47F0F40F0A68213F47F4F40F03B
:104690009A824FF0C053A360EE0740F11D830221C0
:1046A0002046FFF745FB0323042220462D49FFF750
:1046B000C3FA0023042220462B49FFF7BDFA2B4BF7
:1046C0002B4EB3F80E23B2F5FA7F80F2AD8093F84B
:1046D0000D33002B40F0A880502A40F3A580254DD3
:1046E00005F15003A3EB020802E0454500F09C8071
:1046F00028460922204903F047FF013D0028F4D154
:104700000546DFF87880A6F140092E46204631465E
:104710004035FEF76FFEC6F30E0209EB0500009070
:1047200040230121204642F40042FEF7FDFD0646EB
:1047300000287FF4E9AE4545E7D18046DFF840A088
:104740003BE000BF00000B40ADBEEDFEC8AA01106B
:10475000B30402000E0001001CAB01100038101859
:10476000004810181040001844400018061D05109D
:1047700068B40110C31F0510E8AA0110C06B030044
:104780004024051013F47F0F3AD113F47F4F43D127
:104790004FF4F023A3600AEB08004038C5F30E0283
:1047A000009001214B46204642F40042FEF7BCFD3A
:1047B00000283DD1B8F5407F3AD04546A16808F1C0
:1047C0004008B8F53A7F8CBF4FF028094FF04009F8
:1047D00005F5FF25B1F5F02F81F4F02305F214550E
:1047E000D9D0B3F1807FCDD3002301212046C74A21
:1047F000FEF774FCA36883F4F02313F47F0FC4D096
:10480000072301212046C24AFEF768FCA36883F40F
:10481000F02313F47F4FBBD04FF4F0630121204607
:10482000BC4AFEF75BFCB3E7BB48F0F75FFB69E609
:10483000BA4B04222046BA49FFF7FEF9012120466F
:10484000FFF776FA2046B749FFF784F900F0030333
:10485000012B40F022812046B349FFF77BF9C507C1
:1048600000F11F814FF47A7505E0012001F0CAFDC7
:10487000013D00F0258201212046AC4AFEF754F9A3
:104880000006F2D5F02304222046A949FFF7D4F907
:10489000202301212046A74AFEF720FC4FF47A7519
:1048A00005E0012001F0AEFD013D00F00D82002188
:1048B00008222046FEF7E2F88106F2D501219E4A41
:1048C0002046FEF731F9C3B201219B4A43F00203AF
:1048D0002046FEF703FC0823F02200212046FEF7C5
:1048E000FDFB02230121914A2046FEF7F7FB934A84
:1048F00001212046FEF718F9C20740F17B810F2302
:1049000001218F4A2046FEF7E9FB002301218C4A52
:104910002046FEF7E3FB0121894A2046FEF704F911
:10492000042200212046FEF7D3F8C30700F16B8173
:10493000A368B3F1C05F10D083F0C053B3F1807FA0
:1049400080F0B48113F47F0F40F0A58113F47F4F02
:1049500040F099814FF0C053A36048F20852012102
:104960002046FEF78BF8A368B3F1C05F10D083F048
:10497000C053B3F1807F80F0748113F47F0F40F057
:10498000658113F47F4F40F076814FF0C053A360F0
:10499000204601F08DF9A37C2BB901212046FEF7BA
:1049A000EBFD0123A3744FF0000A4FF4767240F23E
:1049B00007184FF47C796349634BC4E9142AE16416
:1049C00003CB6064A16404F15800604903F072FEF7
:1049D000238A514601339BB223821B0443F0020316
:1049E000C4F840A004F1280AE3634FF48062534600
:1049F0002046C4E90D8904F14405FEF711FF30B9E2
:104A00004B464246022120460095FEF77DFF4FF0BF
:104A1000000E4FF483784FF01309DFF844C1BCE86F
:104A20000F006064AA60BCF8002069602A829CF8CC
:104A30000220EB60AA74228A7146013292B222826D
:104A40001204E263534623222046C4E90D89C4F8C8
:104A500040E0FEF7E5FE014628B94B4642462046B7
:104A60000095FEF751FF636C002B40F0BF800022E1
:104A700020463749FEF7A4FF012220463549FEF7BC
:104A80009FFF002F00F0C68000253B4606222046EF
:104A900031490095FEF7CEFF36E53048F0F726FAAB
:104AA000D9E62E48F0F722FADCE64FF4C0130121D4
:104AB0002046184AFEF712FBA9E54FF4C053012126
:104AC0002046134AFEF70AFBA36883F0C0539AE519
:104AD0001823012120460D4AFEF700FBA36883F04E
:104AE000C0538CE54FF4C01301212046094AFEF75C
:104AF000F5FA6CE54FF4C05301212046044AFEF755
:104B0000EDFAA36883F0C0535DE500BF0C0001001F
:104B10000B0001000A000100F4AA0110BA0045FFD1
:104B2000FCFF070008341018003810180E000100B0
:104B300024200018080001001E0001001F000100D1
:104B40000F00010006100200542705106820051010
:104B500074AA011080AA0110A4AB011048AB011087
:104B6000602705101823012120465D4AFEF7B6FA9A
:104B7000A36883F0C05322E5182301212046584A38
:104B8000FEF7ACFAA36883F0C0537AE54FF4C01384
:104B900001212046534AFEF7A1FA5AE54FF4C053CB
:104BA00001212046504AFEF799FAA36883F0C053CA
:104BB0004BE5182301212046494AFEF78FFAA368E6
:104BC00083F0C0533DE54FF4C01301212046454A10
:104BD000FEF784FA5DE54FF4C05301212046424AB6
:104BE000FEF77CFAA36883F0C0534EE53F48F0F728
:104BF0007DF93CE7C3B2012120463D4A43F0010361
:104C0000FEF76CFA7BE683B2042200212046FEF711
:104C100081F98DE6374B02AF93E803000490ADF8BD
:104C2000141020463946FFF70BFC50B90299049A3C
:104C300091427FF469ACBA88BDF814309A427FF48F
:104C400063AC3946002001F079FB1DE74FF4C053F7
:104C500001212046244AFEF741FAA36883F0C0539D
:104C60008FE61823012120461D4AFEF737FAA36874
:104C700083F0C05381E64FF4C01301212046194A46
:104C8000FEF72CFA81E64FF4C01301212046154AA5
:104C9000FEF724FA5EE64FF4C05301212046124A83
:104CA000FEF71CFAA36883F0C0534FE618230121D6
:104CB00020460B4AFEF712FAA36883F0C05341E680
:104CC0000D48F0F713F91DE40C48F0F70FF919E45B
:104CD0000B48F0F70BF9A0E40948F0F707F9DEE418
:104CE0000C0001000A0001000B0001008CAB011058
:104CF0001F000100742705105CAB011074AB01109C
:104D000058AA0110C82A28BFC822012A38BF012288
:104D10002DE9F04104461E4602EB820282B00D46A8
:104D200052003949FEF74CFE324620463749FEF71D
:104D300047FE2046089A3649FEF742FE2046099A69
:104D40003449FEF73DFE56274FF004080021238A20
:104D500004F1280601339BB223821B0443F00203B3
:104D60006564E363142233462046C4E90D78216468
:104D700004F14405FEF754FD30B943463A4602219A
:104D800020460095FEF7C0FD01226E2700214FF05E
:104D90000408238A626413449BB223821B0443F0F9
:104DA0000203E36314223346204667632164C4F898
:104DB0003880FEF735FD30B943463A460221204699
:104DC0000095FEF7A1FD0021334604278E26228A96
:104DD0002046013292B22282120442F00202E263C1
:104DE000C4E910111422C4E90D67FEF719FD30B9AA
:104DF0003B463246022120460095FEF785FD002005
:104E000002B0BDE8F08100BFB4AB0110C4AB01102B
:104E1000D0AB0110DCAB01102DE9F04F1446A9B066
:104E2000DDF8CC808B460822104905940293044695
:104E3000FEF7C6FDB8F1000F00F0A1810C4B28F081
:104E400002029A421CD00B4B984500F018820A4B84
:104E5000984500F01982094B984540F01F820023C5
:104E600004204FF48027CDE903300DE088AA01101B
:104E70000400400002002000040000010400400182
:104E800080270023CDE90373029B402B00F20682AA
:104E9000002186264FF0040A238A04F128090133F1
:104EA0009BB223821B0443F00203E36314224B46AC
:104EB0002046C4E90D6A84F8448084F8451084F8DB
:104EC000461084F84710216404F14405FEF7A8FC5D
:104ED00030B953463246022120460095FEF714FDB4
:104EE000B8F10003C24E18BF012300222046C14979
:104EF000FEF7E0FD0FCE6064EB60B3884FF0000C6E
:104F0000AB82B3794FF0FF3EAB751F2340F2071A17
:104F100030686960AA602861A363238A614601330F
:104F20009BB223821B0443F00203E3632F224B4610
:104F30002046C4F85FE0C4F85BC0C4F834A0C4F8ED
:104F400040C0FEF76DFC30B91F23524602212046B7
:104F50000095FEF7D9FC41F2883300222046A6498D
:104F6000FEF7A8FDB8F1000F34D0A44B984531D01E
:104F7000012344264FF000084FF4867A029A3299B2
:104F800008A8ADF81C20ADF81E3003F093FB0220FA
:104F900001F038FA238A324601339BB223821B0484
:104FA00043F00203E36307A92846C4E90DA6C4F849
:104FB000408003F07FFB4B46542241462046FEF7DB
:104FC0002FFC38B907AB00935246334602212046E6
:104FD000FEF79AFCB7F5802F00F0168101234FF001
:104FE0001408002104266364238A424601339BB2DD
:104FF00023821B0443F00203E36320464B46C4F8BC
:1050000034802164A663FEF70BFC30B93346424678
:10501000022120460095FEF777FC0023002116268A
:105020004FF0040884F84430238A142201339BB2E1
:1050300023821B0443F00203E36320464B46C4E98A
:105040000D6884F8451084F8461084F847102164F0
:10505000FEF7E6FB30B94346324602212046009572
:10506000FEF752FC802F1BBFA7F58022B2FA82F216
:105070000122520920466249FEF7A2FCA526002122
:105080000427039B142284F84430049B204684F8B0
:105090004630238AC4E90D6701339BB223821B0487
:1050A00043F00203E36384F845104B4684F847104D
:1050B0002164FEF7B5FB30B93B463246022120465B
:1050C0000095FEF721FC059E5A463146C4F828B8E3
:1050D00004F62C0003F0EEFA349B002B53D042224E
:1050E000002108A803F002FA31465A4608A8CDF874
:1050F0001CB003F0DFFA4FF0FF330022CDE911338B
:10510000CDE91333349B8DF8402018689B881590A7
:10511000ADF85830359B591C06D01A46012342F48D
:105120008057ADF860701793462207A904F1490033
:1051300003F0C0FA40F2071600214B27314B5B22E7
:1051400018681B7960642B71208A4B46013080B24D
:105150002082000440F00200E063C4E90D672046AD
:105160002164FEF75DFB30B93B4632460221204602
:105170000095FEF7C9FB002029B0BDE8F08F474637
:10518000CDE9038884E62364238A1A2201339BB283
:1051900023821B0443F00203E363242304F628065E
:1051A000B446C4E90D2304F6480E674610350FCF08
:1051B00077450CF1100C45F8100C45F80C1C45F81F
:1051C000082C45F8043CF0D1DCF800004B46286080
:1051D000342200212046FEF723FB0028CBD12423D4
:1051E0001A22022120460096FEF78EFBC3E700BF7D
:1051F000FCAB0110ECAB011014AC01100400000179
:1052000038AC01103CAC01100026802200210DF1C9
:105210001E0003F06BF9029B32991A460DF11E0035
:10522000ADF81C3003F046FA022001F0EBF88222C0
:1052300020461C4907AB0096FEF7FCFB01234FF00C
:1052400014083146266404266364238A42460133E7
:105250009BB223821B0443F00203E36320464B46C8
:10526000C4F83480A663FEF7DBFA30B93346424611
:10527000022120460095FEF747FB0323CEE60427D4
:105280000023CDE90373FFE5029B802B06D80023A2
:1052900004254FF48027CDE90335F9E56FF00400CC
:1052A0006AE700BF28AC0110F0B500210425A5264F
:1052B000038A83B001339BB203821B0443F00203D1
:1052C000C3631422C0E90D650164456400F128033D
:1052D0000446FEF7A5FA40B904F144072B463246CE
:1052E000022120460097FEF70FFB03B0F0BD00BF80
:1052F0001A23002270B52421044600F6280582B046
:1053000043632B460264028A8163013292B200F148
:10531000440100F6480C100440F002002282E063D1
:105320001E68D3F804E09868DA68103363450E60AD
:10533000C1F804E08860CA6001F11001F0D11B6877
:1053400034220B602046002104F12803FEF768FA9E
:1053500030B924231A22022120460095FEF7D4FA00
:1053600002B070BD2DE9F04F0446012588464FF488
:10537000837A00214FF0080B1E46238AA5482B4450
:10538000406D9BB283B004F1280723821B04914631
:105390006064A564E36318223B462046C4E90DAB74
:1053A000216404F14405FEF73BFA30B901465B463F
:1053B000524620460095FEF7A7FA636C002B40F09A
:1053C00022813EB1944B9E420C9B00F0AB81402B5E
:1053D00000F2AB81022220469049FEF7F1FA012348
:1053E000C4E9113804F14C0318462022002103F0CF
:1053F0007DF84246494603F05DF92822294604F12A
:10540000500002F0F5FF40F207184FF0000C4FF08B
:105410003409834B07CB60646960AA60238A6146C4
:1054200001339BB223821B0443F00203E363442253
:105430003B462046C4E90D89C4F840C0FEF7F0F9A8
:1054400030B94B464246022120460095FEF75CFAF1
:1054500000214FF01E084FF004090E9B14226364D4
:10546000238A204601339BB223821B0443F00203AC
:10547000E363C4E90D893B462164FEF7D1F930B9F5
:105480004B464246022120460095FEF73DFA334640
:10549000012220466349FEF70DFB5F4B9E4200F060
:1054A000B68003F58003F31AB3FA83F35B0941F284
:1054B0000202002140F207184FF0080984F8483032
:1054C000238AC4E90D8901339BB2238242EA034354
:1054D000E363554B1822186884F8491060643B4612
:1054E000204684F84A1084F84B102164FEF798F99E
:1054F00030B94B464246022120460095FEF704FA99
:10550000C6B14A4B9E4200F01381494B26F002027D
:105510009A4200F09380404B9E4200F00B8103F5CD
:1055200080039E4200F02B81002301222046414946
:10553000FEF7C0FA0121238A41F202020B446E26D3
:105540004FF00408616400219BB2238242EA0343C6
:10555000E36314223B46204666632164C4F8388026
:10556000FEF75EF930B943463246022120460095E7
:10557000FEF7CAF941F202024FF0000C4FF0160E8E
:1055800040F207164FF00D082B4B03CB1B786064DD
:1055900069602B72238A614601339BB242EA03425F
:1055A0002382E2633B461D222046C4E90D68C4F80D
:1055B0004DE0C4F840C0FEF733F930B943463246F7
:1055C000022120460095FEF79FF9012041F20201D9
:1055D000228A4E26024492B23B462282042741EAA6
:1055E00002420021E2636064142220466663216463
:1055F000A763FEF715F930B93B4632460221204633
:105600000095FEF781F9002003B0BDE8F08F02237A
:105610004DE700BF282705100400000188AA0110EB
:1056200044AC011050AC011038AC01100200200055
:10563000040040005CAC011080AC01108423012206
:1056400020466249FEF736FA0C9B5FFA83F9C3F3F2
:1056500007280123A4F8463004F1480318464022E5
:10566000002184F8449084F8458002F03FFFDDE992
:105670000C2103F01FF8022000F0C4FE41F20200EA
:1056800000214FF486784FF04409238A54220133D5
:105690009BB240EA03402382E0633B462046C4E9D4
:1056A0000D892164FEF7BCF830B94B464246022111
:1056B00020460095FEF728F9454B26F480069E42C9
:1056C0007FF438AF4FF0010A45F2020C4FF0000EA4
:1056D00040F207184FF015093E4E0FCE6064EB60A4
:1056E00033786960AA602B74238A714653449BB255
:1056F0004CEA03422382E2633B4625222046C4E96A
:105700000D89C4F855A0C4F840E0FEF789F80028D8
:105710007FF410AF4B464246022120460095FEF72B
:10572000F3F807E7802B7FF655AE6FF004006BE7C8
:10573000042384E720464FF4802301222349FEF707
:10574000B9F90C9B80221B0A84F845300C9B002180
:1057500084F8443004F14603184602F0C7FEDDE940
:105760000C2102F0A7FF022000F04CFE0120822253
:1057700000902B4620461849FEF75CF9A2E7204628
:105780000122164B1149FEF795F90C9B80225FFA16
:1057900083F9C3F3072804F146031846002184F86F
:1057A000449084F8458002F0A1FEDDE90C2102F06E
:1057B00081FF022000F026FE012382220093204672
:1057C0002B460549FEF736F943E700BF5CAC0110F4
:1057D000040000016CAC011028AC01108000040032
:1057E000F0B500230446012740F207150C2683B0CC
:1057F00084F84C1084F84D30194684F84E3084F803
:105800004F302364238A104A01339BB210682382ED
:105810001B0443F002036064E3631C222046C4E9D6
:105820000D56A76404F12803FDF7FAFF40B904F10F
:10583000440733462A46022120460097FEF764F8C3
:10584000002003B0F0BD00BF8CAC011008B50068AB
:1058500000F028FAA0F10100B0FA80F0400908BD7C
:1058600038B540F2DC5204463A230A4D0A49828692
:10587000C0E9051590F83F1080F83D3004F136027C
:105880003039406A00F08EFB062384F83C3000205B
:1058900038BD00BF9D580110E107011001220B46E1
:1058A00000B583B0009290F83F101A89406A3039F1
:1058B00000F022FB10B903B05DF804FB0146034879
:1058C000EFF794FB6FF00B00F5E700BF90AC011011
:1058D000F0B501EBC103DB0003F6D4020C4606462B
:1058E00089B0871879BB00226FF07F4343F27701BC
:1058F000CDE904232DA3D3E90023CDE90623284ACB
:10590000284B0090A0F8121904A9CDE901323846BD
:1059100005AA06ABF3F7AAFA234B3846C6F80439B2
:10592000F3F7FCFB3846F3F7FFFB204607A9F2F735
:1059300061FE384606F66411F9F7F8FE3846F9F7C5
:1059400013FF09B0F0BD9FED127B77218DED047B35
:105950009FED117BC518124A124B303485F812198D
:1059600085F8134904A9CDE90132009005AA06ABD8
:1059700038468DED067BF3F779FA0B4B3846C5F8C0
:105980000439F3F7CBFB3846F3F7CEFB09B0F0BD93
:10599000C0A80401FFFFFF00C0A804010808080810
:1059A000E920011061580110B4AC0110C0A8000139
:1059B0000808080838B501EBC10300EBC30000F686
:1059C000D40499B10B4B1B682BB100259C4203D02A
:1059D0001B68002BFAD138BD2046F3F757FB23682C
:1059E000656084F83D50002BF0D138BD2046FAF7B1
:1059F000D7F9E7E770BB00202DE9F84301EBC101BF
:105A000000EBC104054694F81109400701D4BDE834
:105A1000F88396B200204FF4C1724FEAC1093146B3
:105A20001F46F3F72FFC80460028F0D03946324657
:105A3000F3F704FF09F6D4014046D4F8E4382944CA
:105A400098470028E3D04046BDE8F843F3F788BD07
:105A500001EBC10100EBC10000F6D400F3F772BB0B
:105A600001EBC10100EBC10000F6D400F3F780BBED
:105A700001EBC10300EBC30393F8112902F0050207
:105A8000052A06D1D3F8D838002B0CBF02200320FA
:105A9000704700F035BB00BFF8B51A4E35682DB120
:105AA0000021FEF7B1FB00252846F8BD0446294633
:105AB000FFF780FF01212046FFF77CFF172784F8BE
:105AC000505845EC4070142000F09CFC4FF001034E
:105AD00043EC4070322000F095FC29462046FEF74A
:105AE000F1FC05460028DFD104F6AC112046FEF794
:105AF000A7FC32220448054B30601A6000F0D4FB4A
:105B00002846F8BDF4300020115B0110F830002069
:105B10002A4B1B68002B50D010B5294C82B0204670
:105B2000FFF794FE002840D194F869387BBB94F8C5
:105B30006B380BBB94F86A3883B9224B1B6823B1CE
:105B400002B0BDE8104000F0A9BB01211C48FEF7DF
:105B50005BFB02B0BDE8104000F0A0BB002318487A
:105B600084F86A38FFF7C4FB0123C4F85C38154B8E
:105B70001B68002BE4D1E8E70023114884F86B3858
:105B8000FFF792FB94F86A38002BD6D0E6E70023A3
:105B9000692100931A4684F869380948FEF7F8FA33
:105BA00094F86B38002BC5D0E6E72046FEF7CEFA16
:105BB00094F86938002BBAD0E9E77047F430002038
:105BC000FC300020F83000202DE9F041044600258B
:105BD000182045EC44002A462946EBF7B7FA172669
:105BE000012747EC44602A4629463046EBF7AEFAD7
:105BF00045EC406021462046FEF770FA0322084B30
:105C000084F85058A4F8702884F87258C4F858588A
:105C1000C4F85C581D60C4F86878BDE8F08100BF26
:105C2000F43000202DE9F8431D4F044600F0A4FB9A
:105C30003B6883B320460021FFF7BCFE01212046CC
:105C4000FFF7B8FE2046FEF755FA0025182045EC70
:105C500044002A462946EBF779FA17264FF0010847
:105C600048EC44602A4629463046EBF76FFA45EC8B
:105C7000406021462046FEF731FA032384F850584D
:105C8000C4F85858C4F85C58A4F8703884F87258AE
:105C9000C4F868883D60BDE8F84300F075BB00BFFC
:105CA000F43000204FF050435868C0F30060704754
:105CB0003222014B1A607047F830002038B5D0F816
:105CC00054380546DA070C4633D46368452B1CD09C
:105CD000312B1ED8DFE803F0611D1D6B1D1D7D1DDE
:105CE0001D1D1D8C1D1D1D1D941D1D1D1D1D1DA576
:105CF0001D1D1D1D1D1D1D1D1D1D1D1D1D1D1D1DD4
:105D00001D1D1D1D1D1DB71D1DC8D5F85838012BA3
:105D100037D0D5F85C3840F60162934200D038BDE8
:105D200001232846C5F85C380021BDE83840FFF75C
:105D30008FBEECF76FFCE9B9684AA2FB002081092D
:105D400062886748EFF752F96168582900F293803A
:105D5000644B53F82130002B00F08D8019466248C7
:105D6000EFF744F9D4E9021294F82E305F48EFF7C8
:105D70003DF9AAE74FF47A72002302F0A1FE014632
:105D8000DEE7A268082A00F08D80D5F85C38002A8A
:105D9000C1D10222C5F85828BDE7A368002BB8D0AE
:105DA000032B00F089800223C5F85C3838BDA36856
:105DB000002B52D1D5F85C3803F00F02042A04BF3F
:105DC00023F00F0343F0010343F40073C5F85C387C
:105DD000A1E7A368002B9CD1E368022B99D1012392
:105DE000434885F8693800F05FFAD5F85C3892E7E7
:105DF00000212846FFF734FE0023C5F85C3838BD83
:105E0000A368002B85D1638894F82E10DB0758D542
:105E100000295CD1D5F85C3843F48063C5F85C3860
:105E200079E7A368002B7FF474AFE368082B7FF455
:105E300070AF40F201132E48A5F86A3800F034FA2A
:105E4000D5F85C3867E7A368043B062B08D8DFE881
:105E500003F01607220716071600062B3FF459AF6A
:105E60000423C5F85C3838BD01232148A5F86A38F9
:105E700000F01AFA4DE71F48EFF7B8F872E7E36849
:105E80000F2BEDD101231A4885F86A3800F00CFA7F
:105E9000D5F85C383FE7D5F85C3843F40063C5F8C3
:105EA0005C3838E7D5F86438D5F8600804F130017B
:105EB0009847D5F85C382EE7E268002A7FF473AF84
:105EC000CFE72846FFF7CCFDD5F85C3823E7284616
:105ED000FFF7BEFDD5F85C381DE700BFD34D62105B
:105EE000BCAC0110AC270510D0AC0110D8AC01102F
:105EF000115B0110D4AC01102DE9F04FDFF8A0A028
:105F000083B004460E46174698469DF8309000F040
:105F100033FADAF8005095B100212046FEF774F903
:105F200043463A4631462046CDF80090FEF7E4F865
:105F3000054600F029FA284603B0BDE8F08F29464F
:105F40002046FFF737FD01212046FFF733FD4FF0D4
:105F5000170B84F8505845EC40B0142000F052FA6A
:105F60004FF0010343EC40B0322000F04BFA2946D9
:105F70002046FEF7A7FA05460028DAD1204604F6A7
:105F8000AC11FEF75DFA32220348044BCAF8000058
:105F90001A6000F089F9C3E7115B0110F8300020A6
:105FA000F430002008B50020114600F0DBF9002095
:105FB00008BD00BFF0B5164685B004460D461F4625
:105FC00000F0DAF976B194F8503823B3012D58D0A7
:105FD00094F850382B41DB073FD505B0BDE8F040C1
:105FE00000F0D2B9012DF8D100F0C6F92046FFF734
:105FF00053FD014610B92046FFF7F2FB00F0C4F94B
:1060000094F8503823F0020384F8503805B0BDE806
:10601000F04000F0B9B900F0AFF92046FFF73CFDC1
:10602000002856D139462046FEF706F9064600F00C
:10603000ABF9002ED1D100F09FF92046FFF72CFDDF
:1060400040B901230A26142202212046CDE9003658
:10605000FEF758FE00F098F9B8E729462046FFF70A
:10606000A9FC29462046FFF733FC012294F850385A
:10607000AA40134384F8503805B0BDE8F04000F062
:1060800083B900F079F92046FFF706FD88B994F846
:10609000701804F6930294F87258D4F86C38CDE96D
:1060A0000121204694F8711804F673020095FFF759
:1060B00059F900F069F994F850389A0710D500F0B2
:1060C0005BF92046FFF7E8FC18B901212046FFF7ED
:1060D00087FB00F059F905B0BDE8F04000F054B975
:1060E00001212046FFF766FC01212046FFF7F0FB67
:1060F00094F8503843F0020384F85038DFE700BFCB
:1061000031B9D0F85C3803F00F03013B032B01D900
:1061100000207047014A52F8230070479C27051061
:106120002DE9F041054684B098460E46174600F02A
:1061300023F995F85038DB0725D52846FFF7ACFC46
:10614000044678B90D9C434603940C9C3A4602944D
:106150000B9C314601940A9C28460094FEF75CFE95
:10616000044628B100F010F9204604B0BDE8F081E3
:106170000B9B23B940F60103C5F85C38F2E7012315
:10618000C5F85C38EEE700F0FFF86FF00304EBE7CA
:10619000036801495B6A1847CC1C002008B54022FF
:1061A0004FF080700649EBF729F8012202211820F0
:1061B000EBF700F801211520EBF790F9002008BD5E
:1061C000E561011008B5002202211820EAF7F2FF6C
:1061D0004FF080700249EBF733F8002008BD00BF94
:1061E000E56101104FF050431B6823B10B4BDB6B93
:1061F0009B0704D470470A4BDB6B9B07FAD502213F
:10620000182010B50022EAF7D5FFBDE81040054B75
:106210000549186803685B6A184700BF908202400E
:1062200048820240F0300020CC1C0020184B1B6834
:1062300063B370B5174D04462A680AB1013A2A6063
:1062400098472B6833B923682046BDE870409B69A6
:1062500011491847ECF7DEF94CF250334FF0FF3597
:10626000C3186FF0004041F100019D4270EB010C3A
:106270003CBF2B46014625682046074A6C69C2E9A7
:1062800002312346BDE8704003491847704700BFFC
:10629000F4300020F8300020E01C00200122022110
:1062A0001820EAF787BF00BF024B0349186803684C
:1062B0005B6A1847F0300020CC1C002010B5044663
:1062C0000848FFF781FC236807480022046007495B
:1062D00020461B699847236820460549DB69984793
:1062E000012010BDFC300020F03000209D61011025
:1062F000CC1C002038B50C4D2B68A3B104460368B4
:106300000A499B699847236809491B6A20469847B0
:10631000236800221B690749204698470648FFF773
:1063200081FC00232B6038BDF0300020E01C0020F1
:10633000CC1C0020C5610110FC30002010B50C46BB
:1063400082B06846EFF73AF9DDF80230BDF8062072
:1063500023602378A28023F0010343F0020323701B
:1063600002B010BD034BD3F8AC090860B3F8B039E4
:106370008B807047FC300020024B186803685B6814
:10638000184700BFF0300020024B186803689B6874
:10639000184700BFF030002070B50446EFF30583C6
:1063A000DBB2174A1568ABB9ECF734F94FF0FF3E92
:1063B0006FF0004C021941F1000396457CEB03019C
:1063C000296838BF72462846BDE8704038BF63462A
:1063D000096B0847ECF71EF94FF0FF3E6FF0004CD9
:1063E000021941F1000396457CEB0301296838BF8F
:1063F00072462846BDE8704038BF6346C96A084700
:10640000F03000200E4B70B51D680446ECF702F921
:106410000B4602464FF47A704FF0FF3E6FF0004C8F
:10642000E4FB002396457CEB0301296838BF7246E4
:106430002846BDE8704038BF6346C96A084700BFB8
:10644000F03000200C4B70B51D680446ECF7E2F804
:106450004FF0FF3E6FF0004C221841F100039645CB
:106460007CEB0301296838BF72462846BDE87040BE
:1064700038BF6346C96A0847F030002038B5054682
:10648000D1E906300C46984702462B6821461B6A24
:1064900028462262984704F11000BDE8384002F017
:1064A00043BB00BF303002F027BB00BF2DE9F04FE7
:1064B0004FF0010A00260446264BDFF89C9085B079
:1064C000D3E900872046F1F7F7FC05468B46ECF749
:1064D000A1F8281A6BEB0101012871F10001F1DB31
:1064E000BB4508BF454526D094F84A3043B1D4E9AE
:1064F0000A23AA1A6BEB0303012A73F100031DDAC6
:10650000236C002B03DD216C206AEBF7CBFEC4E982
:106510000A5B206A84F84AA05B462A46CDE9014618
:10652000CDF80090EBF7ECFD2064236C002B05DC2C
:1065300084F84A60C6E7236C002B02DC05B0BDE896
:10654000F08F216C206AEBF7ADFE0023236405B0C9
:10655000BDE8F08FA0B001108967011038B504467E
:1065600090F84900C0B9236C002B03DD216C206A30
:10657000EBF798FE94F84830F3B904F1300528465B
:1065800002F0BAFA284602F0B3FA2046BDE83840D5
:106590005022002101F0AABF0021EAF79FFF08491D
:1065A00094F84900EBF700F994F84900EBF768FA22
:1065B000002384F84930D6E7206AEBF75FFDDCE77B
:1065C000C565011038B5EFF30583DBB20C4A3E3BDD
:1065D00052F823407CB104F130050021284602F036
:1065E00093FA40B194F83530012B05D02846BDE828
:1065F000384002F07DBA38BD2046FFF757FFF5E777
:10660000882C0020383002F087BA00BF10461946A7
:10661000EFF30583DBB20BB1ECF734B8EBF784BED4
:106620002DE9F0414FF0504716463B68827E044604
:106630009A420D468CB01FD02422002103A801F0FD
:1066400055FF2E4B012207A80021CDE909560493DE
:10665000EBF732FA236803A92046DB6998472368E1
:1066600020465B6A03A9984707A802F059FA0B9DD8
:1066700028460CB0BDE8F08100F13008404602F039
:106680003BFA3046A84794F835300546012B06D032
:10669000404602F02DFA28460CB0BDE8F081A27EFB
:1066A0003B6820469A4221D0F1F772FC0028EFD0D7
:1066B000404602F01DFAA27E3B689A4219D0616CF6
:1066C000002902DD206AEBF7EDFD0D490022CDE93E
:1066D00000140023206AEBF781FD606404F13800A8
:1066E00002F022FA28460CB0BDE8F081FFF7DEFE8A
:1066F000CEE794F84900EAF717FFEFE77D64011051
:106700008967011008B590F8353043B14FF0504318
:1067100090F9342093F900309A4200D108BD014825
:10672000EAF7C4FD84AD011001224FF0504310B5CB
:1067300082B00A721B68827E04469A4216D0416C6F
:1067400000290FDC0F49206A00220023CDE9001444
:10675000EBF744FD606404F1380002B0BDE810407E
:1067600002F0E2B9006AEBF79DFDEBE790F8490013
:10677000EAF7DAFE04F1380002B0BDE8104002F09A
:10678000D3B900BF8967011000234FF0504210B504
:106790000C4682B04B641268897E84F84A3091427C
:1067A00017D0616C002910DC0C49206A00220023FC
:1067B000CDE90014EBF712FD606404F1380002F03B
:1067C000B3F90020002102B010BD206AEBF76AFD8A
:1067D000EAE794F84900EAF7A7FEEEE789670110B7
:1067E00030B590F835300446012B83B006D004F163
:1067F000300003B0BDE8304002F07AB94FF05045A8
:10680000827E2B689A4222D0F1F7C2FB0028EED09C
:1068100004F1300002F06CF9A27E2B689A421FD07E
:10682000616C00290FDC1149206A00220023CDE9A8
:106830000014EBF7D3FC606404F1380003B0BDE84A
:10684000304002F071B9206AEBF72CFDEBE7FFF75F
:106850002DFE04F1300003B0BDE8304002F048B92D
:1068600094F84900EAF760FEE6E700BF8967011087
:10687000F0B504460D4600F13006304683B002F014
:106880003BF929462046F1F7D5FA94F8353005460C
:10689000012B05D0304602F02BF9284603B0F0BD9D
:1068A0004FF05047A27E3B6820469A4221D0F1F734
:1068B0006FFB0028EED0304602F01AF9A27E3B684A
:1068C0009A4219D0616C00290FDC0E490022CDE9F3
:1068D00000140023206AEBF781FC606404F13800A7
:1068E00002F022F9284603B0F0BD206AEBF7DAFC8B
:1068F000EBE7FFF7DBFDCDE794F84900EAF714FE7C
:10690000ECE700BF89670110F0B504460D4600F1C1
:106910003006304683B002F0EFF829462046F1F702
:10692000BBFA94F835300546012B05D0304602F00D
:10693000DFF8284603B0F0BD4FF05047A27E3B6819
:1069400020469A4221D0F1F723FB0028EED03046B2
:1069500002F0CEF8A27E3B689A4219D0616C002901
:106960000FDC0E490022CDE900140023206AEBF76A
:1069700035FC606404F1380002F0D6F8284603B014
:10698000F0BD206AEBF78EFCEBE7FFF78FFDCDE75C
:1069900094F84900EAF7C8FDECE700BF89670110E9
:1069A000F0B504460D4600F13006304683B002F0E3
:1069B000A3F829462046F1F75FFA94F835300546EA
:1069C000012B05D0304602F093F8284603B0F0BD05
:1069D0004FF05047A27E3B6820469A4221D0F1F703
:1069E000D7FA0028EED0304602F082F8A27E3B684B
:1069F0009A4219D0616C00290FDC0E490022CDE9C2
:106A000000140023206AEBF7E9FB606404F138000E
:106A100002F08AF8284603B0F0BD206AEBF742FC8A
:106A2000EBE7FFF743FDCDE794F84900EAF77CFD7B
:106A3000ECE700BF89670110F0B504460D4600F190
:106A40003006304683B002F057F829462046F1F769
:106A500003FA94F835300546012B05D0304602F094
:106A600047F8284603B0F0BD4FF05047A27E3B6880
:106A700020469A4221D0F1F78BFA0028EED030461A
:106A800002F036F8A27E3B689A4219D0616C002968
:106A90000FDC0E490022CDE900140023206AEBF739
:106AA0009DFB606404F1380002F03EF8284603B014
:106AB000F0BD206AEBF7F6FBEBE7FFF7F7FCCDE75D
:106AC00094F84900EAF730FDECE700BF8967011050
:106AD000FF21002201704260704700BF70B54C2258
:106AE00004460D460430002101F000FD4FF05043F4
:106AF00003221B682049A3766B68216022834BB375
:106B00002362012204F138001146EAF7D5FF04F1AF
:106B10003000EBF71BF800202D78EAF7B9FF0028CA
:106B200016DB164BA0F12E0284F849001449C0B2BE
:106B300043F82240EAF714FD94F849000121EAF7EE
:106B4000CDFC94F849002946EAF728FF012070BDE2
:106B5000002070BDEBF734FA2062A67EEBF7E2FB73
:106B60008642CED0EBF716FD0421EBF72DFA012378
:106B7000206284F84830C4E710290510882C0020D2
:106B8000C565011043681969186801F09FB800BF16
:106B900043680249186801F099B800BF801A0600DE
:106BA00030B5012283B00446836842EC4030FF25B3
:106BB00043688DF8075018680DF1070101F0B8FF20
:106BC0004FF00002A36842EC403063688DF8075034
:106BD000012218680DF1070101F0AAFF03B030BDD2
:106BE00010B5044682B0406800F07CF84FF0000217
:106BF000A36842EC4030FF236168012208680DF170
:106C000007018DF8073001F093FF02B010BD00BFFF
:106C100010B5012282B00446836842EC4030FF2365
:106C200041688DF8073008680DF1070101F080FF19
:106C3000606802B0BDE8104000F058B8406801F04C
:106C40007BBF00BF00B54FF0FF0C8E4685B001231F
:106C50000DF10F020DF1070140688DF807E08DF886
:106C60000FC001F069FF9DF80F0005B05DF804FB4F
:106C70004FF0504301222DE9F0415968836884B0F8
:106C800002FA03F70F40003F054618BF012742EC08
:106C900040304FF0FF38CDE90188ADF80C80EBF7BC
:106CA000B9FC6FF0004310F57A7441F10006A0457D
:106CB00073EB06023CBF44461E460A23002201A98C
:106CC000686801F039FFEBF7A5FC201A66EB0101BB
:106CD000012871F10001F0DAAB6847EC403004B0F4
:106CE000BDE8F0813C3001F0F3BE00BF3C3001F064
:106CF000EBBE00BFF8B504465A4801F0E9FE94F82F
:106D00003030002B40F08380E36B04F13C05002B16
:106D100000F0A480284601F0DBFE23690BB9524B3A
:106D200023610122002104F13400EAF7C5FE4F4936
:106D3000206800F051FFD4E9002013464FF0020E06
:106D400053F8046F02F5805703F5405CCCF800E07F
:106D5000126803F5005382F0070206EA0E0602F0FD
:106D6000CF023A6001211E60EAF7D2F90121A06842
:106D7000EAF7CEF90121E068EAF7CAF9237E002B91
:106D80005CD1002201216068EAF7E0F90120F0F708
:106D900039FF03460120E361F0F734FF344E2768E2
:106DA000344AE169B74202EA413220624FEA403395
:106DB0004DD04FF4481642F4401242F01102626284
:106DC00001222C4F3B4033431343A3622A4B02FA68
:106DD00001F61B788240FBB10B20284B2849294F34
:106DE0001960294B6061C7F81424C3F81464274B59
:106DF0001B7803B38022EAF7E3FB60690121EAF71D
:106E00006DFB0123284684F8303001F05DFE154803
:106E100001F05AFE0120F8BD0A20184B1C49194FF9
:106E20001960194B6061C7F80424C3F80464174B58
:106E30001B78002BDED1EAF793FBDEE7617EA068CA
:106E4000EAF7A8F9A17EE068EAF7A4F999E742F425
:106E500050124FF4581642F01102B0E72846EAF7F4
:106E600067FE57E76822002080969800A086010000
:106E700000800840FDFF01FC35FD002098FC00204B
:106E8000891300200020005000300050F91C002021
:106E9000491300202DE9F04FC36A044683B000F186
:106EA0002C05002B00F0BD80284601F011FE204685
:106EB000FFF796FEE369D9075BD4EBF7ABFB4FF026
:106EC000FF326FF000430F46824273EB0701064624
:106ED0003CBF1F46164609E0EBF79CFB301A67EBF8
:106EE0000101012871F10001C0F29980FF212046C3
:106EF000FFF7A8FE0028EFD04FF003086F464FF0D1
:106F00004D0A4FF000090DF1060605213846CDF86F
:106F100000A08DF8049000F02DFEBB46400040F02C
:106F200001008DF805001BF8011B2046FFF78AFEC3
:106F3000B345F8D14FF0100BFF212046FFF782FE3A
:106F400002066CD5BBF1010BF6D1FF2867D1B8F171
:106F50000108DAD10026E36943F00103E361284622
:106F600001F0B2FD2046FFF753FE304603B0BDE806
:106F7000F08F00232046A362FFF70AFE2046FFF7AA
:106F800077FEEBF747FB4FF0FF326FF000430F4601
:106F9000824273EB070106463CBF1F46164608E0D7
:106FA000EBF738FB301A67EB0101012871F10001A2
:106FB00033DBFF212046FFF745FE0028F0D04FF0DD
:106FC00003086F464FF0400A4FF000090DF1060626
:106FD00005213846CDF800A08DF8049000F0CAFDD8
:106FE000BB46400040F001008DF805001BF8011B76
:106FF0002046FFF727FE5E45F8D14FF0100BFF212A
:107000002046FFF71FFE030609D5BBF1010BF6D1A1
:10701000FF2804D1B8F10108DAD100269FE7012644
:107020009DE72846EAF784FD3EE700BF2DE9F04FD3
:107030000C290D46044616469A4685B06ED14FF08F
:10704000000945F0400363F30709330E63F30F298A
:10705000330C63F31749330A63F31F690323F6B252
:1070600001930DF10E07BAF1000F79D1052102A8A5
:10707000CDF808908DF80C6000F07CFD400040F0E9
:1070800001008DF80D000DF1080818F8011B2046CD
:10709000FFF7D8FD4745F8D10C2D00F066814FF081
:1070A0001008FF212046FFF7CDFD0206034605D557
:1070B000B8F10108F5D1FF2800F0B8800E9A1E46FD
:1070C00002B11360180711D5172D40F053815907ED
:1070D00000F1568113F0120F00F0A280AA4F0E9B10
:1070E00003B11E60384605B0BDE8F08F5A0700F1C5
:1070F000438113F0120F79D113F0600740F0AA809A
:10710000262D00F3AA80072DE9DD083D052D00F2AC
:107110009F80DFE805F0C89D9D9DA595EBF77AFA65
:107120004FF0FF3C6FF00042984FC71941F1000843
:10713000BC4572EB08033CBF6746904609E0EBF79D
:1071400069FA381A68EB0101012871F10001FFF6B4
:1071500076AFFF212046FFF775FD0028EFD06EE7E0
:10716000772302930023052102A88DF80C3000F04C
:1071700001FD430043F001038DF80D300DF10808C7
:1071800018F8011B2046FFF75DFDB845F8D14FF018
:107190001008FF212046FFF755FD010602D5B8F182
:1071A0000108F6D1EBF736FA4FF0FF3C6FF00042E2
:1071B000764B10EB030841F1000BC44572EB0B0357
:1071C0003CBFE04693460AE0EBF724FAB8EB000038
:1071D0006BEB0101012871F10001FFF647AFFF21C0
:1071E0002046FFF72FFD0028EED03FE7262D664F03
:1071F00033DC072D7FF773AF083D052D3FF66FAFEA
:1072000001A252F825F000BFA9720110DF70011031
:10721000DF700110DF70011063720110E372011062
:1072200013F0600F3FF471AF594F58E7019A013ADC
:1072300001927FF418AF0E9A02B11360554F51E7D7
:10724000FF2120461E02FFF7FDFC064340F09A8016
:10725000002744E7262D4E4FCBDD3A2D26D03EE7C2
:107260000027EBF7D7F94FF0FF3C6FF00042474D96
:10727000451941F10008AC4572EB08033CBF654677
:10728000904609E0EBF7C6F9281A68EB01010128DE
:1072900071F10001FFF623AFFF212046FFF7D2FC7A
:1072A0000028EFD01BE700270223A362FF2120461E
:1072B000FFF7C8FCFF2105462046FFF7C3FC2D065B
:1072C000FF2145EA00452046FFF7BCFC0346FF21AD
:1072D00020461C46FFF7B6FC40EA050646EA0426AF
:1072E000FDE6FF2120461E02FFF7ACFC06432A4BB9
:1072F0002A4816F0010F18BF1F4616F0020F18BFDC
:10730000074616F0040F18BF1F4616F0080F18BFE7
:107310001F4616F0100F18BF1F461B4916F0200F0E
:1073200018BF07461A4A16F0400F18BF0F4616F04E
:10733000800F18BF174616F4807F18BF0027184C1F
:1073400016F4007F18BF0F4616F4006F18BF2746CB
:1073500016F4805F18BF0F4616F4005F18BF17467B
:1073600016F4804F18BF1746B9E6FF212046FFF7F5
:1073700069FC94E60A4FB5E6082D04BF0423A36216
:10738000084FAFE60027B2E76EECFFFF80841E00D7
:1073900075ECFFFF73ECFFFF6DECFFFF72ECFFFF7E
:1073A0006FECFFFF76ECFFFF002370B586B009217C
:1073B0001A4600930446FFF739FE18B10020014633
:1073C00006B070BDEBF726F94FF0FF3C6FF00042BE
:1073D000534D451941F10006AC4572EB06033CBF25
:1073E0006546164608E0EBF715F9281A66EB010129
:1073F000012871F10001E1DBFF212046FFF722FCAB
:10740000FE28F0D10DF107050DF11706FF212046EA
:10741000FFF718FC05F8010FB542F7D1FF21204610
:10742000FFF710FCFF2105462046FFF70BFC044642
:10743000102102A800F0B4FB2D02ADB22C43A4B27F
:107440008442BBD19DF808309B0918D0012BB5D1DF
:107450000020024606ABA3EBD20313F8073C02F070
:1074600007010B4103F0010393400132162A40EA61
:107470000300EFD100210130800206B070BD9DF8FD
:107480000F109DF810009DF80E3001F00104C0F3BC
:10749000801242EA840203F0010442EA8422C0110D
:1074A0008C0042EA400204F00800024304F0100499
:1074B0008800224300F020008D00024305F04005C3
:1074C00088002A4300F080000243880000F48070A6
:1074D0000243C911980242EA412301219DF811405B
:1074E00000F400609DF81250184304EA010304FA06
:1074F00001F28B4043EAD51302F0040213439DF8D6
:107500000D200844023302F00F0298409140A0FB86
:107510000101400A40EAC150490A06B070BD00BFEF
:1075200080841E002DE9F04F054614461E4600F1EA
:107530002C03184685B00F46039301F0C9FA28467C
:10754000FFF74EFBD5E908120E9B1B1946F100060A
:10755000994272EB0606C0F08780EB699B0740F00A
:107560008380AB6A032B0E9B18BF6402012B22465B
:107570004FF0000362D9122128460093FFF756FD11
:10758000044600284BD1DDF838804FF0FF3B6FF008
:10759000004ADFF8F490EBF73DF810EB090441F1F5
:1075A0000006A3457AEB06033CBF4FF0FF346FF0B3
:1075B000004608E0EBF72EF8201A66EB01010128DF
:1075C00071F1000135DBFF212846FFF73BFBFE2868
:1075D000F0D14FF400733A4600212846FFF72EFB06
:1075E00038B3FF212846FFF72DFBFF21064628462A
:1075F000FFF728FB04464FF40071384600F0D0FA3C
:107600003602B6B23443A4B2844212D1B8F10108B2
:1076100007F50077BFD10E9B012B27D100240398DB
:1076200001F052FA2846FFF7F3FA204605B0BDE80C
:10763000F08F0E9B012B0FD1114CF0E71121284642
:107640000093FFF7F3FC04460028E8D10E9B002BC3
:10765000E4D04FF0010898E700230C2128461A4691
:107660000093FFF7E3FCE7E7064CD8E743464246C2
:107670000C212846CDF80080FFF7D8FC0446CEE761
:1076800070ECFFFF75ECFFFF80841E002DE9F04FCA
:10769000054614461E4685B000F12C0B5846DDF811
:1076A0003890884601F014FA2846FFF799FAD5E990
:1076B000082319EB040146F100068A4273EB060623
:1076C000C0F0CD80EB699B0740F0C980AB6A032B0B
:1076D00018BF6402B9F1010F78D0002601234A4691
:1076E000172128460096FFF7A1FC2846FFF758FA15
:1076F00022461921334628460096FFF797FC044698
:10770000002859D1DFF85CA1FC212846FFF79AFA3E
:107710004FF40073002241462846FFF78FFA4FF4DA
:107720000071404600F03CFA04462846C4F30721A5
:10773000FFF788FAE1B22846FFF784FAFF212846CE
:10774000FFF780FA0746EAF765FF4FF0FF326FF068
:10775000004310EB0A0441F10006A24273EB06015C
:107760003CBF14461E4608E0EAF754FF201A66EBB9
:107770000101012871F1000105DBFF212846FFF717
:1077800061FA0028F0D007F01F07052F04D1B9F1E6
:10779000010908F50078B7D1FD212846FFF752FA14
:1077A0002846FFF7FDF9002303AA00920D211A468F
:1077B0002846FFF73BFC0446584601F085F9284669
:1077C000FFF726FA204605B0BDE8F08F00232246D9
:1077D000182128460093FFF729FC04460028EBD126
:1077E000FE212846FFF72EFA22464FF40073414649
:1077F0002846FFF723FA4FF40071404600F0D0F915
:1078000004462846C4F30721FFF71CFAE1B22846D4
:10781000FFF718FAFF212846FFF714FAEAF7FAFEF5
:107820004FF0FF376FF000420E4C041941F1000693
:10783000A74272EB06033CBF3C46164608E0EAF757
:10784000E9FE201A66EB0101012871F10001A7DBB6
:10785000FF212846FFF7F6F90028F0D0A0E7024CF8
:10786000AAE700BF80841E0075ECFFFF2DE9F047FA
:10787000C36A044684B000F12C05002B00F0E780B9
:10788000284601F025F9227BE3696AB14FF05041A7
:1078900001222069496882400A40003A18BF01224B
:1078A00061698A4240F0B58023F00203E361D807A2
:1078B0002BD500232046A362FFF792F92046FFF75D
:1078C00067F92046FFF7D4F90A2603AF00232046C4
:1078D0001A4619460097FFF7A9FB039B012B1BD003
:1078E000284601F0F1F82046FFF792F9002164489C
:1078F000EAF79AFE284601F0EBF82046FFF770F908
:10790000013EE3D12046FFF783F9284601F0DCF879
:10791000E06904B0BDE8F08700234FF4D572082178
:10792000204600970393FFF781FB00287ED1A36ACE
:10793000022B00F08280002601223B2133462046A4
:107940000096FFF773FB3A213346324620460097F4
:10795000FFF76CFB0028D5D1039BD90274D5A36A2D
:107960004FF0FF36A3F10203B3FA83F35B094FEA4A
:107970008379EAF74FFE6FF00042424B10EB0308A9
:1079800041F1000A464572EB0A033CBFB0469246FD
:1079900009E0EAF73FFEB8EB00006AEB01010128BD
:1079A00071F1000157DB01234A4629212046009747
:1079B000FFF73CFB039B0646DA07EAD4002843D1D5
:1079C000002B4AD1A26A022A4AD00123A362204690
:1079D000FFF7EAFCC4E90801084393D000234FF401
:1079E0000072102120460093FFF720FB002889D168
:1079F0002046FFF7C7F8E369204623F00103E3615F
:107A0000FFF706F9284601F05FF8E06904B0BDE829
:107A1000F087002243F00303E3611B48A262EDF705
:107A200065FAE3699E077FF542AF6EE7174B984210
:107A300081D02046FFF7ECF867E7039BC3F30B0305
:107A4000B3F5D57F3FF477AF0423A3625AE7284606
:107A5000EAF76EF814E7002EF6D10423A362B6E726
:107A60001A463A2120460097FFF7E0FA00287FF4F3
:107A700049AF039B5B00AAD50323A362A7E700BF1E
:107A8000A086010080841E00A4AD011076ECFFFFEB
:107A90002DE9F047314F324801F01AF83D78002DBA
:107AA0004FD1DFF8C4A0DFF8C490DFF8C4800FE046
:107AB000237E002B30D14FF00106A06846EC400039
:107AC000E9F7D0FBA36846EC443046EC4030013582
:107AD000E9F7A6F8A84224D92846E9F7A3F8012631
:107AE000204A037B0446C0E9A9A9C0F8B022C661B8
:107AF000C0F8AC82002BDBD00069E9F7B3FB0022B1
:107B000031462069E9F722FB4FF00002236942EC7D
:107B10004430237E002BCED0617EA068E9F73AFB8B
:107B2000C9E7002507E02846E9F78AF8FFF7E2F8F9
:107B30000135044660B1E9F781F8A842F3D8012382
:107B40003B700124064800F0BFFF2046BDE8F087E7
:107B5000034800F0B9FF2046BDE8F08734FD00205F
:107B600070220020956E01106D7801108D76011045
:107B70002575011000290FDD0246002010B4013ADE
:107B8000064C114412F8013F83EA40039142E05C45
:107B9000F8D15DF8044B7047002070474C2B05105E
:107BA000002915DD8446002010B40CF1FF3C094C7F
:107BB00061441CF8012F030282EA102234F81200FB
:107BC0009BB28C4580EA0300F3D15DF8044B70470B
:107BD000002070474C290510384B2DE9F04798429A
:107BE00014BF4FF400234FF4802307460E46344D54
:107BF000344C354A2B602360956833EA0505FBD188
:107C00000620EAF79FFE39464FF0020A51F804EFCA
:107C10004FEAD6594FEA462C01F5405863464A468A
:107C200054460EEA0A0EC8F800A008E013EB0C0355
:107C300004F1020442EB0902B4F5807F03D09842BC
:107C400075EB020AF2D24FF48073C4EB042201E018
:107C5000012B30D0B0FBF2FC66459946A2EB040242
:107C600003F1FF33F4D209FB04F91D023C61022445
:107C70003B4603263A6801F500516A4007F5805CEF
:107C800002F47F42CCF80020C1F800E07D68C8F81B
:107C9000004053F8242B254082F0070202F0CF0267
:107CA00003F50053CCF80020B0FBF9F00D601E6026
:107CB0000C60BDE8F087A146D8E700BF000008408F
:107CC0000020024000300240000002402DE9F04751
:107CD00006464FF0020906200D46EAF733FE31460C
:107CE0004C4651F8047F86464FEAD55C680201F5A0
:107CF000405A4FF00008034662462740CAF80090F9
:107D000007E01B1804F1020442EB0C02B4F5807F7B
:107D100003D09E4578EB0209F3D24FF48073C4EB95
:107D2000042201E0012B1AD0BEFBF2FCAC45184640
:107D3000A2EB040203F1FF33F4D904FB00F01B02B1
:107D40003461326801F50051534003F47F4306F576
:107D500080563360BEFBF0F00F60BDE8F087204630
:107D60000023EDE7024B0A460146186800F002B80E
:107D70001021002038B5A1FB021434BB00F042F8FA
:107D8000054630B350F8042C22F00302043A242AAA
:107D90000CD8132A0FD91B2AC0E9004412D9242A6F
:107DA000C0E9024418D000F1100205E0214600F0BD
:107DB0009DFB284638BD024600232846C2E9003311
:107DC000936038BD00F10802F6E700F05BFC0C237D
:107DD00003600025284638BD00F11802C0E90444BC
:107DE000EAE700BF024B0146186800F00BB800BF7D
:107DF00010210020024B0146186800F05BBD00BF57
:107E00001021002001F10B03162B2DE9F04F07463E
:107E100083B023D8102900F2AF8000F0AFFA10250C
:107E200018230220BA4E33445C68A3F1080294423E
:107E300000F056816368384623F00303D4E9021248
:107E40002344CA6091605A68083442F001025A60C3
:107E500000F09AFA204603B0BDE8F08F002B23F023
:107E60000705C0F28980A94200F2868000F086FAF8
:107E7000B5F5FC7FC0F07B826B0A00F08480042B98
:107E800000F26281AB0903F1390003F1380EC3003F
:107E90009F4E3344A3F1080C5C68A44507D10DE064
:107EA000002AE16880F216818C450C4606D0636892
:107EB00023F003035A1B0F2AF2DD7046DFF86882B5
:107EC0003469444500F0F280636823F0030CACEBA6
:107ED00005030F2B00F37481002BC6E9048880F2A0
:107EE0006381BCF5007FD6F804E080F0FF804FEAA4
:107EF000DC0301224FEA5C1C013302FA0CF256F853
:107F000033104EEA020E06EBC302083AC6F804E04C
:107F1000C4E9021246F83340CC6083104FF0010CE4
:107F20000CFA03FCF44534D81CEA0E0F07D120F0FC
:107F300003004FEA4C0C04301CEA0E0FF9D006EB9C
:107F4000C00A8146D646DEF80C300BE05A681C4663
:107F5000DB6822F00302511B0F2900F30181002985
:107F600080F215819E45F1D109F101090EF1080E4B
:107F700019F0030FE7D158E10C233B6000242046A1
:107F800003B0BDE8F08F4FF4007340204FF03F0E78
:107F90007EE7B468636823F00309A945A9EB0503EC
:107FA00002D30F2B00F385805A4B08201B6803F186
:107FB000100804EB0903009300F06EFB564AA84436
:107FC00083461368013305D008F1FF3843428044EB
:107FD00003EA08084146384600F042FBB0F1FF3F93
:107FE00082464D4A00F0078104EB0903834200F208
:107FF00000814A4B0BF1FF3C18684044186000F0C8
:1080000064811168013100F06C8104EB0902AAEB74
:10801000020202441A601AF00702CDE9002300F0C0
:108020002781C2F10802384692445A44D04408EAF3
:108030000C01521A02EA0C0B594600F011FB421CCB
:10804000019B00F06A81A0EB0A0000EB0B081868A6
:1080500048F00102B442C6F808A05844CAF8042007
:10806000186017D0B9F10F0F40F23E816168A9F195
:108070000C024FF0050C22F0070201F00101114340
:108080000F2A616004EB0201C1E901CC00F24D81CD
:10809000DAF80420224B54461968814238BF186030
:1080A000204B1968814238BF1860A6E0D6F804E07A
:1080B00033E7621945F0010543F00103083444F841
:1080C000045C3846B260536000F05EF9204603B0AD
:1080D000BDE8F08FA26823443846D1608A60B2E6DA
:1080E000DC68A3427FF4A6AE0230E7E6BCF5206F61
:1080F0004FEA5C2276D3142A00F2CD8002F15C03B1
:108100005B32DB00F118F3580839994211D1A5E030
:10811000081D002084240020FC1C00205424002082
:108120007C24002080240020101D00209B689942A0
:1081300004D05A6822F003026245F7D8D968C4E92E
:1081400002318C60DC60E8E6142B63D9542B00F21A
:10815000AB802B0B03F16F0003F16E0EC30097E6AB
:10816000D4F808C03846671945F001056560CCF8B9
:108170000C30C3F808C041F00103C6E90477C7E931
:1081800002887B60A150083400F0FEF8F7E6224434
:108190003846516841F00101516054F8082FD3600E
:1081A0009A6000F0F1F8EAE6A44438460834DCF8B6
:1081B000043043F00103CCF8043000F0E5F8DEE6CB
:1081C000621943F0010145F0010538466560C6E9D2
:1081D0000422C2E90288516044F80C30083400F0EF
:1081E000D3F8CCE64FEA9C1202F139033832DB00B7
:1081F00088E7B44262D0B468626822F00308A845F8
:10820000A8EB050302D30F2B3FF753AF384600F01E
:10821000BBF8B3E603F15C0003F15B0EC30037E685
:108220005AF80839534540F0A08010F0030F00F1D0
:10823000FF30F5D1736823EA0C0373604FEA4C0CEE
:108240000CF1FF329A4204D3A3E64FEA4C0C09F139
:1082500004091CEA030FF8D0484670E692104FF06C
:10826000010C0CFA02F24EEA020EC6F804E066E7D0
:108270000AEB0802384602EA0C02ABEB020B0BEAEF
:108280000C0B594600F0ECF9431C019B7FF4DBAE6C
:10829000DDF800B0DBE6542A2AD84FEA1C3202F19E
:1082A0006F036E32DB002DE7B3F5AA7F2AD8EB0B04
:1082B00003F1780003F1770EC300E9E52E4B0BF1D3
:1082C000FF3C1868404418609BE61AEA0C0F7FF4E4
:1082D00098AEC844D6F808A048F00102CAF80420B5
:1082E000D8E6C2F800A096E60123CAF804308DE76C
:1082F000B2F5AA7F24D84FEADC3202F17803773254
:10830000DB00FFE640F25452934224D8AB0C03F159
:108310007D0003F17C0EC300BAE5009A4FF0000B1C
:10832000083A9044A8EB0A0891E6384604F108019F
:10833000009300F0BFFA009BD6F808A01868A7E6E3
:1083400040F254539A420CD84FEA9C4202F17D030A
:108350007C32DB00D6E64FF47E737F204FF07E0E3A
:1083600096E54FF47E737E22CCE6736866E7E808F4
:1083700005F1080356E500BF54240020014800F031
:1083800087B900BF50240020014800F083B900BF26
:1083900050240020032A30B412D941EA0004844654
:1083A0000B46A40721D11946604653F8044B5CF8EC
:1083B000045BA54219D1043A032AF4D86046194651
:1083C000541E7AB1431E0139021901E09A4209D0C4
:1083D00013F8010F11F801CF6045F7D0A0EB0C00A6
:1083E00030BC7047002030BC7047541EEAE700BF25
:1083F00088420DD98B1883420AD900EB020C5AB37C
:10840000624613F801CD994202F801CDF9D17047C7
:108410000F2A0DD802F1FF3CF2B10CF1010C431E02
:108420008C4411F8012B614503F8012FF9D17047F5
:1084300040EA01039B07F0B50C460ED002F1FF3C69
:1084400003460CF1010C013B8C4411F8012B6145F2
:1084500003F8012FF9D1F0BD7047A2F1100501F129
:10846000200E01F1100300F1100C25F00F05AE44B1
:1084700053F8106C10330CF1100C4CF8206C53F8BE
:108480001C6C4CF81C6C53F8186C73454CF8186C49
:1084900053F8146C4CF8146CEAD101EB050C12F093
:1084A0000C0F05440CF1100105F1100302F00F054B
:1084B0000E4618D0043DA0EB040E25F00304A4449E
:1084C0000CF1140C0F6801EB0E0504312F606145AF
:1084D000F8D1043402F00302A119234402F1FF3C55
:1084E000002AAED1F0BD2A46F8E700BF830730B5B9
:1084F00046D08418844604E003F8011B9D0704D08D
:108500009C46A4456346F7D130BD013A0244A2EB34
:108510000C02032A29D9CCB20F2A04EB042404EB61
:1085200004442FD9A2F1100C03F110052CF00F0C0C
:10853000AC44C3E90044C3E9024410336345F8D1B5
:1085400012F00C0F02F00F0E18D02EF0030CAEF14B
:1085500004051A469C4442F8044B6245FBD125F0C1
:10856000030404330EF003022344002ACCD0C9B222
:108570001A4403F8011B9342FBD130BD7246F4E765
:108580000346C6E79646E0E782B30B4630B540EABD
:1085900001048646A40717D1032A07D814E0043A39
:1085A00022D01CF0803F1FD1032A23D9DEF80040DF
:1085B000194653F8045B7046A4F1013C0EF1040E19
:1085C000AC422CEA040CEAD00378013A0C78A342BE
:1085D0000ED1024406E03BB110F8013F11F8014F03
:1085E000A34205D19042F6D1002030BD104670471D
:1085F000181B30BD70461946E6E700BF40EA01038C
:108600009B0730B501D1032A17D8844601F1FF3EFC
:1086100007E01EF8011F541E03F8011B29B1224672
:108620009C466346002AF4D130BD002CFCD0944413
:1086300003F8011B6345FBD130BD0C468446256819
:1086400021460434A5F1013323EA050313F0803FEA
:10865000DCD1043A4CF8045B032AF0D82146D5E774
:1086600038B50022064D044608462A60ECF7B8FAF1
:10867000431C00D038BD2B68002BFBD0236038BDD5
:10868000A03F0020014B1868704700BF1021002058
:10869000704700BF704700BF082802D14FF48050D8
:1086A000704708B5FFF7EEFF162203464FF0FF3084
:1086B0001A6008BD844641EA000313F0030349D160
:1086C000403A23D30B6803604B6843608B68836038
:1086D000CB68C3600B6903614B6943618B6983613C
:1086E000CB69C3610B6A03624B6A43628B6A836224
:1086F000CB6AC3620B6B03634B6B43638B6B83630C
:10870000CB6BC36340304031403ADBD230320BD3C5
:108710000B6803604B6843608B688360CB68C36001
:1087200010301031103AF3D20C3205D351F8043B1B
:1087300040F8043B043AF9D2043208D0D2071CBFF7
:1087400011F8013B00F8013B01D30B880380604620
:10875000704700BF082A13D38B07B1D010F0030372
:10876000AED0C3F10403D21ADB071CBF11F8013BE2
:1087700000F8013BA4D331F8023B20F8023B9FE70D
:10878000043AD9D3013A11F8013B00F8013BF9D280
:108790000B7803704B7843708B788370604670471A
:1087A00020F0030110F00300C0F1000051F8043B79
:1087B00000F1040C4FEACC0C6FF000021CBF22FA4F
:1087C0000CF213434FF0010C4CEA0C2C4CEA0C4C0D
:1087D000A3EB0C0222EA030212EACC1204BF51F806
:1087E000043B0430F4D0C2F1000102EA0102B2FA03
:1087F00082F2C2F11F0200EBD20070472DE9F8436C
:108800000646DFF8AC8008208946FFF745FF05469D
:108810003046FFF7B3FDD8F808305F6827F003074C
:10882000A7F11104A4EB09042C44B4FBF5F4013CBA
:1088300005FB04F4A54208DC00213046FFF710FFD9
:10884000D8F808303B44984205D03046FFF79CFDED
:108850000020BDE8F88361423046FFF701FF013098
:108860000FD03F1B104AD8F80830304647F00107B8
:108870005F6013681B1B1360FFF786FD0120BDE8D6
:10888000F88300213046FFF7EBFED8F80820831A62
:108890000F2BDADD43F0010303495360034B1B68E0
:1088A000C01A0860D1E700BF54240020FC1C00203F
:1088B000081D002000295AD0F8B50C460746FFF7DE
:1088C0005DFD734D54F804CCA4F10802A8682CF0A7
:1088D00001030CF0010ED1184E68884226F0030601
:1088E0007CD088194E60406800F00100BEF1000F96
:1088F0002ED154F8084C05F1080C121B234494683F
:10890000644560D0D2F80CE0C4F80CE0CEF8084022
:1089100000287DD043F0010050600B60B3F5007F6C
:108920002ED25809D90801238340686801310343D6
:1089300055F831006B6005EBC103083BC2E9020347
:1089400045F83120C2603846BDE8F840FFF71CBD4D
:1089500070B9334405F1080C886843F001046045A0
:108960006ED0C968C16088605460D350D6E7704744
:108970004CF00101B3F5007F44F8041CD350D0D370
:10898000B3F5206F4FEA532144D2990901F1390020
:1089900001F13804C100681869580838884203D1C9
:1089A00055E08968884204D04C6824F003049C4256
:1089B000F7D8C868C2E9021082603846CA60BDE8CC
:1089C000F840FFF7E1BC80BB1E44D1E90213CB6045
:1089D000996046F0010353609651B4E71E44BEF11E
:1089E000000F07D154F8083CD21A1E44D2E90213F2
:1089F000CB60996046F001035360264BAA601B6868
:108A0000B342A0D8244B38461968FFF7F7FE9AE71F
:108A10003344A1E714290DD954291FD8190B01F1AA
:108A20006F0001F16E04C100B5E743F00100506032
:108A30000B6088E701F15C0001F15B04C100AAE76B
:108A4000C5E90422C2E902CC5460D3507BE7A410EC
:108A50000123A3406C6823436B60ABE7B1F5AA7FA9
:108A600006D8D90B01F1780001F17704C10092E733
:108A700040F25450814206D8990C01F17D0001F179
:108A80007C04C10087E74FF47E717E2483E700BF3A
:108A9000081D0020001D002084240020F8B500BF20
:108AA0005FF800F0210100205FF800F05D07002072
:108AB0005FF800F0851000205FF800F0E50F00205F
:108AC0005FF800F0151500205FF800F09507002012
:108AD0005FF800F0D50400205FF800F021080020C6
:108AE0005FF800F0411000205FF800F0F50600206C
:108AF0005FF800F0D10700205FF800F05505002076
:108B00005FF800F00D1000205FF800F03106002043
:108B10005FF800F0E10500205FF800F0910300200D
:108B20005FF800F01D0300205FF800F02D04002026
:108B30005FF800F0851400205FF800F0C9130020F2
:108B4000DD2F0010512F0010852F00107130001004
:108B5000BD2F0010B52E001005300010A12E001002
:108B6000E51A001009300010C11E0010012F00107E
:108B7000F12F0010A12F0010751400109D1400108B
:088B80008D55001011020010D8
:108B8800434849505F494420627275746F203D2004
:108B98003078253038580A005245564953494F4EC7
:108BA8002020202020203D2025750A0050415254C5
:108BB800202020202020202020203D203078253013
:108BC80034580A004D414E5546414354555245527A
:108BD80020203D203078253033580A0053797374AB
:108BE800656D20636C6F636B206F66202575206B45
:108BF800487A2063616E6E6F7420626520657861C3
:108C080063746C7920616368696576656400000047
:108C180050494F20496E696369616C697A61646182
:108C28002120416775617264616E646F20636963B6
:108C38006C6F732064652062617272616D656E7419
:108C48006F20646F206D36386B2E2E2E00000000CA
:108C580025632C2578000000436C69656E746520D7
:108C6800636F6E65637461646F210000436C6965AE
:108C78006E746520646573636F6E6563746F752EBB
:108C8800000000004572726F3A2046616C746120E2
:108C98006465206D656DC3B37269612052414D20D2
:108CA8006E6F205069636F210000000050726F677B
:108CB800726573736F206E6F205069636F3A202559
:108CC800642F25642062797465730A002D2D2D2088
:108CD8004152515549564F20524543454249444F08
:108CE80020434F4D205355434553534F204E4F205B
:108CF8005049434F21202D2D2D00000041727175E0
:108D080069766F3A2025732070726F6E746F206ECB
:108D1800612052414D2E0A002A2A537472756374D9
:108D2800207066682D3E2A2A2A2A2A2A2A2A2A2ACE
:108D38002A2A2A2A2A2A2A2A2A2A2A2A2A2A2A2A8B
:108D48002A2A2A2A2A2A2A2A2A2A2A2A2A2A2A2A7B
:108D58002A2A2A2A2A2A2A2A2A2A2A2A2A2A2A2A6B
:108D68002A2A2A2A2A2A2A2A2A2A2A00506F6E748C
:108D78006569726F20646F206172717569766F3AE8
:108D880020253038580A0000435243333220646F9C
:108D9800206172717569766F2E2E3A202530385809
:108DA8000A00000054616D616E686F20646F732063
:108DB8006461646F73203A20253038580A00000037
:108DC8004E6F6D6520646F206172717569766F2EC4
:108DD8002E2E3A202573200A000000002A2A2A2A6B
:108DE8002A2A2A2A2A2A2A2A2A2A2A2A2A2A2A2ADB
:108DF8002A2A2A2A2A2A2A2A2A2A2A2A2A2A2A2ACB
:108E08002A2A2A2A2A2A2A2A2A2A2A2A2A2A2A2ABA
:108E18002A2A2A2A2A2A2A2A2A2A2A2A2A2A2A2AAA
:108E28002A2A2A004F72696F6E3638444F533A2007
:108E38004172717569766F206C6962657261646FE1
:108E48002070617261206F2062617272616D656E5F
:108E5800746F2E00526563656269646F2025732004
:108E680064652074616D616E686F20256400000080
:108E78004661696C656420746F206372656174650E
:108E880020504342000000004661696C656420740C
:108E98006F2062696E6420746F20706F7274202571
:108EA800640A00004661696C656420746F206C690F
:108EB8007374656E00000000544350205365727649
:108EC8006572206C697374656E696E67206F6E20B9
:108ED800706F72742025642E2E2E0A00436F7265FF
:108EE800203120696E696369616E646F206B6579F2
:108EF800626F6172642050533200000057692D463A
:108F08006920696E697469616C697A6174696F6EE8
:108F1800206661696C656400436F6E6E6563746991
:108F28006E6720746F2057692D46692E2E2E00001B
:108F380073616E746F7340696E666F30390000003C
:108F48004F70656E536F6674776172653400000008
:108F580057692D466920636F6E6E656374696F6E1D
:108F6800206661696C656400436F6E6E6563746545
:108F7800642120495020416464726573733A202546
:108F8800730A0000506173736F7520617175693AD7
:108F98002025630A0000000053657474696E66201A
:108FA8005049525120746F20310000005053322034
:108FB800696E69636961646F00000000303A0000FF
:108FC80073646361726420696E697469616C697A3B
:108FD80065642E2E2E0000004572726F7220696E35
:108FE800697469616C696E67207364636172640097
:108FF8000A2A2A2A2050414E4943202A2A2A0A00AE
:109008000A0000004E6F207370696E6C6F636B739B
:109018002061726520617661696C61626C6500002F
:109028004E6F2075736572204952517320617265C5
:1090380020617661696C61626C65000048617264E8
:109048007761726520616C61726D20256420616CA6
:10905800726561647920636C61696D656400000004
:109068004E6F20616C61726D7320617661696C610D
:10907800626C650048617264206173736572740084
:109088004F7574206F66206D656D6F7279000000F2
:1090980052656C6561736500626F6F74325F773219
:1090A8003571303830000000302E3100322E322E2B
:1090B800300000007069636F325F7700706473324C
:1090C80030305069636F320053657020313120327F
:1090D80030323600666E692B00000000666E69004B
:1090E8006E616E00666E692D0000000055534220C7
:1090F800737464696E202F207374646F7574000034
:1091080052617370626572727920506900000000C4
:109118005069636F00000000426F6172642043442D
:10912800430000005265736574000000556E686165
:109138006E646C65642049525120307825780A00A5
:10914800657020253032582077617320616C726514
:1091580061647920617661696C61626C6500000008
:1091680043616E277420636F6E74696E756520782D
:10917800666572206F6E20696E616374697665201A
:1091880065702025303258004E6F2050494F2073AB
:1091980074617465206D616368696E6573206172BE
:1091A8006520617661696C61626C65004E6F204470
:1091B8004D41206368616E6E656C73206172652035
:1091C800617661696C61626C65000000646E732091
:1091D800736572766572206F7574206F6620617290
:1091E80072617900756E6B6E6F776E20646E735F57
:1091F8007461626C6520656E747279207374617431
:10920800653A00006D656D5F667265653A20736149
:109218006E69747920636865636B20616C69676E39
:109228006D656E74000000006D656D5F6672656542
:109238003A20696C6C6567616C206D656D6F727939
:10924800000000006D656D5F667265653A20696CA7
:109258006C6567616C206D656D6F72793A20646F1B
:1092680075626C6520667265650000006D656D5FEE
:10927800667265653A20696C6C6567616C206D651E
:109288006D6F72793A206E6F6E2D6C696E6B6564C6
:109298003A20646F75626C6520667265650000002F
:1092A800706C75675F686F6C65733A206D656D20CB
:1092B8003C2072616D5F656E640000006D656D5FD6
:1092C8007472696D3A206C6567616C206D656D6FAD
:1092D800727900006D656D5F7472696D2063616EEF
:1092E800206F6E6C7920736872696E6B206D656D86
:1092F8006F727900696E76616C6964206E65787446
:1093080020707472000000006D656D5F6D616C6C9B
:109318006F633A20616C6C6F6361746564206D657E
:109328006D6F7279206E6F742061626F766520723E
:10933800616D5F656E642E006D656D5F6D616C6C4F
:109348006F633A20616C6C6F6361746564206D654E
:109358006D6F72792070726F7065726C7920616CB4
:1093680069676E65642E0000696E76616C696420B9
:10937800706F6F6C20646573630000006D656D70BD
:109388005F6D616C6C6F633A206D656D70207072F3
:109398006F7065726C7920616C69676E6564000036
:1093A8006D656D705F667265653A206D656D2070DC
:1093B800726F7065726C7920616C69676E656400A4
:1093C8006E6574696620616C726561647920616498
:1093D80064656400746F6F206D616E79206E6574CA
:1093E8006966732C206D61782E20737570706F72AA
:1093F800746564206E756D626572206973203235FC
:1094080035000000706275665F667265653A2070A7
:109418002D3E726566203E203000000070632D3EB0
:10942800637573746F6D5F667265655F66756E638D
:1094380074696F6E20213D204E554C4C0000000091
:10944800696E76616C6964207062756620747970E3
:1094580065000000706275665F616C6C6F633A202E
:109468006572726F6E656F75732074797065000030
:10947800706275665F7265616C6C6F633A2070200C
:10948800213D204E554C4C00706275665F726561D7
:109498006C6C6F633A207120213D204E554C4C0076
:1094A8006D656D5F7472696D2072657475726E6535
:1094B800642072203D3D204E554C4C006D656D5F1B
:1094C8007472696D2072657475726E65642072209D
:1094D800213D2071000000007020213D204E554C98
:1094E8004C0000007062756620726566206F7665B4
:1094F80072666C6F770000004372656174696E670D
:1095080020616E20696E66696E697465206C6F6F84
:1095180070000000702D3E746F745F6C656E203DA6
:109528003D20702D3E6C656E20286F66206C61733F
:1095380074207062756620696E20636861696E299F
:10954800000000006F66667365745F746F203C3DB1
:1095580020705F746F2D3E6C656E00006F666673D9
:1095680065745F66726F6D203C3D20705F66726F38
:109578006D2D3E6C656E0000706275665F74616B80
:10958800653A20696E76616C696420706275660060
:10959800646964206E6F7420636F707920616C6CED
:1095A8002064617461000000706275665F636F70AB
:1095B80079206661696C656400000000726177203B
:1095C80070636220726563762063616C6C626163AC
:1095D8006B20616C746572656420706275662070BA
:1095E80061796C6F616420706F696E746572207741
:1095F8006974686F757420656174696E672070613D
:10960800636B65740000000070636220213D204E8A
:10961800554C4C007463705F667265653A204C491E
:109628005354454E000000007463705F75706461A8
:1096380074655F7263765F616E6E5F776E643A2001
:10964800696E76616C696420706362006E65775F2D
:109658007263765F616E6E5F776E64203C3D20308A
:109668007866666666000000646F6E277420636122
:109678006C6C207463705F72656376656420666FD6
:1096880072206C697374656E2D70636273000000DC
:109698007463705F736C6F77746D723A2061637472
:1096A800697665207063622D3E737461746520214C
:1096B8003D20434C4F534544000000007463705FE5
:1096C800736C6F77746D723A206163746976652084
:1096D8007063622D3E737461746520213D204C498E
:1096E8005354454E000000007463705F736C6F77CD
:1096F800746D723A20616374697665207063622DB7
:109708003E737461746520213D2054494D452D57A1
:10971800414954007463705F736C6F7774696D723C
:109728003A2070657273697374207469636B696E2B
:1097380067207769746820696E2D666C696768743C
:1097480020646174610000007463705F736C6F77EC
:1097580074696D723A2070657273697374207469E4
:10976800636B696E67207769746820656D707479BA
:109778002073656E6420627566666572000000007D
:109788007463705F736C6F77746D723A206D69647F
:10979800646C652074637020213D207463705F6180
:1097A80063746976655F7063627300007463705FE9
:1097B800736C6F77746D723A206669727374207077
:1097C8006362203D3D207463705F616374697665F0
:1097D8005F706362730000007463705F736C6F770F
:1097E800746D723A2054494D452D574149542070A3
:1097F80063622D3E7374617465203D3D2054494D6C
:10980800452D5741495400007463705F736C6F773E
:10981800746D723A206D6964646C6520746370209D
:10982800213D207463705F74775F7063627300001A
:109838007463705F736C6F77746D723A20666972C7
:10984800737420706362203D3D207463705F747789
:109858005F706362730000007463705F7365675FB5
:10986800636F70793A20696E76616C6964207365FC
:1098780067000000696E76616C696420736F636BC2
:10988800657420737461746520666F7220726563F5
:10989800762063616C6C6261636B00007463705F57
:1098A8007063625F72656D6F76653A20696E766186
:1098B8006C696420706362007463705F7063625FD8
:1098C80072656D6F76653A20696E76616C696420A1
:1098D8007063626C69737400756E73656E7420735F
:1098E80065676D656E7473206C65616B696E670082
:1098F800756E61636B6564207365676D656E7473FF
:10990800206C65616B696E67000000006F6F73659E
:1099180071207365676D656E7473206C65616B6922
:109928006E670000646F6E27742063616C6C20742E
:1099380063705F61626F72742F7463705F616261DC
:109948006E646F6E20666F72206C697374656E2D1D
:1099580070636273000000007463705F6163636525
:1099680070745F6E756C6C3A20696E76616C6964B0
:1099780020706362000000007463705F636C6F7333
:10998800655F73687574646F776E3A20696E766187
:109998006C696420706362007063622D3E666C615E
:1099A800677320262054465F5258434C4F53454412
:1099B800000000007463705F667265655F6C6973B0
:1099C80074656E3A20214C495354454E00000000FE
:1099D8007463705F6E6578745F6973733A20696E3B
:1099E80076616C6964207063620000007463705F64
:1099F8006566665F73656E645F6D73735F6E6574CD
:109A080069663A20696E76616C6964206473745F74
:109A1800697000007063622D3E736E645F717565D6
:109A280075656C656E203E3D20706275665F636C7F
:109A3800656E286E6578742D3E7029007463705FBA
:109A4800726563656976653A2076616C6964207130
:109A580075657565206C656E677468007463705F02
:109A6800726563656976653A2077726F6E672073F1
:109A78007461746500000000696E7365672E70205C
:109A8800213D204E554C4C00696E73616E65206F08
:109A980066667365742100007062756620746F6F66
:109AA8002073686F727421007463705F72656365F8
:109AB8006976653A207365676D656E74206E6F749C
:109AC800207472696D6D656420636F72726563746A
:109AD8006C7920746F207263765F776E6400000083
:109AE8007463705F726563656976653A207365674C
:109AF8006D656E74206E6F74207472696D6D656427
:109B080020636F72726563746C7920746F206F6F55
:109B18007365712071756575650000007463705F09
:109B2800726563656976653A207463706C656E204A
:109B38003E207263765F776E640000007463705F26
:109B4800726563656976653A206F6F736571207415
:109B580063706C656E203E207263765F776E64007A
:109B68007463705F696E7075743A20696E76616CA3
:109B78006964207062756600702D3E6E6578742089
:109B8800213D204E554C4C00702D3E6C656E203D9D
:109B98003D203000702D3E746F745F6C656E203D03
:109BA8003D20702D3E6E6578742D3E746F745F6C29
:109BB800656E00007463705F696E7075743A206139
:109BC8006374697665207063622D3E737461746591
:109BD80020213D20434C4F53454400007463705F7F
:109BE800696E7075743A2061637469766520706374
:109BF800622D3E737461746520213D2054494D45A2
:109C08002D574149540000007463705F696E707588
:109C1800743A20616374697665207063622D3E73BF
:109C28007461746520213D204C495354454E000011
:109C38007463705F696E7075743A207063622D3E4C
:109C48006E65787420213D20706362202862656605
:109C58006F72652063616368652900007463705FD3
:109C6800696E7075743A207063622D3E6E65787403
:109C780020213D207063622028616674657220632C
:109C880061636865290000007463705F696E7075B0
:109C9800743A2054494D452D574149542070636208
:109CA8002D3E7374617465203D3D2054494D452D0A
:109CB80057414954000000007463705F696E707505
:109CC800743A207063622D3E737461746520213D7F
:109CD80020434C4F534544007063622D3E736E64BD
:109CE8005F71756575656C656E203E2030000000FB
:109CF8006E6F207365676D656E7420746F20667271
:109D0800656500007063622D3E6C697374656E65ED
:109D1800722D3E61636365707420213D204E554C61
:109D28004C0000007063622D3E7265667573656451
:109D38005F64617461203D3D204E554C4C0000002D
:109D48007463705F6372656174655F7365676D6581
:109D58006E743A20696E76616C6964207063620083
:109D6800702D3E746F745F6C656E203E3D206F7081
:109D7800746C656E000000007463705F77726974BC
:109D8800653A207062756673206F6E20717565750F
:109D980065203D3E206174206C65617374206F6E90
:109DA80065207175657565206E6F6E2D656D7074B3
:109DB800790000007463705F77726974653A206E89
:109DC8006F207062756673206F6E2071756575659A
:109DD800203D3E20626F746820717565756573203B
:109DE800656D7074790000006D73735F6C6F6361EB
:109DF8006C20697320746F6F20736D616C6C000048
:109E0800696E636F6E73697374656E74206F7665BF
:109E18007273697A652076732E20737061636500AA
:109E2800696E636F6E73697374656E74206F76659F
:109E38007273697A652076732E206C656E00000057
:109E48006E65656420756E636861696E656420700F
:109E5800627566007463705F77726974653A205240
:109E68004F4D2070627566732063616E6E6F74204B
:109E78006265206F76657273697A65640000000018
:109E8800756E73656E745F6F76657273697A652037
:109E98006D69736D6174636820287063622D3E7507
:109EA8006E73656E74206973204E554C4C29000002
:109EB800707265765F73656720213D204E554C4C66
:109EC800000000007463705F77726974653A2063FC
:109ED800616E6E6F7420636F6E636174656E61741A
:109EE80065207768656E207063622D3E756E7365B8
:109EF8006E7420697320656D707479007463705F87
:109F080077726974653A20657874656E73696F6EE7
:109F1800206F66207265666572656E63652072657E
:109F2800717569726573207265666572656E6365C1
:109F3800000000007463705F77726974653A207678
:109F4800616C6964207175657565206C656E6774F0
:109F5800680000007463705F73706C69745F756E7D
:109F680073656E745F7365673A20696E76616C69B4
:109F7800642070636200000043616E277420737070
:109F88006C6974207365676D656E7420696E746F93
:109F9800206C656E677468203000000073706C690F
:109FA80074203C3D206D7373000000007463705F83
:109FB80073656E645F66696E3A20696E76616C6976
:109FC80064207063620000007365672D3E746370DF
:109FD800686472206E6F7420616C69676E656400D6
:109FE8007463705F656E71756575655F666C6167D2
:109FF800733A20696E76616C6964207365676D6574
:10A008006E74206C656E6774680000007463705F1E
:10A01800656E71756575655F666C6167733A206911
:10A028006E76616C6964207175657565206C656E06
:10A03800677468007463705F656E71756575655FD8
:10A04800666C6167733A206E65656420656974683B
:10A058006572205443505F53594E206F7220544309
:10A06800505F46494E20696E20666C6167732028F0
:10A0780070726F6772616D6D65722076696F6C6161
:10A088007465732041504929000000007463705FB3
:10A09800656E71756575655F666C6167733A206991
:10A0A8006E76616C69642070636200007463705F2F
:10A0B800656E71756575655F666C6167733A206377
:10A0C8006865636B207468617420666972737420B4
:10A0D800706275662063616E20686F6C64206F70B3
:10A0E800746C656E000000007463705F7265786D53
:10A0F80069745F72746F5F707265706172653A201F
:10A10800696E76616C696420706362007463705F65
:10A118007265786D69743A20696E76616C6964203D
:10A12800706362007463705F7265786D69745F66EE
:10A138006173743A20696E76616C69642070636239
:10A14800000000007463705F7273743A20696E7661
:10A15800616C6964206C6F63616C5F6970000000FA
:10A168007463705F7273743A20696E76616C6964A7
:10A178002072656D6F74655F697000006368656360
:10A188006B207468617420666972737420706275DC
:10A19800662063616E20686F6C64207374727563E7
:10A1A80074207463705F6864720000007463705F89
:10A1B80073656E645F656D7074795F61636B3A2077
:10A1C800696E76616C696420706362007463705FA5
:10A1D8006F75747075743A20696E76616C69642065
:10A1E80070636200646F6E27742063616C6C207406
:10A1F80063705F6F757470757420666F72206C6918
:10A208007374656E2D70636273000000525354209E
:10A218006E6F742065787065637465642068657214
:10A22800652100006F7074696F6E73206E6F742003
:10A2380066696C6C656400007463705F7265786D44
:10A2480069745F72746F5F636F6D6D69743A2069CA
:10A258006E76616C69642070636200007463705F7D
:10A268007265786D69745F72746F3A20696E766191
:10A278006C696420706362007463705F6B656570FD
:10A28800616C6976653A20696E76616C69642070E4
:10A29800636200007463705F7A65726F5F77696EDE
:10A2A800646F775F70726F62653A20696E76616C71
:10A2B80069642070636200007379735F74696D6507
:10A2C8006F75743A2074696D656F757420213D202F
:10A2D8004E554C4C2C20706F6F6C204D454D505F87
:10A2E8005359535F54494D454F5554206973206560
:10A2F8006D7074790000000054696D656F75742085
:10A3080074696D6520746F6F206C6F6E672C206D9B
:10A318006178206973204C5749505F55494E543332
:10A32800325F4D41582F34206D7365637300000010
:10A338007564705F696E7075743A20696E76616CC9
:10A3480069642070627566007564705F696E707507
:10A35800743A20696E76616C6964206E657469660A
:10A3680000000000706275665F72656D6F76655FEC
:10A37800686561646572206661696C6564000000E7
:10A38800636865636B2074686174206669727374AE
:10A3980020706275662063616E20686F6C6420733C
:10A3A8007472756374207564705F6864720000006D
:10A3B800646863705F6372656174655F6D73673A43
:10A3C80020636865636B20746861742066697273C2
:10A3D8007420706275662063616E20686F6C6420FB
:10A3E80073747275637420646863705F6D7367005B
:10A3F800646863705F696E635F7063625F726566ED
:10A40800636F756E7428293A206D656D6F727920B7
:10A418006C65616B00000000444843503A20686F47
:10A4280073746E616D6520697320746F6F206C6F33
:10A438006E672100646863705F6F7074696F6E3A4D
:10A44800206F7074696F6E735F6F75745F6C656E83
:10A45800202B2032202B206F7074696F6E5F6C6523
:10A468006E203C3D20444843505F4F5054494F4E66
:10A47800535F4C454E000000646863705F6F7074F2
:10A48800696F6E5F627974653A206F7074696F6E78
:10A49800735F6F75745F6C656E203C204448435051
:10A4A8005F4F5054494F4E535F4C454E00000000DB
:10A4B800636865636B206465636F64655F6964786E
:10A4C80000000000444843502073686F756C642096
:10A4D800626520656E61626C6564206174207468D1
:10A4E800697320706F696E742C20627574206974AA
:10A4F800206973206E6F7421000000006E65746916
:10A508006620213D204E554C4C0000006468637065
:10A5180020213D204E554C4C000000006E657469AA
:10A528006620616C726561647920686173206120BE
:10A538007374727563742064686370207365740043
:10A54800646863705F7063625F726566636F756E7F
:10A558007428293A20726566636F756E7420657277
:10A56800726F7200696E76616C69642064686370EA
:10A578002D3E7374617465006172705F7461626C02
:10A58800655B695D2E71203D3D204E554C4C0000A9
:10A598006172705F7461626C655B695D2E73746172
:10A5A8007465203D3D204554484152505F53544105
:10A5B80054455F454D505459000000006368656379
:10A5C8006B20746861742066697273742070627598
:10A5D800662063616E20686F6C64207374727563A3
:10A5E80074206574686172705F68647200000000AE
:10A5F8006E657469662D3E6877616464725F6C6528
:10A608006E206D75737420626520746865207361AF
:10A618006D65206173204554485F48574144445252
:10A628005F4C454E20666F722065746861727021B8
:10A63800000000006172705F7461626C655B61723A
:10A64800705F6964785D2E7374617465203E3D2087
:10A658004554484152505F53544154455F53544107
:10A66800424C450069706164647220213D204E555A
:10A678004C4C00006574685F72657420213D204E63
:10A68800554C4C006E657469662D3E68776164644C
:10A69800725F6C656E203D3D204554485F485741C8
:10A6A8004444525F4C454E006E6F207061636B6589
:10A6B800742071756575657320616C6C6F7765645E
:10A6C800210000007120213D204E554C4C00000017
:10A6D80069636D705F696E7075743A206D6F766925
:10A6E8006E6720722D3E7061796C6F616420746FA3
:10A6F8002069636D702068656164657220666169B0
:10A708006C65640069636D705F696E7075743A207A
:10A71800726573746F72696E67206F726967696EAC
:10A72800616C20702D3E7061796C6F616420666188
:10A73800696C656400000000636865636B20746879
:10A748006174206669727374207062756620636133
:10A758006E20686F6C642069636D70206D6573731B
:10A768006167650070637220213D204E554C4C0096
:10A778007072657620213D2069707200707265766E
:10A788002D3E6E657874203D3D2069707200000092
:10A7980070627566735F6672656564202B20636CF2
:10A7A800656E203C3D2030786666666600000000D5
:10A7B80073616E69747920636865636B206C696E78
:10A7C8006B6564206C6973740000000069705F72C7
:10A7D800656173735F70627566636F756E74203E32
:10A7E8003D2070627566735F66726565640000007F
:10A7F80073616E69747920636865636B000000009B
:10A8080076616C69646174655F64617461677261C3
:10A818006D3A6E6578745F70627566213D4E554C71
:10A828004C00000069705F72656173735F706275D8
:10A8380066636F756E74203E3D20636C656E000024
:10A848006E6F74206669727374616C74686F756773
:10A8580068206A75737420656E7175657565640026
:10A8680074686973206E6565647320612070627511
:10A878006620696E206F6E652070696563652100CA
:10A88800702D3E6C656E203E3D20706F6666000040
:10A89800702D3E726566203D3D203100636865631A
:10A8A8006B207468617420666972737420706275B5
:10A8B800662063616E20686F6C64207374727563C0
:10A8C800742069705F686472000000006163645FEF
:10A8D800636F6E666C6963745F63616C6C626163FD
:10A8E8006B20213D204E554C4C0000006163645F95
:10A8F80072656D6F766528293A20616364206E6FF2
:10A9080074206F6E206C6973740A00006E65746938
:10A91800662D3E6877616464725F6C656E206D7544
:10A928007374206265203620666F722065746865CE
:10A93800726E65745F6F7574707574210000000025
:10A9480063797734335F726561645F6279746573C4
:10A95800206572726F722025640000005B435957AE
:10A9680034335D2063797734335F6B736F5F73655E
:10A9780074282564293A206661696C65640A0000B8
:10A988005B43595734335D20427573206572726F8B
:10A998007220636F6E646974696F6E206465746594
:10A9A8006374656420307825780A00005B43595742
:10A9B80034335D206572726F723A20686472206D5C
:10A9C80069736D617463682025303478205E2025B2
:10A9D8003034780A000000005B43595734335D2057
:10A9E8005354414C4C2825753B25752D2575293A1E
:10A9F8002074696D656F75740A0000005B435957D0
:10AA080034335D20646F5F696F63746C3A20676FDD
:10AA18007420756E65787065637465642070616311
:10AA28006B65742025640A005B43595734335D20F5
:10AA3800646F5F696F63746C2825752C2025752CED
:10AA4800202575293A2074696D656F75740A0000B0
:10AA58005B43595734335D20636F7265206E6F74A2
:10AA680020696E2072657365740000006275733A20
:10AA78007478676C6F6D000061707374610000001A
:10AA8800616D7064755F62615F7773697A650000F4
:10AA9800616D7064755F6D7064750000616D7064E0
:10AAA800755F72785F666163746F72006273736357
:10AAB80066673A6576656E745F6D7367730000004C
:10AAC8005B43595734335D204661696C6564207473
:10AAD8006F20737461727420435957343300000037
:10AAE80056657273696F6E3A200000005B435957D0
:10AAF80034335D20636F756C64206E6F74206669F3
:10AB08006E642076616C6964206669726D77617223
:10AB1800650000005B43595734335D2074696D65E7
:10AB28006F75742077616974696E6720666F72202B
:10AB3800414C5020746F20626520736574000000DA
:10AB48005B43595734335D20636F7265206E6F74B1
:10AB5800207570005B43595734335D204854206E8C
:10AB68006F74207265616479000000005B43595777
:10AB780034335D204632206E6F74207265616479CB
:10AB8800000000005B43595734335D20434C4D208F
:10AB98006C6F6164206661696C6564006375725FDF
:10ABA800657468657261646472000000706D325F7C
:10ABB800736C6565705F72657400000062636E5F38
:10ABC8006C695F62636E000062636E5F6C695F64EC
:10ABD80074696D006173736F635F6C697374656E1C
:10ABE800000000006273736366673A7375705F777D
:10ABF800706100006273736366673A7375705F779C
:10AC08007061325F656170766572000062737363AC
:10AC180066673A7375705F7770615F746D6F000077
:10AC28007361655F70617373776F72640000000011
:10AC38006D6670006A6F696E00000000627373636E
:10AC480066673A73736964006273736366673A7719
:10AC5800736563006273736366673A7770615F61F7
:10AC6800757468007361655F6D61785F7077655FA3
:10AC78006C6F6F700000000032675F6D7261746501
:10AC880000000000627373005B43595734335D2042
:10AC980073656E645F65746865726E65742066615D
:10ACA800696C65643A2025640A0000005069636F86
:10ACB800570000005B252038645D204153594E43FE
:10ACC80028253034782C00002573000025750000F5
:10ACD8002C25752C25752C2575290A005345545F9C
:10ACE80053534944000000004A4F494E00000000F9
:10ACF80041555448000000004445415554485F49B7
:10AD08004E4400004153534F43000000444953410F
:10AD180053534F43000000004449534153534F439A
:10AD28005F494E44000000004C494E4B00000000B3
:10AD380050534B5F53555000455343414E5F524566
:10AD480053554C54000000004353415F434F4D504E
:10AD58004C4554455F494E44000000004153534F51
:10AD6800435F5245515F4945000000004153534F2E
:10AD7800435F524553505F49450000006173796E47
:10AD8800635F636F6E74657874206C6F636B5F6369
:10AD98006865636B206661696C6564004E6F20535B
:10ADA800442063617264206465746563746564211A
:10ADB8000D000000C4AD01101AFF010201E01220CD
:10ADC800CB0020E0224042BF0E400080A08000E07F
:10ADD800140021E022400E400080A08062A008609C
:10ADE80042B000E042AF922001E0E3A067A081E01A
:10ADF80000AE01100DFF01002120A12027E0C3A013
:10AE080021210140A12044002120A1202120A120AE
:10AE180021C0000000000000818283848586878825
:10AE2800898A8B8C8D8E8F90919293949596979812
:10AE3800999A9C9D9E9FEAEBECEDEE9B0D00080015
:10AE48002000000000000000000000000000F1F2F7
:10AE5800F3F4F5F6F7F8F9FAFBFC0000000000003F
:10AE68000000001312111000000000000000000094
:10AE780000000000000000000000000000000000CA
:10AE880000000000000000000000000000000000BA
:10AE98000000000000000000C1C2C3C4C5C6C7C886
:10AEA800C9CACBCCCDCECFD0D1D2D3D4D5D6D7D892
:10AEB800D9DABCBDBEBFDBDCDDDEDFBB0D000800C0
:10AEC8002000000000000000000000000000F1F277
:10AED800F3F4F5F6F7F8F9FAFBFC000000000000BF
:10AEE8000000001312111000000000000000000014
:10AEF800000000000000000000000000000000004A
:10AF08000000000000000000000000000000000039
:10AF18000000000000000000A1A203A4A5A6A7A8A5
:10AF2800A9AAABACADAEAFB0B1B2B3B4B5B6B7B811
:10AF3800B9BAE1E2E3E4E5E6E7E8E9E00F00080092
:10AF48002000000000000000000000000000F1F2F6
:10AF5800F3F4F5F6F7F8F9FAFBFC0000000000003E
:10AF68000000001312111000000000000000000093
:10AF780000000000000000000000000000000000C9
:10AF880000000000000000000000000000000000B9
:10AF98000000000000000000414243444546474885
:10AFA800494A4B4C4D4E4F50515253545556575891
:10AFB800595A21402324255E262A28290D1B0809D1
:10AFC800205F2B7B7D7CFF3A227E3C3E3F02F1F2E4
:10AFD800F3F4F5F6F7F8F9FAFBFC1FF0FE18141570
:10AFE8007F171613121110052F2A2D2B0D3132330E
:10AFF800343536373839302EFF0A0000000000009B
:10B008000000000000000000000000000000000038
:10B018000000000000000000616263646566676804
:10B02800696A6B6C6D6E6F70717273747576777810
:10B03800797A313233343536373839300D1B0809CF
:10B04800202D3D5B5D5CFF3B27602C2E2F02F1F22B
:10B05800F3F4F5F6F7F8F9FAFBFC1FF0FE181415EF
:10B068007F171613121110052F2A2D2B0D3132338D
:10B07800343536373839302EFF0A0000000000001A
:10B0880000000000000000000000000000000000B8
:10B098000000000000000000FFFFFFFFFFFFFF7F30
:10B0A80006005250D3F07542989001100600525095
:10B0B800E182887FA0900110060052503ABCA91185
:10B0C800B090011006005250ABB36053B490011019
:10B0D80006005250BBFF3CB6BC900110060052500F
:10B0E800861C0302C4900110060052505422A29DEF
:10B0F800D090011005005250DE65F468644F0510C9
:10B10800000000000000F03F0000000000002440A4
:10B1180000000000000059400000000000408F407F
:10B12800000000000088C34000000000006AF840EA
:10B138000000000080842E4100000000D01263410E
:10B148000000000084D797410000000065CDCD4184
:10B158000D0A000000000000095000100000000067
:10B168000D500010195000104550001041500010AB
:10B17800000000000A00000000000306A600080006
:10B18800020002009C001400030057494E55534228
:10B198000000000000000000000080000400010022
:10B1A80028004400650076006900630065004900D6
:10B1B8006E0074006500720066006100630065003F
:10B1C800470055004900440000004E007B00620023
:10B1D80063003700330039003800630031002D0068
:10B1E80037003300630064002D0034006300620000
:10B1F80037002D0039003800620038002D00390072
:10B2080031003300610038006600630061003700D8
:10B218006200660036007D0000000000050F210076
:10B22800011C100500DF60DDD88945C74C9CD2653C
:10B238009D9E648A9F00000306A60001000000008E
:10B248000600525053B4F4A1F4900110000000001D
:10B258000891011018910110F8FC002020910110AC
:10B268002C91011009025400030100807D080B0095
:10B278000202020000090400000102020004052481
:10B28800002001052401000104240206052406000B
:10B29800010705810308001009040100020A0000E3
:10B2A800000705020240000007058202400000096D
:10B2B80004020000FF00010512011002EF02014024
:10B2C8008A2E0900000101020301000000000000AD
:10B2D80051690010C1690010F16900103D6A001041
:10B2E800FD6A0010BD6B00100000000000000000A7
:10B2F800B56C0010116D00102D6D0010516D00100F
:10B308009D500010456E001000000000CCB30110E5
:10B31800BCB30110ACB301109CB301108CB3011085
:10B328007CB301106CB301105CB301104CB3011075
:10B338003CB30110E4BA0020FC051000484B002083
:10B348004CBB0020D8BA0020100010000CAB002025
:10B3580048BB002008BB00201000070028AD0020D3
:10B3680058BB0020CCBA002018000F00DC49002090
:10B3780044BB0020FCBA00202000050084AC00205B
:10B3880054BB00202CBB00201000200044B8002033
:10B3980064BB002020BB00201C0008009CAD0020DE
:10B3A80060BB002014BB00209C00100080AE002071
:10B3B8005CBB002038BB00202000040048BA0020F5
:10B3C80068BB0020F0BA00201C00040010AC00206C
:10B3D80050BB0020C0FC0020B8FC0020B4FC0020BA
:10B3E800C8FC002003060C18306078000102030432
:10B3F800050607070707070707000000FA0000000F
:10B40800ADAB0010E803000081100110E803000054
:10B41800FD02011060EA00001DFB0010F4010000AD
:10B4280001FD0010640000000D1E0110E80300007B
:10B438001D860010FFFFFFFF000000000000000055
:10B4480000000000FFFFFFFFFFFF00005CB40110D9
:10B4580006FF01000160401080E042B00140841006
:10B468000000000065140000911300009113000013
:10B478009113000091130000911300009113000034
:10B488009113000091130000911300009113000024
:10B498009113000091130000911300009113000014
:10B4A8009113000091130000911300009113000004
:10B4B80091130000911300009113000091130000F4
:10B4C80091130000911300009113000091130000E4
:10B4D80091130000911300009113000091130000D4
:10B4E800004800476514000000000000000000004C
:10B4F8000000000000000000000000000000000044
:10B508000000000000000000000000000000000033
:10B518000000000000000000000000000000000023
:10B528000000000000000000000000000000000013
:10B538000000000000000000000000000000000003
:10B5480000000000000000000000000000000000F3
:10B558004442505018600100000000000000000044
:10B56800C51B0000C51B0000C51B0000C51B000053
:10B57800C51B0000C51B0000C51B0000D913000037
:10B58800D513000015140000DD3D000079390000D6
:10B598003B330000D93D0000C9350000B139000037
:10B5A8001D3E00004FD50100D93A000013340000B9
:10B5B8007F340000893E00008B3E0000FB3800000D
:10B5C800AD3D00004DD50100C51B0000C51B0000A6
:10B5D800C51B0000C51B0000C51B0000C51B0000E3
:10B5E800C51B0000C51B0000C51B0000C51B0000D3
:10B5F800C51B0000C51B0000C51B0000C51B0000C3
:10B608009FDC0000C51B0000C51B0000C51B000017
:10B61800C51B0000C51B0000C51B0000C51B0000A2
:10B62800C51B0000C51B0000C51B0000C51B000092
:10B63800C51B0000C51B0000C51B000047FC00001F
:10B64800C51B0000A3FD0000C51B0000C51B0000B2
:10B658009FFD00002BFC0000C51B0000C51B00005F
:10B66800C51B0000772E01005B3301001B3501006C
:10B678006F340100DF3301001F320100C51B0000D9
:10B68800C51B0000C51B0000BD350100C51B00001F
:10B69800C51B0000C51B0000C51B0000C51B000022
:10B6A800C51B0000C51B0000C51B0000C51B000012
:10B6B800C51B0000C51B0000C51B0000C51B000002
:10B6C800C51B0000C51B0000C51B0000C51B0000F2
:10B6D800C51B0000C51B0000C51B0000C51B0000E2
:10B6E800C51B0000C51B0000C51B0000C51B0000D2
:10B6F800C51B0000C51B0000C51B0000C51B0000C2
:10B70800C51B0000C51B0000C51B0000C51B0000B1
:10B71800C51B0000C51B0000C51B000079160000F2
:10B7280081160000191F0000352E0000892E000028
:10B73800ED3F0000F93F000069510000D1B1000061
:10B74800B9DC0000B1FB0000C1350100691600003A
:10B758008D1600009D1700009D180000E51B0000D5
:10B76800851C0000F51C0000791D0000251F000045
:10B77800A12E0000953F000005400000054900008B
:10B78800474C00009D4D0000A54D0000A94D00004C
:10B79800C51B0000C54D0000FD4D0000054E000012
:10B7A8005B4E00005F4E00006D4E0000956C00007F
:10B7B800C51B000085510000C51B0000056D000079
:10B7C8003D94000081A2000059A30000C9A3000015
:10B7D800C5CA0000E5CA0000E1CE0000C1DC0000D7
:10B7E800D1DC00002FE2000049E4000091E80000ED
:10B7F80083FB000089FB00001D1701000100000009
:10B808000000000820000000000200000400000002
:10B81800FF030000500000000100000001000000CC
:10B828000A070801000000000800000001040000E9
:10B8380001000000040004000800010000000000EE
:10B8480000000000000000000000000000000000F0
:10B8580000000000000000000000000000000000E0
:10B8680000000000000000000000000000000000D0
:10B8780000000000000000000000000000000000C0
:10B8880000000000000000000000000000000000B0
:10B8980000000000000000000000000000000000A0
:10B8A8000000000000000000000000000000000090
:10B8B8000000000000000000000000000000000080
:10B8C8000000000000000000000000000000000070
:10B8D8000000000000000000000000000000000060
:10B8E8000000000000000000000000000000000050
:10B8F8000000000000000000000000000000000040
:10B90800000000000000000000000000000000002F
:10B91800000000000000000000000000000000001F
:10B92800000000000000000000000000000000000F
:10B9380000000000000000000000000000000000FF
:10B9480000000000000000000000000000000000EF
:10B9580000000000000000000000000000000000DF
:10B9680000000000000000000000000000000000CF
:10B9780000000000000000000000000000000000BF
:10B9880000000000000000000000000000000000AF
:10B99800000000000000000000000000000000009F
:10B9A800000000000000000000000000000000008F
:10B9B800000000000000000000000000000000007F
:10B9C800000000000000000000000000000000006F
:10B9D800000000000000000000000000000000005F
:10B9E800000000000000000000000000000000004F
:10B9F800000000000000000000000000000000003F
:10BA0800000000000000000000000000000000002E
:10BA1800000000000000000000000000000000001E
:10BA2800000000000000000000000000000000000E
:10BA380000000000000000000000000000000000FE
:10BA480000000000000000000000000000000000EE
:10BA580000000000000000000000000000000000DE
:10BA680000000000000000000000000000000000CE
:10BA780000000000000000000000000000000000BE
:10BA880000000000000000000000000000000000AE
:10BA9800000000000000000000000000000000009E
:10BAA800000000000000000000000000000000008E
:10BAB800000000000000000000000000000000007E
:10BAC800000000000000000000000000000000006E
:10BAD800000000000000000000000000000000005E
:10BAE800000000000000000000000000000000004E
:10BAF800000000000000000000000000000000003E
:10BB0800000000000000000000000000000000002D
:10BB1800000000000000000000000000000000001D
:10BB2800000000000000000000000000000000000D
:10BB380000000000000000000000000000000000FD
:10BB480000000000000000000000000000000000ED
:10BB580000000000000000000000000000000000DD
:10BB680000000000000000000000000000000000CD
:10BB780000000000000000000000000000000000BD
:10BB880000000000000000000000000000000000AD
:10BB9800000000000000000000000000000000009D
:10BBA800000000000000000000000000000000008D
:10BBB800000000000000000000000000000000007D
:10BBC800000000000000000000000000000000006D
:10BBD800000000000000000000000000000000005D
:10BBE800000000000000000000000000000000004D
:10BBF800000000000000000000000000000000003D
:10BC0800000000000000000000000000000000002C
:10BC1800000000000000000000000000000000001C
:10BC2800000000000000000000000000000000000C
:10BC380000000000000000000000000000000000FC
:10BC480000000000000000000000000000000000EC
:10BC580000000000000000000000000000000000DC
:10BC680000F459B200000000FFF75E9F00000000DA
:10BC780000F463B100000000FFF7419D00000000E0
:10BC8800FFF76D9C00000000F3F7AE98000000007D
:10BC9800E9F7679E00000000E5F7989D00000000A6
:10BCA800E4F7829F00000000D3F77C9B00000000AF
:10BCB800CFF7EC9900000000C9F7D89E00000000FB
:10BCC800C8F75A9F00000000C8F7B49C00000000A5
:10BCD800C2F7549F00000000C0F7449C0000000019
:10BCE800C0F7329A00000000BFF78C9D00000000EA
:10BCF800BFF7569F00000000C2F71E9D000000001D
:10BD0800E1F7C29C00000000BFF7049800000000A3
:10BD1800BEF7A69E00000000BDF77C9F0000000053
:10BD2800BBF76D9C00000000A2F73E9D00000000DC
:10BD3800B7F7E29A00000000DDF7329B0000000030
:10BD4800B9F7889E00000000B2F7669B000000006B
:10BD5800B2F7F69A00000000B2F77C9900000000E4
:10BD6800B1F7869A00000000DAF7669C0000000030
:10BD7800B0F76E9E00000000C1F7FE9A00000000B8
:10BD8800AEF73B9B00000000A0F7F69D0000000006
:10BD9800A0F7169C00000000ABF7F09E0000000022
:10BDA800A2F7E09C00000000A2F7DE9A0000000065
:10BDB800A0F7FB98000000009FF7AE9F000000006E
:10BDC8009EF7B699000000009DF77C9D00000000DA
:10BDD8009BF7329D000000009AF7F89F00000000D2
:10BDE800A0F7E09E00000000A0F70F9F00000000F1
:10BDF80099F7DE9A00000000A0F7939C000000006D
:10BE0800D7F7289F00000000D7F71C9A0000000011
:10BE1800D7F7169C00000000D9F78A9C00000000A4
:10BE280093F7709A0000000093F7769900000000DD
:10BE380093F7CD9D0000000093F77D9B0000000064
:10BE480093F7B89A0000000092F7649F0000000082
:10BE580092F7029D0000000092F7D29A00000000BD
:10BE680092F700990000000092F714980000000073
:10BE780092F7129B000000008FF724990000000041
:10BE8800D7F7449B00000000D7F7129B0000000082
:10BE9800D6F7989E000000008CF7539C0000000025
:10BEA8008CF7939D000000008BF74B9F000000006B
:10BEB8008CF78E990000000089F7749E000000003E
:10BEC800000000000000000000000000000000006A
:10BED800000000000000000000000000000000005A
:10BEE800000000000000000000000000000000004A
:10BEF800000000000000000000000000000000003A
:10BF08000000000000000000000000000000000029
:10BF18000000000000000000000000000000000019
:10BF28000000000000000000000000000000000009
:10BF380000000000000000000000000000000000F9
:10BF480000000000000000000000000000000000E9
:10BF580000000000000000000000000000000000D9
:10BF680000000000000000000000000000000000C9
:10BF780000000000000000000000000000000000B9
:10BF880000000000000000000000000000000000A9
:10BF98000000000000000000000000000000000099
:10BFA8000000000000000000000000000000000089
:10BFB8000000000000000000000000000000000079
:10BFC8000000000000000000000000000000000069
:10BFD8000000000000000000000000000000000059
:10BFE8000000000000000000000000000000000049
:10BFF8000000000000000000000000000000000039
:10C008000000000000000000000000000000000028
:10C018000000000000000000000000000000000018
:10C028000000000000000000000000000000000008
:10C0380000000000000000000000000000000000F8
:10C0480000000000000000000000000000000000E8
:10C0580000000000000000000000000000000000D8
:10C0680000000000000000000000000000000000C8
:10C0780000000000000000000000000000000000B8
:10C0880000000000000000000000000000000000A8
:10C098000000000000000000000000000000000098
:10C0A8000000000000000000000000000000000088
:10C0B8000000000000000000000000000000000078
:10C0C8000000000000000000000000000000000068
:10C0D8000000000000000000000000000000000058
:10C0E8000000000000000000000000000000000048
:10C0F8000000000000000000000000000000000038
:10C108000000000000000000000000000000000027
:10C118000000000000000000000000000000000017
:10C128000000000000000000000000000000000007
:10C1380000000000000000000000000000000000F7
:10C1480000000000000000000000000000000000E7
:10C1580000000000000000000000000000000000D7
:10C1680000000000000000000000000000000000C7
:10C1780000000000000000000000000000000000B7
:10C1880000000000000000000000000000000000A7
:10C198000000000000000000000000000000000097
:10C1A8000000000000000000000000000000000087
:10C1B8000000000000000000000000000000000077
:10C1C8000000000000000000000000000000000067
:10C1D8000000000000000000000000000000000057
:10C1E8000000000000000000000000000000000047
:10C1F8000000000000000000000000000000000037
:10C208000000000000000000000000000000000026
:10C218000000000000000000000000000000000016
:10C228000000000000000000000000000000000006
:10C2380000000000000000000000000000000000F6
:10C2480000000000000000000000000000000000E6
:10C2580000000000000000000000000000000000D6
:10C2680000000000000000000000000000000000C6
:10C2780000000000000000000000000000000000B6
:10C2880000000000000000000000000000000000A6
:10C298000000000000000000000000000000000096
:10C2A8000000000000000000000000000000000086
:10C2B8000000000000000000000000000000000076
:10C2C8000000000000000000000000000000000066
:10C2D8000000000000000000000000000000000056
:10C2E8000000000000000000000000000000000046
:10C2F8000000000000000000000000000000000036
:10C308000000000000000000000000000000000025
:10C318000000000000000000000000000000000015
:10C328000000000000000000000000000000000005
:10C3380000000000000000000000000000000000F5
:10C3480000000000000000000000000000000000E5
:10C3580000000000000000000000000000000000D5
:10C3680000000000000000000000000000000000C5
:10C3780000000000000000000000000000000000B5
:10C3880000000000000000000000000000000000A5
:10C398000000000000000000000000000000000095
:10C3A8000000000000000000000000000000000085
:10C3B8000000000000000000000000000000000075
:10C3C8000000000000000000000000000000000065
:10C3D8000000000000000000000000000000000055
:10C3E8000000000000000000000000000000000045
:10C3F8000000000000000000000000000000000035
:10C408000000000000000000000000000000000024
:10C418000000000000000000000000000000000014
:10C428000000000000000000000000000000000004
:10C4380000000000000000000000000000000000F4
:10C4480000000000000000000000000000000000E4
:10C4580000000000000000000000000000000000D4
:10C46800D41B80000400000000080000B4228000F3
:10C478000400000008080000782380000400000081
:10C4880010080000C42780000400000018080000FD
:10C49800302880000400000020080000D817810020
:10C4A800040000002808000000D0810004000000FB
:10C4B800300800001C148200040000003808000046
:10C4C8002838820004000000400800006C668300E1
:10C4D8000400000048080000ACAD83000400000020
:10C4E80050080000080884000400000058080000F4
:10C4F8001C1A8400040000006008000098228400D0
:10C5080004000000680800002C8A84000400000071
:10C5180070080000D8BE84000400000078080000FD
:10C52800C0BF8400040000008008000010C384001D
:10C53800040000008808000078C984000400000096
:10C54800900800002C918400040000009808000066
:10C558000C4C820004000000A0080000FCD98400F4
:10C5680004000000A808000084E384000400000020
:10C57800B008000018EC840004000000B8080000AF
:10C588000C19850004000000C008000084C0860063
:10C5980004000000C808000044668500040000008C
:10C5A800D008000010A2820004000000D808000093
:10C5B800003B850004000000E008000084B6850008
:10C5C80004000000E8080000E8B685000400000048
:10C5D800F0080000CCBA850004000000F80800004C
:10C5E800F8C885000400000000090000B0BE820001
:10C5F8000400000008090000ACD485000400000015
:10C6080010090000E09B84000400000018090000E5
:10C61800B8FB8500040000002009000038E386000C
:10C6280004000000280900006CEA860004000000ED
:10C6380030090000282586000400000038090000A1
:10C64800F0C0860004000000400900003CC38600DA
:10C65800040000004809000018F9860004000000E2
:10C668005009000064FA8600040000005809000020
:10C6780044098700040000006009000010138700C7
:10C68800040000006809000010338700040000005F
:10C69800700900005C3B8700040000007809000076
:10C6A800A0D98600040000008009000058DA86003E
:10C6B8000400000088090000B8608700040000003A
:10C6C8009009000018E086000400000098090000A6
:10C6D800ACE4820004000000A009000058EF8200CA
:10C6E80004000000A8090000E4F182000400000032
:10C6F800B0090000C0F2820004000000B809000080
:10C70800D4D1870004000000C0090000D4D48700F9
:10C7180004000000C8090000BCD68700040000001F
:10C72800D0090000F4D9870004000000D8090000EF
:10C73800C0DA870004000000E0090000DCDC8700A4
:10C7480004000000E8090000F8DC8700040000008D
:10C75800F009000088DD870004000000F8090000E7
:10C768007CE2870004000000000A0000CCE3870098
:10C7780004000000080A0000F4E587000400000037
:10C78800100A00009026880004000000180A000023
:10C79800A40B830004000000200A00007C0E830024
:10C7A80004000000280A00000819830004000000A3
:10C7B800300A00005058880004000000380A0000C1
:10C7C8002059880004000000400A0000D462880054
:10C7D80004000000480A0000846988000400000082
:10C7E800500A0000DC98880004000000580A000085
:10C7F8006846836941690BB503695A4651460EB4C8
:10C808004A46414606B4C36882684168FEB4036874
:10C81800C269EFF303810EB48269EFF3058106B4B0
:10C82800034801680029FED06846884714B000BD57
:10C838003C14000062B6704772B67047044908405D
:10C84800002803D003490A6802430A6070470000C1
:10C85800FFFF000000E100E004490840002804D080
:10C8680003490A68C04302400A607047FFFF00009E
:10C8780080E100E00249096890228858704700006A
:10C8880044140000024909689C228850704700003F
:10C8980044140000DDBAADBB000000000000000039
:10C8A8000000000000000000000000000000000080
:10C8B80000000000024A11681060081C7047000060
:10C8C8003C1400005648574900220A500168564A4D
:10C8D8000A40564F0F403F4206D15046004202D010
:10C8E8004046004229D1FEE7FC2141580A680F233F
:10C8F80013400F2BF1D0012B01D00431F6E708319A
:10C908004B4B13404B4CA34206D100F0C1F8804674
:10C9180000F0CAF88146E9E7474CA342E6D10B1F6D
:10C928001B68464C23401824E3409C4600F0B0F8AE
:10C93800824600F0B9F88346D8E74149212242509F
:10C94800374A40498958FF23194219D051683E4B4C
:10C95800194215D01168344B1940D36A10E0A3422C
:10C968000ED0C0460CE039498958194208D03849D8
:10C97800895819409942FAD1364B11691942FCD0AD
:10C9880049463F4204D19823CB581024E34001E0A4
:10C99800314BCB581C242340002B01D000F092F8D7
:10C9A80040462E49086048462D49086050462D49A2
:10C9B800086060462C4908602C490F602C4D2D49B1
:10C9C8000D602D482D49002204C08142FCD8043D49
:10C9D800AD46009DEC431023DD41AC4210D1240C40
:10C9E800A400274D2C606B461B1B2648264D28604B
:10C9F800002C05D01D68056004330430043CF9DCC4
:10CA080081B0224B1B490D68ED1A0D606C46E41A83
:10CA1800A546684600090001854600F0D7FCFEE7F8
:10CA28000000001814060000FFFF0000000000F0DE
:10CA380000FF0F00002A0800000E0800000000FF99
:10CA4800E00100000406000000003800180600009D
:10CA58000C06000000100000080400004414000048
:10CA6800481400004C14000050140000401400004A
:10CA780000000800945C0100BC5F01009C66010096
:10CA88009C5C01008C750200985C010000000100AC
:10CA980008680F2204310240052AF9D1014A1040E2
:10CAA800F746000000F0FFFF08680F22043102403B
:10CAB800052AF9D180221042F6D0014A1040F746E3
:10CAC80000F0FFFFFEE7000000487047BC5F010070
:10CAD80000487047FC5F0100004870476060010033
:10CAE800004870470860010003F04ABA01238B40F0
:10CAF8002DE9F74FB3F5001F28BF4FF40013042B9F
:10CB080038BF04230330019320F00304FFF7E0FF4C
:10CB1800354B0022D3F800B015469446134627E05B
:10CB2800D1F800A0A24522D301F10807019E07EB26
:10CB38000A08C6F10009C4EB080609EA0606BE425F
:10CB480015D3DDF8049009F1FF3919EA070FCDF87C
:10CB5800009002D0F71B072F09D9C4EB0A075F45DD
:10CB680005D2424635466FB1BB4684460B46084659
:10CB780041680029D4D13BB91C4A184611680131D3
:10CB880011602FE084460B46521B111B072909D957
:10CB980018682A19401A08391860295159685160CB
:10CBA8005A6022461968891A072903D85A68CCF8A6
:10CBB800042004E05A50A1F108021A605B180C48DE
:10CBC800002219685A6002688A18026009480168D8
:10CBD800083101608918084A1068814288BF1160CD
:10CBE80003F10800BDE8FE8FF4030000F003000025
:10CBF80014040000480400000460010038B5194B13
:10CC080050F8082C196805468A1A1A60164BA0F1C4
:10CC180008041A68083A1A60FFF75AFF02E0A342AC
:10CC280003D218464368002BF9D155F8082CA918E7
:10CC38008B4205D119685B685218083245F8082CF0
:10CC48006360036803F108028218A24207D155F80D
:10CC5800082C9B18083303606368436000E0446055
:10CC6800002038BD140400004804000010B500215D
:10CC78004022044605F04ADC104B2360104B6360E9
:10CC8800104BA360104BE360104B2361104B6361A2
:10CC9800104BA361104BE361104B2362104B63628E
:10CCA800104BA362104BE362104B2363104B63637A
:10CCB800104BA363104BE36310BD00BF00000000DE
:10CCC800F8370100F8370100915C0100945C01001D
:10CCD800BC5F0100BC5F01009C6601009C6601000E
:10CCE800FCB60200FCB602008C6A0300FC000000DF
:10CCF800000100000000000000000000F0B52D4D0C
:10CD080091B06846FFF7B2FF2978002937D1089813
:10CD1800099C241A06D0224605F0F8DB089821461B
:10CD280009F06EDD22462449244805F015DC244B21
:10CD380000241C7001232B70224D09F091DC2B6814
:10CD4800002B33D01A78002A30D09F895E890CE0F6
:10CD58002B681D4AD98910680AF076DC013401462F
:10CD680030B1184B186806F0B1DBA319BB42EFDBF2
:10CD7800164B29681868012206F0ECDB16E0144E01
:10CD8800317899B90A980B9C241A06D0224605F0E6
:10CD9800BDDB0A98214609F033DD08480D492246D3
:10CDA80005F0DADB00232B700123337009F058DC1F
:10CDB80011B0F0BDFC0300009AFB88005539010052
:10CDC8001460010044040000900400002C040000DA
:10CDD8006C600100521E8900014B1868704700BF43
:10CDE800945C0100002070472DE9F04F9DB00AA81F
:10CDF800FFF73CFFFFF7F0FF0446FFF7F3FF0A9B3E
:10CE08000B9A0F99D21A0E9B0D9DC3EB010911992C
:10CE1800109B6E4ECB1A0C99DFF80082C1EB050B04
:10CE280093443268D8F8001002F50052521A4A4466
:10CE3800D2185A44141924180994DFF8E4A1644C50
:10CE4800644F2268DAF800506348AD183A680893CE
:10CE5800C5EB020CCDF81CC005F07EDB089B09F57C
:10CE68007E71019303F57E7307339B0A07310BF537
:10CE78007E72890A073202930823920A009103936B
:10CE880059464B46554805F067DB336820683968D2
:10CE9800DDF81CC00190039300F57E7003F57E73E6
:10CEA8000CF57E7601F57E7207300733800A9B0AFF
:10CEB80007320736B60A920A029004934848634636
:10CEC800009605F049DB099905F57E7201F57E7338
:10CED80007339B0A0732920A00932946099B414867
:10CEE80005F03ADB404B414F1968414805F034DB07
:10CEF8003968404B0A6846469A4203D03E4805F0D6
:10CF08002BDB25E01A910B4604E015683948131D00
:10CF1800854203D11A461BAB9A42F6D333681AAD41
:10CF2800009336482B461A9205F016DB3B681A9A8E
:10CF3800E91A3348D31A0A46009305F00DDB336823
:10CF48001A9A591B2F489B1A0A46009305F004DBCE
:10CF58002D4B1B684BB31A783AB35989DD891A8966
:10CF680001FB05F638354D4306F57E7307339B12F2
:10CF78008DE8280005F57E7307339B12029323483A
:10CF8800334605F0E9DA2368DAF80020991B9B1884
:10CF98005B1B03F57E7001F57E720730800A07324D
:10CFA8000090920A1A4805F0D7DA1A4B1D6809F062
:10CFB80081DD044609F078DD2946034622461648F5
:10CFC80005F0CADA1DB0BDE8F08F00BF04600100AB
:10CFD80014040000F40300008839010097390100A7
:10CFE800D63901001B3A0100F00300006860010017
:10CFF800563A01004B415453713A0100953A0100E9
:10D00800CC3A0100F13A010044040000173B01004A
:10D01800443B0100040400006C3B01001060010067
:10D028004804000008B57146034805F095DA012068
:10D03800BDE8084009F0249E9A3B0100004870476B
:10D04800186001002DE9F34107460C4609F032DD6E
:10D0580010B909F035DD3AE0002620460DF1060149
:10D068006A46ADF80660009607F103080AF072D91F
:10D07800009D28F00308454440F638039D4226D811
:10D088002DB328463146FFF731FD0446F8B1314645
:10D09800009A05F03BDA009BA781ED1AE218C8EB6D
:10D0A800050802EB0803A3606368013D62F31403FB
:10D0B80063601B0C65F34F13E380204609F0DEDC48
:10D0C80001232080A370BDF80630E38104E0044BFF
:10D0D80000241A6801321A602046BDE8FC8100BFAE
:10D0E8004C04000038B50446E389590621D4A278D7
:10D0F800013AD2B2A270002A27D1E27862B1134B6A
:10D10800204653F82250E9890AF0D4D92846214606
:10D11800BDE8384006F0509ADA0516D40C4B204684
:10D12800A360218809F0D4DC2046BDE83840FFF729
:10D1380065BD074B2046A3602188A56B09F0C8DCB4
:10D148002046FFF75BFD2C46CEE738BD5061010055
:10D15800EFBEADDEF8B51F4E01220D463068002146
:10D1680002F0AAFF002108220746306802F0A4FF57
:10D17800022D014610D107EA000414F4806406D099
:10D18800306821F48061002202F096FF2C46FA04F0
:10D198001ED544F004041BE0052D10D107F40064EB
:10D1A800D4F1010438BF0024BB0511D5306841F41F
:10D1B8008061002202F080FF44F0200408E035B9C5
:10D1C800306829460522BDE8F84002F075BF002402
:10D1D8002046F8BD0004000029B9034B1146186821
:10D1E800072202F069BF7047000400002DE9FF47DD
:10D1F8000446FFF723FF2368C462032B03D1474B80
:10D2080018680FF0EFD92368A3F110020F2A04D889
:10D2180004B0BDE8F04709F0CF9B032B0FD1404A7B
:10D22800E36C22F00102934209D1626C06339361E8
:10D23800636C4FF0FF321A6004B0BDE8F087656C8C
:10D24800FFF7CAFD374E636CF169C3EB000A326819
:10D25800354805F081D9A36C21680093636C224698
:10D268000193A36831480293E36800270393E36CB2
:10D2780005F072D9E36904F110010093236A2C4880
:10D288000193636A4FEA9A0A0293A36AB946039321
:10D298000EC905F061D9A36B04F12C010093E36B6F
:10D2A80024480193236CB84602930EC905F054D95B
:10D2B800EB682148009395E80E0005F04DD9EB691D
:10D2C80005F1100100931D480EC905F045D918E075
:10D2D8007A59D3070FD5FF2A0DD9194B9A4204D989
:10D2E80002F16243B3F5801F05D81648394605F0A8
:10D2F80033D909F101090437B9F10F0F08F1010811
:10D3080001D8D045E4D13368002043F4806386E82F
:10D31800180004B0BDE8F04709F0B29C0004000012
:10D32800D1C0800070600100C63B0100DC3B0100F9
:10D33800113C0100443C0100733C0100913C010098
:10D34800F8370100AF3C0100036810B5022B044612
:10D3580003D0084B18680BF0BDDE2046FFF746FFE8
:10D368002368022B05D0034B1868BDE810400BF06A
:10D37800F19E10BD00040000014B1868704700BF03
:10D38800B46001002DE9F04104464C200E461546D4
:10D3980098460AF0D1D80746A0B100214C2205F0E2
:10D3A800B5D84FF4F0637B634FF47A73FB631C23A7
:10D3B8003B640C237B640423C7F80C803E607D60CB
:10D3C800BC60BB643846BDE8F081704710B515F005
:10D3D8004BFF15F059FF15F0B3F816F005F80446A1
:10D3E80015F06CF820461BF0D9FCFFF787FC2046A7
:10D3F800BDE8104009F0AE9A002301E0013340086F
:10D408000028FBD1C3F120007047C0177047431EA6
:10D4180023EA0000FFF7F9BF4840FFF7F8BF22EA08
:10D42800000208401043704708B5FFF7F8FFC0B284
:10D4380008BD2DE9F843DDF8208006460D46144660
:10D448009946002707E0E95DE25D3046FFF7ECFF0B
:10D4580008F8070001374F45F5D1BDE8F88303798F
:10D46800013BDBB2A3EB511300EB83008068D0F1E2
:10D47800010038BF0020704710F0010130B51AD004
:10D4880002230122591E01249DB214FA01F1202D14
:10D4980002D09C40013C01E04FF0FF3400FB02F554
:10D4A8002C40A14234BF891811460133212B0A466A
:10D4B800E8D1084630BD084630BD38B5054600F508
:10D4C8001770FEF3BDF700240AE004F1760005EBBF
:10D4D8008000436813B10430FFF304F70134A4B2A9
:10D4E800B5F85831A342F0D838BD2DE9F041061DF2
:10D4F8009AB004460431304604321D46FEF384F6E1
:10D508000746002D30D0204601210AAA202305F124
:10D518000408FFF3FDF647B920462946FFF368F6ED
:10D528000028D4BF0020012000E001200021FFF7DF
:10D5380073FF3146054642463046FFF3FBF40121AE
:10D5480012AA20232046FFF3E3F602AEE8B20AA9A6
:10D5580012AA20230096FFF76CFF6368204601217A
:10D5680032469B0000F0AEDA1AB0BDE8F081F0B5A3
:10D57800071D9BB004460431384604321D46FFF3AC
:10D58800D9F4064625B320230AAA01212046FFF331
:10D59800BFF630460021FFF73FFF2A1D06463946F1
:10D5A8003846FEF331F6012112AA20232046FFF364
:10D5B800AFF602ADF0B20AA912AA20230095FFF730
:10D5C80038FF6368204601212A469B0000F07ADA7A
:10D5D8001BB0F0BD2DE9F041B8B0154606468846A7
:10D5E800FFF3C4F66A68044602329300502B4FD802
:10D5F800D8F8043003339B00902B49D824A9FFF3B3
:10D6080079F50746002844D06A6805F108019200B8
:10D6180026A804F0F7DED8F804202046694603322D
:10D62800FFF368F50446002833D02846FFF3A2F636
:10D638006D686D01451B00E0203515F11F0FFBDB00
:10D6480020464146FFF306F63DB13846294600F02C
:10D6580079DA2046294600F075DA201D391DFFF3D6
:10D668009FF220463946FFF3C3F5002805DB204624
:10D6780021463A460023FFF77AFF1DB1204669424A
:10D6880000F060DA30462146FFF3E4F5012000E0BF
:10D69800002038B0BDE8F08108B528B1FFF36AF67C
:10D6A800D0F1010038BF002008BD2DE9F041044643
:10D6B800ACB00D461646FFF359F66B6862682B94BA
:10D6C800B2EB430F01D3201D08E001210022DB004B
:10D6D800FFF3CAF42B9000284ED00430291DFFF325
:10D6E800DBF23046FFF7D8FF0121FFF795FE202334
:10D6F8000BAA012180462046FFF30AF62B981BADA2
:10D70800201A18BF01200121FFF786FE2B99074632
:10D718002046FFF39FF5012113AA20232046FFF39B
:10D72800F7F5F8B213A90BAA20230095FFF781FE9D
:10D7380001212A4620232046FFF3EAF532462046F7
:10D748002B99FFF747FF0646B8B1012123AA2023EA
:10D758002046FFF3DDF503AE5FFA88F023A92A46D9
:10D7680020230096FFF765FE32462046012120233C
:10D77800FFF3CEF5012600E006462B9B9C4202D023
:10D788002BA8FFF3AFF530462CB0BDE8F0812DE9AA
:10D79800F74FD2F804A007795FFA8AF991F8048064
:10D7A800144600F1080609F1FF390D4630460021FC
:10D7B800BA005FFA89F9083404F0A8DE013F08F1DD
:10D7C800FF3104EB890B6FEA0909C9B24FEA8909ED
:10D7D800FFB208354FEA880805EB8105CDF80490BB
:10D7E800002306EB8706C8F1000900211DE05FFA57
:10D7F8008AF84FEA88085C46C8EB060830460027D6
:10D808000DE03A46076854F804C90023D2196F5846
:10D8180043F10003E7FB0C2340F804291F46404569
:10D82800EFD1019804393350043E4945DFD1002037
:10D83800BDE8FE8F2DE9F04FBDB088464699D0F877
:10D848000C900C1D8568039400684C6808F104016D
:10D85800049109F1040105910790114628461A46DA
:10D868000023FFF794FF98F8042099F804302E79E4
:10D878000892002109F108009A000835069306F17C
:10D88800FF3A04F043DE039805EB8A0AA500401925
:10D898004FEAC40B0A90CBEB0A0B5146A446002072
:10D8A800AE462BE00B68079A0A9F53430E4609932E
:10D8B8002546002002910EE057F8043931680B9391
:10D8C800002342180B98099943F10003E1FB002358
:10D8D80046F80429184615F1FF35EDD20299A5003E
:10D8E8004D1B07E01E680023821943F1000345F829
:10D8F80004291846AB452B46F4D304391CF1FF3CE8
:10D90800D0D2059A069B754602EB8306CBF8000039
:10D91800CEEB0A0A2246002303E05AF80310F1501E
:10D92800043B013A971CF8D10021D9F80800FFF709
:10D9380073FD0599039A07460498FFF3FBF2022149
:10D948002B4640460CAAFFF3E3F40498089900EB31
:10D95800810303E056F8042943F8042914F1FF343D
:10D96800F8D202211CAA2B464046FFF3D1F42CAC76
:10D97800F8B21CA90CAA2B460094FFF75AFD4046A2
:10D98800022122462B4600F09DD800203DB0BDE87C
:10D99800F08F2DE9F04F04468BB0184609921F46C8
:10D9A8000891FFF3E3F47B6804F5AC7206929B00E0
:10D9B800002200250590A4F8582107932E4668E018
:10D9C80004EB8609D9F80410002960D00698FFF303
:10D9D800D7F0804600285AD101214246079B059876
:10D9E800FFF342F305F1200A04EB8A0ACAF85C0146
:10D9F800D9F8040004EB8503C3F85C01FFF7FCFCCD
:10DA0800C0F11F00C0B204900999DAF85C01FFF375
:10DA180021F4C146DDF810A032E04FF0010B05F10A
:10DA2800200884F860B204EB8808D8F85C1104F583
:10DA3800177C60460A460B46CDF80CC00097FFF7E6
:10DA4800F9FE049ADDF80CC053B2C9EB03030BFAD4
:10DA580003FB04EB86035B681BEA030F0AD0002371
:10DA680084F86032D8F85C116046089A0B46009733
:10DA7800FFF7E0FE0AF1FF3A5FFA8AFA09F10109B5
:10DA88001AF0800FC9D00135EDB2A4F8585101360B
:10DA9800F6B294F84431B34292D801200BB0BDE8F5
:10DAA800F08F2DE9F04F8346ADF52F7D18461C46C3
:10DAB80089469246FFF35AF4676801258046BE00FE
:10DAC80000212422A1A804F021DD294600223346A2
:10DAD8004046A195FFF3C8F2294600223346AB9091
:10DAE8004046FFF3C1F2294600223346AC90404637
:10DAF800FFF3BAF202217B198B40AD90A1AA4046F0
:10DB0800FFF3B2F2AA90AB9800F008D8267904F196
:10DB18000805013EF6B255F8260010F0010000F0A5
:10DB280093804946AA9A2346AC98FFF32DF72346DB
:10DB3800AB99AA9AAD98FFF327F755F82600FFF797
:10DB48009BFC002105464FF41E7203A804F0DEDC9E
:10DB580005236A4221469AA88DF80C30FEF37CF41E
:10DB6800514603A8FEF3DEF3234603A8AC99AD9A09
:10DB7800FFF70FFF9DF8507107F1FF381FFA88F87B
:10DB88000FFA88F3002B4FDB03A800EB83035968D7
:10DB980059A8FEF3BBF61F2846D803A901EB80035A
:10DBA800D3F8DC11AD98FFF355F3C8F10008002550
:10DBB8002DE0AD9901238DF86C329AA80A460B46E0
:10DBC8000094FFF737FEBB1E1BB203A8EA18C31860
:10DBD8005B1993F80431314601369942E9DB00EBD1
:10DBE8008203596891B1002359A88DF86C32FEF36D
:10DBF8008DF61F2818D803A901EB8003AD9900946E
:10DC0800D3F8DC219AA80B46FFF714FE013D4545E1
:10DC18004FF00006D7D19AA85946AD9AAB9B8DF81C
:10DC28006C620094FFF706FE03A8FFF746FCACA859
:10DC3800FFF358F3ADA8FFF355F3ABA8FFF352F386
:10DC4800AAA8FFF34FF301200DF52F7DBDE8F08F53
:10DC58002DE9F04FB3B0039018461C468A46934608
:10DC6800FFF384F3D4F80490012509F10107BF00FC
:10DC780080464FEA890600213A4605A804F046DCAA
:10DC880029460022334640460595FFF3EDF1294623
:10DC9800002233462E904046FFF3E6F12946002243
:10DCA80033462F904046FFF3DFF1294600223346E2
:10DCB80030904046FFF3D8F102213B46319005AA47
:10DCC8004046FFF3D1F12D902E98FFF327F72679E0
:10DCD80004F10805013EF6B255F82600DAF804709A
:10DCE80010F0010000F08B8051462D9A23462F98A2
:10DCF800FFF34AF62E992D9A23463098FFF344F6FF
:10DD080055F82600FFF7B8FB7F014242214626A8B6
:10DD1800FEF3A2F3013F01E0A6F12007BEB2584688
:10DD28003146FFF79CFB0028F6D109F1FF393FB2D5
:10DD38000BF1080AA9EB67175AF82700FFF75CFBF5
:10DD4800361A3BE0309901250A460B4626A88DF87D
:10DD58009C500094FFF76EFD294616AA20233098A0
:10DD6800FFF3D6F230994FF000080B462F9A26A8F9
:10DD78008DF89C800094FFF75DFD1EAA294620239C
:10DD88003098FFF3C5F206F01F0015FA00F0A9EB72
:10DD980067175AF8273041461840FFF73DFB0EAF8A
:10DDA800C0B216A91EAA20230097FFF742FB30989D
:10DDB80029463A462023FFF385F6013EB6B237B22C
:10DDC800002FBFDA00230399309A8DF89C3026A8DB
:10DDD8002E9B0094FFF72EFD26A8FEF331F32FA803
:10DDE800FFF380F230A8FFF37DF22EA8FFF37AF25A
:10DDF8002DA8FFF377F231A8FFF374F2012033B0B6
:10DE0800BDE8F08F2DE9F04FBFB0039018461D46CE
:10DE180089469246FFF3AAF26E6802230124B600EF
:10DE280000278DF8F7300A233C9321463A463346BB
:10DE3800804637973B978DF8F640FFF315F121465A
:10DE48002D903A4633464046FFF30EF121462E9078
:10DE58003A4633464046FFF307F102212F903A46EF
:10DE680033464046FFF300F1214630903A463346A8
:10DE78004046FFF3F9F0214631903A463346404692
:10DE8800FFF3F2F0214632903A4633464046FFF31C
:10DE9800EBF0214633903A4633464046FFF3E4F030
:10DEA800214634900DF1F60223463398FFF30AF623
:10DEB80021460DF1F70223463498FFF303F6214675
:10DEC8003A4633464046FFF3CFF0214635903A466E
:10DED80033464046FFF3C8F0214636903A4633466B
:10DEE8004046FFF3C1F0214638903A463346404653
:10DEF800FFF3BAF0214639903A4633464046FFF3DD
:10DF0800B3F021463A903CAA23463098FFF3DAF55D
:10DF180030982B4602462946FFF729FB03992A46E3
:10DF28002D98FFF7C2FB2B4630992D9A2E98FFF3B8
:10DF38002BF52E992A462F98FFF7B7FB2E982F9A84
:10DF480001462B46FFF7D1FA2E98FFF7A5FB21468D
:10DF5800FFF762FA29468446349A2F982B46CDF863
:10DF680008C0FFF704FB2E992F9A2B463198FFF72C
:10DF78006FFE4A462B4630992E98FFF305F52E98EA
:10DF880029460246FFF374F251462E9A2B463598DD
:10DF9800FFF3FAF452462B462E982946FFF7E7FA84
:10DFA800484629462F9AFFF363F22E982F9A014686
:10DFB8002B46FFF3E9F42F983399319A2B46FFF754
:10DFC80094FA2E992F9A2B463698FFF3DDF42023E6
:10DFD80021461DAA3598FFF39BF12023214625AA47
:10DFE8003698FFF395F1DDF808C00DF1540B5FFA90
:10DFF8008CF01DA925AA3346CDF800B0FFF719FA11
:10E00800334621465A464046FFF32EF02A4601463B
:10E0180037902E98FFF749FB2E98379A01462B46E2
:10E02800FFF3B2F44946379A2B462F98FFF3ACF426
:10E038002E982F9A01462B46FFF757FA52463998E1
:10E048002E992B46FFF751FA30992D9A2B462E9888
:10E05800FFF39AF42B462E99379A3898FFF394F4E5
:10E0680038992A462E98FFF720FB2E98389A0146B1
:10E078002B46FFF389F44946389A2B462F98FFF32D
:10E0880083F42E982F9A01462B46FFF72EFA524614
:10E098003A982E992B46FFF728FA339A2B462E9852
:10E0A8002946FFF764FA2E982146FFF34BF52E9880
:10E0B8002B4602463999FFF7CBFD2E98FFF7ECFA6D
:10E0C800214681462E98FFF3AFF2214640EA090027
:10E0D800FFF7A2F9214681461DAA20233998FFF3AC
:10E0E80017F15FFA89F92023214625AA3A98FFF308
:10E0F8000FF148461DA925AA3346CDF800B0FFF711
:10E1080098F921465A4633464046FEF3ADF7202398
:10E118003B9021461DAA3798FFF3FAF020232146A9
:10E1280025AA3898FFF3F4F00DF1140A48461DA902
:10E1380025AA3346CDF800A0FFF77BF9202328460F
:10E1480021461DAAFFF3E4F006F1FF393EAB9944DE
:10E1580019F8843C03F00303032B03D0444804F06C
:10E16800FBD954E03A46404621463346FEF37CF755
:10E178003B4680462946339A2E98FFF7B6F92E98E3
:10E188000221FFF3DFF42B463B992E9A4046FFF716
:10E198005FFD21461DAA20230398FFF3B9F025AAA5
:10E1A800202321464046FFF3B3F019F8840C19F8F0
:10E1B800641C00F0010001F00101FFF72DF9294668
:10E1C8002B46074642462E98FFF7D1F921461DAA4D
:10E1D80020234046FFF39CF0214625AA20232E98B1
:10E1E800FFF396F00AEB0605F8B21DA925AA3346F7
:10E1F8000095FFF71EF92146524633464898FFF32B
:10E2080061F4499821462A463346FFF35BF42DA86A
:10E21800FFF368F02EA8FFF365F02FA8FFF362F074
:10E2280031A8FFF35FF030A8FFF35CF032A8FFF3EA
:10E2380059F033A8FFF356F034A8FFF353F035A88C
:10E24800FFF350F036A8FFF34DF037A8FFF34AF07C
:10E258003BA8FFF347F038A8FFF344F039A8FFF3D1
:10E2680041F03AA8FFF33EF000203FB0BDE8F08F40
:10E27800E93C010000487047883D010000487047AC
:10E28800103D0100004870474C3D010000487047B0
:10E29800C43D0100012801D1FFF7F0BF022801D1D8
:10E2A800FFF7F0BF032801D1FFF7F0BF042801D121
:10E2B800FFF7E0BF0020704700487047DC600100AE
:10E2C80000487047305D0100014B43F8201070474B
:10E2D80050610100034B53F82000431A584240EBA9
:10E2E800030070475061010042893C2928BF3C2146
:10E2F800034691422CBF084610469881704700009B
:10E3080000F13402342A08B5034606D9054820210D
:10E31800054A04F061D9034808BD044A434252F84B
:10E32800230008BD306101007F3E01000CA2880077
:10E3380038B5049C1D467CB1FF2B0DD002B95BB9E2
:10E348006B1C2070A170637025B11146E01C2A4631
:10E3580004F058D803356419204638BDC0F380400E
:10E3680070470000044B00F44032134303420CBFD3
:10E3780000200120704700BFD091540038B50546F1
:10E38800FFF7F0FF38B10B4B2B4033B915F490046D
:10E3980018BF182402E0044600E01024284605F0BF
:10E3A800BDDF20B1034B2B40002B18BF10242046A3
:10E3B80038BD00BFC4D1040000487047685D010043
:10E3C80000487047785201000020704708B5FFF7F1
:10E3D800F3FF41780278012313FA01F113FA02F2EC
:10E3E8000A4381788B4042EA030008BD2DE9F743D0
:10E3F8004FF0000804460F46164699464546012345
:10E4080003FA08F313EA090F2BD063692046222B7D
:10E418000ADDE3695A0607D540F6270100220EF007
:10E42800AFDA0146204600E000214FF4C4620EF046
:10E4380047D9C0F8008063692046222B0ADDE369CA
:10E448005B0607D540F6270100220EF099DA01464F
:10E45800204600E0002140F224620EF031D9036822
:10E468001D4308F10108B8F11F0FC8D19DF82830E5
:10E478004BB145B10123009320462B46394632461D
:10E48800FFF7B4FF05432846BDE8FE83816838B529
:10E4980040F63C039942044628D1C3680B2B03D8A5
:10E4A8004FF0A871994001D40C2B1FD949F21823B9
:10E4B8009A4205D049F640439A4217D10C4D00E0E4
:10E4C8000C4D63692046222B0ADDE369590607D5FE
:10E4D80040F6270100220EF053DA0146204600E0FC
:10E4E800002140F2DC620EF0EBD8056038BD00BFB9
:10E4F80099010100B601010038B543690446222B91
:10E508000ADDC3695D0607D540F6270100220EF033
:10E5180037DA0146204601E0204600214FF4C06268
:10E528000EF0CED80568204605F07C05AD08FFF74B
:10E5380047FF03E08378AB4207D00C3010B1038863
:10E54800002BF7D12046FFF73FFF03884FF47A707E
:10E55800584338BD70B5044616460D460AF0B0DD7E
:10E5680094F86023094B002818BF0123012A94F866
:10E57800682308BFD4F85C33012A0CBFD4F864239D
:10E588006FF000422B60326070BD00BF0100820E48
:10E598002DE9FF471D46436990460022222B044679
:10E5A80089460292039209DDC3695F0606D540F6E3
:10E5B80027010EF0E5D90146204601E0204600215A
:10E5C8004FF4C4620EF07CD80560236A20460C2BF9
:10E5D800636916DD222B0ADDE3695E0607D540F67E
:10E5E800270100220EF0CCD90146204600E0002188
:10E5F8004FF4C5620EF064D807683F0CBF05BF0D25
:10E6080014E0222B0ADDE369590607D540F62701F5
:10E6180000220EF0B5D90146204600E000214FF453
:10E62800C5620EF04DD807683F0AFFB20123AB4020
:10E6380000262046494642460096FFF7D7FE054683
:10E64800012212FA06F32B4207D0009220464946CF
:10E658004246FFF7CBFE25EA000501361F2EEFD113
:10E66800204602A903AAFFF775FF029B002625EAA8
:10E67800030A35460123AB4013EA0A0F08D02046A7
:10E6880049464246EBB2FFF783FF864238BF06464B
:10E6980001351F2DEED1B81C801904B0BDE8F087F4
:10E6A8002DE9F041069E044615461F46FFF78EFEEB
:10E6B800002870D010EA060800EA07072CD0636922
:10E6C8002046222B0ADDE3695A0607D540F62701C2
:10E6D80000220EF055D90146204600E0002140F204
:10E6E8001C620DF0EDDF63690646222B20460ADD29
:10E6F800E3695B0607D540F6270100220EF040D9F2
:10E708000146204600E0002140F21C620DF0D8DFEF
:10E71800036843EA08033360002F2BD0636920465F
:10E72800222B0ADDE3695E0607D540F627010022A1
:10E738000EF026D90146204600E000214FF4C362BE
:10E748000DF0BEDF63690646222B20460ADDE36929
:10E75800590607D540F6270100220EF011D90146C7
:10E76800204600E000214FF4C3620DF0A9DF0368E2
:10E778001F433760079B9A0305D4BDE8F0810A2040
:10E7880008F0C8DB01E040F2DD54D5F8E0319B0326
:10E7980001D4013CF3D1BDE8F081F7B51E464369C9
:10E7A8000446222B0F4615460BDDC3695A0608D5C9
:10E7B80040F6270100220EF0E3D8009701462046D4
:10E7C80002E00097204600214FF0FF334FF4CA6261
:10E7D8000EF026DC6369222B0CDDE3695B0609D5A4
:10E7E80040F62701204600220EF0CAD800960146BE
:10E7F800204602E000962046002140F254622B4653
:10E808000EF00EDCFEBDF7B51E4643690446222B0A
:10E818000F4615460BDDC3695B0608D540F6270190
:10E8280000220EF0ADD800970146204602E000977E
:10E83800204600214FF0FF334FF4CB620EF0F0DB9F
:10E848006369222B0CDDE369590609D540F62701D7
:10E85800204600220EF094D800960146204602E099
:10E8680000962046002140F25C622B460EF0D8DB71
:10E87800FEBDF7B51E4643690446222B0F461546D2
:10E888000BDDC369590608D540F6270100220EF0B2
:10E8980077D800970146204602E0009720460021DD
:10E8A8004FF0FF334FF4CC620EF0BADB6369222BD2
:10E8B8000CDDE3695A0609D540F6270120460022F7
:10E8C8000EF05ED800960146204602E000962046EB
:10E8D800002140F264622B460EF0A2DBFEBD4369C4
:10E8E80013B5222B04460DDDC3695B060AD540F635
:10E8F800270100220EF044D84FF4806301460093AC
:10E90800204604E04FF480630093204600214FF432
:10E91800C0620EF085DB1CBD2DE9F04F013AD2B282
:10E92800082A85B004469A4615D8374B9E5C374B63
:10E938009F5C374B13F80290364B9B5C0393364B26
:10E9480013F802B0354B9B5C0293354B13F80280E9
:10E95800344B9D5C07E00025A8460295AB4603951D
:10E96800A9462F462E466369222B0DDDE3695B0617
:10E978000AD540F62701204600220EF001D8CDF82E
:10E9880000900146204603E0CDF800902046002183
:10E998004FF0FF334FF4CB620EF042DB6369222B5A
:10E9A8000FDDE36958060CD540F627012046002202
:10E9B8000DF0E6DF07EA0A03B3400146009320465C
:10E9C80005E007EA0A03B34020460093002117FA3E
:10E9D80006F340F25C620EF023DB039B83B148FA36
:10E9E8000BF208EA0A0848FA0BFB2046029C294663
:10E9F800A2400BFA04F305B0BDE8F04FFFF703BFE0
:10EA080005B0BDE8F08F00BF5C5101006551010001
:10EA18006E5101007751010080510100EC53010053
:10EA2800F8510100015201002DE9F84304468946D6
:10EA38000DF040DE0021064620460EF0EBDB804656
:10EA48002046FFF7B9FC074620460EF055DA49463E
:10EA5800054642463B782046FFF79AFD0B230230D5
:10EA68005843074B3146EB18B3FBF5F545432046B1
:10EA78000EF0D0DB0A23B5FBF3F5A8B2BDE8F883A6
:10EA88003F420F0038B543690446222B0ADDC369AB
:10EA98005D0607D540F6270100220DF071DF01461B
:10EAA800204601E02046002140F214620DF008DE05
:10EAB80063690568222B20460ADDE369590607D5F4
:10EAC80040F6270100220DF05BDF0146204600E0FA
:10EAD800002140F214620DF0F3DD03689D4214D06A
:10EAE80063692046222B0ADDE3695A0607D540F6FA
:10EAF800270100220DF044DF0146204600E00021F6
:10EB080040F214620DF0DCDD0568284638BD38B5E2
:10EB18001C461D68FFF7B6FF03462360401B38BD3F
:10EB28002DE9F743002504460F46164698469DF8FA
:10EB380028900195FFF7A6FF019063692046222BD4
:10EB48000ADDE3695B0607D540F6270100220DF0D0
:10EB580017DF0146204600E000214FF4C2620DF0A5
:10EB6800AFDDB9F1010F006801D108B90EE050B965
:10EB7800B8EB451F09D920463946324601ABFFF7A5
:10EB8800C6FF2D18D9E7002000E001200B9B6D017E
:10EB98001D60BDE8FE832DE9F04F002685B0804654
:10EBA800894692460396012503AF40464946524698
:10EBB80043F6982300950197FFF7B2FF044688B9FA
:10EBC8008DE881004023404649465246DDF80CB0A6
:10EBD800FFF7A6FF039B38B99B445E4443F697238F
:10EBE8009E42E0D9284600E0204605B0BDE8F08FF7
:10EBF8002DE9F843994643690446222B0E461546EB
:10EC0800DDF82080099F0ADDC3695A0607D540F65A
:10EC1800270100220DF0B4DE0146204601E020461F
:10EC280000214FF4C3620DF04BDD03682046C9F89C
:10EC380000306369222B0ADDE3695B0607D540F6DD
:10EC4800270100220DF09CDE0146204600E000214D
:10EC580040F21C620DF034DD03682046C8F800302D
:10EC6800D5F8E0313B60FFF7B1FB0746002872D0CA
:10EC7800D5F8E031990304D4204631462A46FFF7F7
:10EC88008AFF63692046222B0ADDE3695A0607D505
:10EC980040F6270100220DF073DE0146204600E011
:10ECA80000214FF4C3620DF00BDD63690646222B89
:10ECB80020460ADDE3695B0607D540F627010022F6
:10ECC8000DF05EDE0146204600E000214FF4C362ED
:10ECD8000DF0F6DC0368FF433B4033606369204670
:10ECE800222B0ADDE3695E0607D540F627010022DC
:10ECF8000DF046DE0146204600E0002140F21C628D
:10ED08000DF0DEDC63690646222B20460ADDE36946
:10ED1800590607D540F6270100220DF031DE0146DD
:10ED2800204600E0002140F21C620DF0C9DC0368B7
:10ED380040F2DD541F40376002E00A2008F0EAD8AC
:10ED4800D5F8E0319A0301D5013CF6D16420BDE83D
:10ED5800F84308F0DF98BDE8F88337B5044601ABFF
:10ED68004FF400616A460EF063DA63692046222B8D
:10ED78000ADDE3695D0607D540F6270100220DF09C
:10ED8800FFDD0146204600E000214FF4CE620DF081
:10ED980097DC056815F0005316D063692046222BCE
:10EDA8000ADDE369590607D540F6270100220DF070
:10EDB800E7DD0146204600E000214FF4CE620DF069
:10EDC8007FDC0560012500E01D4620469DE8060021
:10EDD8000EF04CD928463EBD70B504460E460DF0DF
:10EDE80069DC0021054620460EF014DA3146024659
:10EDF8002046FFF781FB2946064620460EF00ADA30
:10EE0800304670BD014B1860704700BF9461010027
:10EE1800F8B5484F04463A68002A40F089804369AB
:10EE2800222B09DDC3695B0606D540F627010DF0E4
:10EE3800A7DD0146204601E02046002140F2146289
:10EE48000DF03EDC63690568222B20460ADDE36984
:10EE58005E0607D540F6270100220DF091DD014638
:10EE6800204600E0002140F214620DF029DC03681E
:10EE78009D4214D063692046222B0ADDE3695906B6
:10EE880007D540F6270100220DF07ADD014620461D
:10EE980000E0002140F214620DF012DC056842F235
:10EEA800107008F037D863692046222B0ADDE36921
:10EEB8005A0607D540F6270100220DF061DD01460C
:10EEC800204600E0002140F214620DF0F9DB63698E
:10EED8000668222B20460ADDE3695B0607D540F663
:10EEE800270100220DF04CDD0146204600E00021FC
:10EEF80040F214620DF0E4DB03689E4214D06369AB
:10EF08002046222B0ADDE3695E0607D540F6270175
:10EF180000220DF035DD0146204600E0002140F2D8
:10EF280014620DF0CDDB0668751B642675433D60E1
:10EF38003868F8BD946101002DE9F74F044688460A
:10EF480091461F460DF0E8DF8346002840F0D9803F
:10EF580020460DF0AFDB5946824620460EF05AD9BE
:10EF6800636905462D2B0CD1D0F8F430B9F1000FA8
:10EF780002D023F0007301E043F00073C5F8F430C9
:10EF8800B8E02046FFF718FAC37801269E4000F043
:10EF9800B180B9F1000F5ED063692046222B0ADDEB
:10EFA800E369590607D540F627015A460DF0E8DC13
:10EFB8000146204600E000214FF4C3620DF080DBDB
:10EFC800036841463B6043EA060701230093204655
:10EFD8003B462A46FFF70AFA63690743222B204675
:10EFE8000ADDE3695A0607D540F6270100220DF02D
:10EFF800C7DC0146204600E000214FF4C3620DF053
:10F008005FDB414607602A462046FFF7C4FD4FF400
:10F018007A7007F07FDF40F2DD5702E00A2007F040
:10F0280079DF63692046222B0ADDE3695B0607D591
:10F0380040F6270100220DF0A3DC0146204600E03F
:10F04800002140F20C620DF03BDB0368334242D1F1
:10F05800013FE3D13FE03A689AB963692046222B21
:10F0680009DDE3695F0606D540F627010DF088DC67
:10F078000146204600E000214FF4C3620DF020DB7A
:10F08800026822EA06070123009320463B464146D0
:10F098002A46FFF7ABF96369074337420CBF0026DE
:10F0A8000126222B20460ADDE369590607D540F6DA
:10F0B800270100220DF064DC0146204600E0002113
:10F0C8004FF4C3620DF0FCDA414607602A46204639
:10F0D800FFF761FD00E0012640F22D1702E00A204B
:10F0E80007F018DF2B6903F48053B3EB063F01D018
:10F0F800013FF4D12046514603B0BDE8F04F0EF071
:10F10800899803B0BDE8F08FF0B589B004460D4684
:10F1180006AA07AB4FF400610EF08AD829462046AC
:10F12800FFF75AFE4FF47A760022B0FBF6F6134644
:10F1380002212046FFF79DFB00220746134600F0F8
:10F148000F0503212046FFF794FB4FF680733B40E1
:10F15800DF094FF4000320F07F42009303A804A9BD
:10F16800334603F09DDE05A80399049A18237743D4
:10F1780003F0DADE05B92D60059A4FF400630093B9
:10F188004FF4805303A804A9BA1893FBF5F303F0CE
:10F1980087DE02A80399049A0C2303F0C5DE2046F3
:10F1A8000699079A0DF062DF029809B0F0BD10B514
:10F1B80004460DF0E7DE01462046BDE81040FFF7A3
:10F1C800A3BF70B504461646FFF7F1FF636905460D
:10F1D800222B20460ADDE3695B0607D540F62701A6
:10F1E80000220DF0CDDB0146204600E000214FF45F
:10F1F800CC620DF065DA04230360D6F864364FF468
:10F208007A70DBB2B5FBF3F5684370BD70B50446A0
:10F218000E460DF04FDA0021054620460DF0FADFC4
:10F22800314602462046FFF7CCFF294606462046CF
:10F238000DF0F0DF304670BDFFF7E8BF37B5044684
:10F24800FFF7B5FF4FF400616A4601AB054620465B
:10F258000DF0EEDF0022134620460421FFF709FBDC
:10F2680000F47F40030A00B91B60B5FBF3F52046A4
:10F278009DE806000DF0FADE28463EBD70B504464E
:10F288000E460DF017DA0021054620460DF0C2DFC4
:10F29800314602462046FFF77EFC2046FFF78CF8F1
:10F2A80063690646222B20460ADDE3695A0607D51C
:10F2B80040F6270100220DF063DB0146204600E0FE
:10F2C800002140F20C620DF0FBD9F378012111FA0C
:10F2D80003F3026829461A420CBF0026012620467D
:10F2E8000DF098DF304670BD70472DE9FF47836EFB
:10F2F800002204460D460292039263B1D0F8CC1066
:10F3080000EB8101D1F8D400216E884205D1606EEE
:10F318009847814602E0994600E0914620460DF064
:10F32800C9D90021824620460DF074DF02A9804623
:10F3380003AA2046FFF70EF9029F00260396F7B1AD
:10F348003B462046294642460096FFF74FF8636938
:10F358003843222B029020460ADDE369590607D577
:10F3680040F6270132460DF00BDB0146204600E04F
:10F3780000214FF4C3620DF0A3D9029B0360039EE2
:10F38800FEB1002733462046294642460097FFF73C
:10F398002DF863693043222B039020460ADDE36988
:10F3A8005A0607D540F627013A460DF0E9DA014634
:10F3B800204600E0002140F21C620DF081D9039B39
:10F3C8000360294642462046FFF7E5FB20465146A2
:10F3D8000DF020DFE36E5BB1D4F8CC2004EB8202A1
:10F3E800D2F8D410226E914202D1606E49469847F5
:10F3F800BDE8FF8710B500220C4608F0B1D8A0B9C7
:10F408000A4B1B688BB11A787AB1DA8994420CD806
:10F41800184604F0E1D820B1054B1A6801321A6089
:10F4280010BD044B1A6801321A6010BD4404000074
:10F43800986101009C610100037E2BB14069D0F105
:10F44800010038BF0020704701207047014B03EBD3
:10F45800C0007047A0610100014B03EBC00070477A
:10F46800C061010070B50C46164609F0B3DD80B1E5
:10F4780000252846FFF7F0FF03681BB980E8500015
:10F48800184670BD0135EDB2042DF2D14FF0FF30B2
:10F4980070BD4FF0FF3070BD6FF0160070477047B9
:10F4A8007047000003682DE9F041C0F82031436837
:10F4B8000022C0F824318368C0F82831C368C0F836
:10F4C8002C310369C0F830314369C0F8343183699D
:10F4D800C0F83831C369C0F83C3100F59073534E19
:10F4E8001C69DF699559D3F814C07D194FEAB41720
:10F4F80087EAF42787EA7467ED199F6927EA040702
:10F5080004EA0C047C402C198D1811F802C0EF781D
:10F51800043247EA0C6795F801C0AD7847EA0C4712
:10F5280047EA05256419DD61DD68402A2544DD6068
:10F5380093E8A01087EA0C0808EA05080CEA070C0B
:10F5480088EA0C074FEAB50C8CEA753C8CEAB5558D
:10F558003D442C4443F8044DC1D100F1E00306F1C9
:10F568003C0500F120071A6955F8044FD9695E690E
:10F5780061184FEAB21484EAF22484EA7264091921
:10F588009C69D3F85CC024EA0204324062409E6B56
:10F598005C6A66444FEA744C8A188CEAF44C996D9C
:10F5A8008CEA942434194FEAF11686EAB14686EAC1
:10F5B800D10161185218D961D9688918D96093E8BE
:10F5C800520084EA060C0CEA010C26408CEA060478
:10F5D8004FEAB10686EA713686EAB1516118891890
:10F5E80043F8041DBB42BED1036842685918436AF8
:10F5F8000160D31843608268836AD3188360C26845
:10F60800C36AD318C3600269036BD31803614269E4
:10F61800436BD31843618269836BD3188361C269D2
:10F62800C36BD318C361BDE8F08100BFC0540100AB
:10F63800F0B5034696100F46002510E057F8044B26
:10F6480001354FEA146C83F800C04FEA144C83F874
:10F6580001C04FEA142C83F802C0DC700433B542B1
:10F66800ECDB26EAE67312F0030200EB83000AD013
:10F6780051F823401821002334FA01F5C554013309
:10F6880008399342F8DBF0BD004870476454010024
:10F69800D0F8B43170B5D318934204460E461546D7
:10F6A800C0F8B43104D2D0F8B0310133C0F8B03169
:10F6B800D4F8AC21AB183F2B0AD8A21802F5B670C3
:10F6C80031462A4602F09EDED4F8AC315D1925E0B9
:10F6D800E2B1A0183146C2F1400200F5B67002F05E
:10F6E80091DED4F8B831201D04F5B6719847D4F8E6
:10F6F800AC31C3F14002403BB6185D1906E0314613
:10F70800D4F8B831201D98474036403D3F2DF6DCEF
:10F7180004F5B67031462A4602F074DEC4F8AC51DE
:10F7280070BD0000012910B5044640F8041B05D13E
:10F738000A4B0B49C4F8B831142204E0094B0A49B2
:10F74800C4F8B831202202F05DDE0020C4F8AC0114
:10F75800C4F8B001C4F8B40110BD00BF0D430000E7
:10F76800C055010045400000A0540100F8B504460A
:10F7780000F5AA760D4600F58A7721463046142210
:10F7880002F040DE30696649726841183068331FFC
:10F7980001EBF061F06820EA020CB06810408CEAD6
:10F7A8000000091846F8041C687895F800C00004A1
:10F7B80040EA0C6095F803C04FEAB20240EA0C0038
:10F7C80095F802C0043540EA0C2041189F42306188
:10F7D80046F8041C72601E46D4D304F5827530695D
:10F7E8004F497268411853F80409F76801EBF06152
:10F7F800B06827EA0207104078400918376BF069AB
:10F808004FEAB2027840B76C72607840376D784042
:10F818004FEAF0703061081846F8040C043EAB4219
:10F82800DDD804F1B4061A4615693E4950686918CE
:10F8380053F80459D76801EBF561956845407D4058
:10F848004919176BD5694FEAB0007D40976C506035
:10F858007D40176D7D404FEAF57515614D1942F8E9
:10F86800045C043AB342DFD804F1640C1A46156903
:10F878002D49101D691853F80459C1C801EBF561E9
:10F8880086EA07050540374085EA07068919D569DC
:10F89800166B4FEAB0007540966C50607540166D57
:10F8A80075404FEAF57515614D1942F8045C043A44
:10F8B8006345DCD804F114061D691C4958686918A9
:10F8C8001D68DF6801EBF5619D681A4645407D407B
:10F8D80049191F6BDD694FEAB0007D409F6C586085
:10F8E8007D401F6D7D404FEAF57549191D6143F84C
:10F8F800041C043B9E42DFD3236859182160136817
:10F908006168CB1863605368A168CB18A360E1688D
:10F918009368CB18E3602169D368CB182361F8BDDD
:10F928009979825AA1EBD96EDCBC1B8FD6C162CA09
:10F9380030B5034685B00C4615466846194607F0AB
:10F94800B3DE20466946102DB4BF2A46102202F0C5
:10F9580059DD05B030BD07F0039F08B507F0ECDEB0
:10F96800002008BD38B504460D46FFF78DFE034656
:10F97800E4B10022226062600122AA4001680A42C2
:10F988000AD100F114014069024204D103F12801AF
:10F998009B6A1A420DD00B4604F110006360256083
:10F9A800A0609B6829469847002038BD6FF0010089
:10F9B80038BD6FF0160038BD08B5436813B1DB6871
:10F9C8008068984708BD08B5436813B11B6980680B
:10F9D800984708BD013806289ABF024B18560020E0
:10F9E800704700BFD4550100F8B5044600680E46BC
:10F9F8001546FFF7EFFF00284AD0D4F8AC21802144
:10FA0800A31883F86C11531CA842B8BF0546382BBD
:10FA1800C4F8AC3111D9A01800F5B6700021C2F1B4
:10FA28003F02013002F072DDD4F8B831201D04F530
:10FA3800B67198470023C4F8AC31D4F8AC21002142
:10FA4800A01800F5B670C2F1380202F05FDDD4F8F4
:10FA5800B021D4F8B431D20042EA5372DB00C4F8C2
:10FA6800B021C4F8B431082204F5D27004F5D87175
:10FA7800271DFFF7DDFD384604F5B671D4F8B83117
:10FA88009847304639462A46BDE8F840FFF7D0BDCA
:10FA9800F8BD07280AD84FF0C243834004D44FF07A
:10FAA800F053834004D401E04020704700207047A1
:10FAB800802070472DE9F0470C46B0B090469A4632
:10FAC8000746002846D00846FFF784FF81462046AF
:10FAD800FFF7DFFF5045064607F1800513DA214698
:10FAE8002846FFF73FFF414652462846FFF764FF86
:10FAF800284620A94A46FFF766FF4E45B4BFB246DE
:10FB0800CA460DF18008002309E018F8032082F0A6
:10FB1800360182F05C020DF80310FA5401335345A4
:10FB2800F3DB2AEAEA7A07E036230DF80A305C2389
:10FB380007F80A300AF1010AB245F5DB21462846E2
:10FB4800FFF710FF044638B9284669463246FFF7E2
:10FB580033FF01E06FF00104204630B0BDE8F087C4
:10FB680010B18030FFF728BF70472DE9F843DDF862
:10FB7800208004461546994661B10E46002707E0E5
:10FB880032881AB120467168FFF7EAFF0137083654
:10FB9800AF42F5DBB9F1000F09D0B8F1000F06D07C
:10FBA800204649464246BDE8F843FFF7D9BFBDE8BD
:10FBB800F8832DE9F0478A4690B09046064600281B
:10FBC8002BD0D0F8807000F180043846FFF761FF31
:10FBD80081463846FFF7FEFE05462A462046694616
:10FBE800FFF7F1FE39462046FFF7BCFE20463146B6
:10FBF8004A46FFF7E1FE204669462A46FFF7DCFE43
:10FC0800204669462A46FFF7DEFE504669464545C6
:10FC1800B4BF2A46424602F0F5DB10B0BDE8F087D3
:10FC2800F0B51446ADF5337D07460E461D4602A8CD
:10FC3800234639463246FFF73DFF044660B9BA9B72
:10FC480002A800932946B89AB99BFFF78EFF02A82D
:10FC5800BB99BC9AFFF7ADFF20460DF5337DF0BD8B
:10FC68002DE9F04F93B01E9F81468B4692461C4665
:10FC78001F9D002F68D0002D68D02BB1184602F0C8
:10FC8800F1DC00F1010800E098464846FFF7A2FEC3
:10FC9800064600285CD0431EEB1893FBF0F3FF2BBD
:10FCA800079355DC4FF6FF73984551DC1D9A9A422D
:10FCB8004EDC2B4BADF83420002C08BF1C461C9B97
:10FCC80001220E9312AB03F8012D10930323009326
:10FCD8000023ADF82400ADF83C2001930293A8421C
:10FCE800D4BF049004955946484652460BAB0C9431
:10FCF8000A97ADF82C800397FFF792FF0446002877
:10FD08002AD14FF0020819E0AD1B002D0A9723DD18
:10FD180004230093002301930293BF1948465946D0
:10FD2800524609AB8DF847800397B542D4BF049576
:10FD38000496FFF775FF08F1010860B9079A08F102
:10FD4800FF339342E0DD07E03C4605E02C4603E044
:10FD58006FF0160400E00446204613B0BDE8F08FAB
:10FD680005EA89000B4B10B51A681C46904204D16D
:10FD78005A68914201D1184610BD6369054A9842F4
:10FD880006D19069143281420CBF1046002010BD84
:10FD9800002010BD6C5D010073B504460CF0F6DE62
:10FDA80014237422204640F60C410CF04FDE204606
:10FDB800012104220DF030D82046022104220DF042
:10FDC8002BD801250021204640F61C624FF0FF3356
:10FDD80000950CF0A7DE112300930021204640F681
:10FDE80018624FF0FF330CF09DDE41F202130093CE
:10FDF8000021204640F644424FF0FF330CF092DEDB
:10FE0800F32320464FF45E614FF0FF320CF01EDE04
:10FE18000023204640F6F8514FF0FF320CF016DE72
:10FE28000023204640F6E4514FF0FF320CF00EDE7E
:10FE38000823204640F6EC514FF0FF320CF006DE66
:10FE48000023204640F6E8514FF0FF320CF0FEDD6B
:10FE5800DB2320464FF45D614FF0FF320CF0F6DDF6
:10FE68000C220023204640F654410CF0EFDD284BCD
:10FE780000210093204640F6BC524FF0FF330CF0AF
:10FE880051DE244B29460093204640F6BC524FF0E1
:10FE9800FF330CF047DE204B02210093204640F64A
:10FEA800BC524FF0FF330CF03DDE2A462B4620466D
:10FEB80040F624610CF0CADD40F6FF730093002180
:10FEC800164E204640F6B4524FF0FF330CF02ADEAF
:10FED8000021204640F6B8524FF0FF3300960CF050
:10FEE80021DE4BF6982300932946204640F6B85267
:10FEF8004FF0FF330CF016DE20464FF45C614FF0F4
:10FF0800FF32334602B0BDE870400CF09F9D00BF41
:10FF1800101112131415161718191A1B10325476CB
:10FF280013B50C4602B949B1084913B10B681C4016
:10FF380003E00B681C4324EA0304224000920021DA
:10FF4800702223460CF0BADB1CBD00BFA4040000DD
:10FF580013B5144642690A2A0FDD29B1012905D0D3
:10FF680002290AD1842202E0782200E07C22009350
:10FF7800002123460CF0A2DB01E04FF0FF301CBD4E
:10FF88002DE9F04104460CF07BDF00210A460B46C0
:10FF980007462046FFF7C4FF00210A460B460646DF
:10FFA8002046FFF7D5FF00220546022120461346CA
:10FFB800FFF7CEFFD4F8788015E0D8F8083083B181
:10FFC80098F80420002AD8F80C200CBF2846384698
:10FFD80000EA020012D03240904202D0D8F8001055
:10FFE8009847D8F81080B8F1000FE6D1204641466E
:08FFF8002A462B46BDE8F0414A
:020000041002E8
:10000000FFF7AABF0028EDD1EFE74FF4803070472B
:1000100038B500251D70D1F8CC304FF40061136065
:100020002A4604460DF0ECD8054638B1D0F8E03148
:10003000DA0103D4204601210DF0BCDC284638BD8E
:1000400073B504460DF02AD818B920460DF0D2D861
:1000500060B3204621466A460DF10703FFF7D8FF3B
:100060000646C0B140F22D1502E00A2006F056DF28
:10007000D6F8D431180706D4013DF6D103E00A20A2
:1000800006F04CDF01E040F22D15D6F8D4315907C7
:1000900001D5013DF3D1204600210DF08BDC9DF808
:1000A00007301BB9204600990DF0B8D87CBD10B5BB
:1000B000044607F0CDD82046FFF7C2FF012010BD4F
:1000C000F0B585B004460D4617460DF093D80028CC
:1000D00000F09480A66E6EB1D4F8CC3004EB8303AC
:1000E000D3F8D420236E9A4203D1606EB0470646FF
:1000F00000E000262046214602AA0DF10F03FFF77B
:1001000087FF002863D0082F61D8DFE807F00514C7
:100110001C2735404A550D000095204600214FF41C
:100120009C724FF0FF334EE00021009120464FF4C7
:100130009C720B4647E04FF0FF33009320460021AE
:100140004FF49A723FE0002120464FF4EC720B46C8
:1001500000910CF0B7DA00F0010539E025B1202359
:1001600000932046002103E0022300932046294605
:100170004FF4E872222326E0002120464FF49A72C1
:100180000B4600910CF09EDAC0F3C02520E0002160
:1001900020464FF4E0720B4600910CF093DAC5B2A2
:1001A00016E0002120464FF49A720B4600910CF0A5
:1001B00089DAC0F340250BE0EDB20095204600211E
:1001C0004FF4E072FF230CF07DDA054600E00125D4
:1001D0009DF80F301BB9204602990DF01FD8E36E31
:1001E0006BB1D4F8CC2004EB8202D2F8D410226E8A
:1001F000914204D1606E3146984700E0054628469A
:1002000005B0F0BD00487047C05D01000020704798
:1002100010B50C4641B18B6823B9C06F09680EF068
:1002200029DBA060A06810BDC06F10BD1FB5084AD3
:1002300003460092074A08460192074A0749126896
:1002400002921A68064B02F0D5DB05B000BD00BF74
:10025000145601004039010090600100E55501008D
:100260000856010008B1D0F888007047642910DCF6
:10027000632921DA4A291FD005DC07291FDB082959
:100280001ADD3C2912E0502916D018DB5C3903290D
:1002900011E0C32904DCC2290EDAA83902290AE0D8
:1002A000B1F5847F08D003DCB1F5807F07D103E08E
:1002B000A1F58971012902D86FF01600704700205E
:1002C000704700207047C88810F0080018BF6FF012
:1002D000160070474A6810B593424C8829DBE30644
:1002E00003D503681B7E002B26D1210703D50368A5
:1002F0001B7E002B23D0A20602D5437E002B21D0EB
:10030000630722D414F0030322D002994CF05EDE7E
:1003100000281FD0E10702D58379002B1DD114F0EE
:1003200002041DD08379002B0CBF6FF00500002064
:1003300010BD6FF0010010BD6FF0040010BD6FF034
:10034000030010BD6FF00A0010BD6FF0160010BD65
:10035000184610BD6FF01D0010BD6FF0060010BDF7
:10036000204610BD37B50546900723D58C6A0CB3DF
:10037000A168226963680905C3F30043117A44BF89
:1003800043F00203DBB211B1D2F8080101E0D2F868
:1003900004017F228DE80C000022383004F13C017A
:1003A000134675F081DB2846214603B0BDE8304096
:1003B0007CF0E69F03B030BD2DE9F04F87B00023FD
:1003C0000F4610AC1599049305938046934694E824
:1003D0007002DDF850A04CF0F9DDB7F90630002BC3
:1003E0001ADA1BF0010FB9883A890CD04900CDF810
:1003F00000900196CDF80890CDF80CA0D8F8100028
:100400000131334605E08DE86006D8F81000490058
:10041000234607F0B3FD0FE0032D0BD9042204A8F7
:10042000214601F0F3DF072D04D905A8211D042280
:1004300001F0ECDF6FF0160007B0BDE8F08F0000B0
:1004400038B50C4605460846484902F0D3DA484913
:10045000204602F0CFDA4749204602F0CBDA46497F
:10046000204602F0C7DA4549204602F0C3DA444983
:10047000204602F0BFDA2046424902F0BBDAD5F846
:10048000340137F043DA20B9D5F8380139F0DEDA33
:1004900018B120463C4902F0ADDAD5F8340137F006
:1004A00035DA18B12046394902F0A4DAD5F8380116
:1004B00039F0CCDA18B12046354902F09BDAD5F88C
:1004C00030013AF001DC18B12046324902F092DAEC
:1004D000D5F8300105F0ACF918B120462E4902F0EC
:1004E00089DA20462D4902F085DAD5F84C0165F00D
:1004F0004FDF18B120462A4902F07CDA2B6893F8C6
:100500003B301BB12046274902F074DA26492046C9
:1005100002F070DA2549204602F06CDA2B6A18697D
:1005200009F020FC820707D52149204602F062DA53
:100530002046204902F05EDA20461F4902F05ADACE
:1005400020461E4902F056DA20461D4902F052DAD2
:1005500020461C4902F04EDA20461B4902F04ADAD6
:100560001A492046BDE8384002F0449A1D56010061
:1005700021560100265601002B5601003456010079
:100580003D56010041560100465601004D560100FE
:1005900057560100615601006A560100735601006A
:1005A00082560100875601008E56010095560100C3
:1005B000A1560100AA560100B7560100BC56010021
:1005C000C6560100CB560100D0560100D856010096
:1005D00030B585B0054668460C4602F0F5D9284688
:1005E0006946FFF72DFF204605B030BD2DE9F04FDD
:1005F00003F00103A9B004461493D4F87C341069C5
:100600001B680E46C358D0F858131B7891460F93B9
:10061000D4F88034B2681B681991C35808901B78CD
:1006200009921593138860680B9303F00C039B08E1
:10063000022B08BF0B9913930B9A0CBFC1F3C01385
:100640000023DBB21A9302F44073A3F540756B42AA
:1006500043EB050331461C93379F03F08DDA369B3D
:1006600004300E9083B11B7A0B2B07D1236893F8CB
:10067000AD304BB136988379072B05D836990E9A51
:1006800091F90F30D2180E92D4F8B031002B2DDA38
:10069000369B03B31B7A022B1FD194F8B022F2B918
:1006A0000898036D13F008031CD136998A792168E4
:1006B000D1F8B8108A4217D2032A15D90B2A13D8B9
:1006C000B269900010D4339A012A0FD10E9B0120F9
:1006D00008330E9304E0369A04E0002304E000207F
:1006E0000C9005E00C9203E00C9301E000210C91CA
:1006F000B568B389AA1F7633A5F176001D92B38140
:1007000000217022B060189001F004DFB38BD9048F
:1007100002D4B269520502D51B051B0D20E0D9F8A1
:100720000420A04B1340BBB10B9901F0FC03882BB4
:1007300012D1099A1379D8070ED43398F289411E41
:1007400002F007023298583209EB42028842D388FD
:1007500006D1591CD18003E01399012906D111E07B
:10076000139801280ED00021079102E01022079271
:10077000002332981B019BB200F00F02099913432A
:10078000CB8201E000220792099BA068DA8AB38B32
:1007900023F47E6323F01F0343EA1213B38314F0A0
:1007A00003DA010703D5B38B43F40053B3833498C2
:1007B000042808D12046089935F82A2C14F080DE48
:1007C000ADF8980019E03299339801F00F02B4F8AF
:1007D0005A33411E329842EA0312884292B202D141
:1007E0000133A4F85A333499520147F6E0731340A9
:1007F00001F007021343ADF8983099F8D7303BB9B0
:100800000B9A02F0FC03802B02D0089883791BB965
:10081000079941F020010791634B3B40002B40F0CA
:10082000828007F04072B2F1807F00F08180139ADD
:10083000012A30D9B369DA062DD4002B2BDB96F9C7
:100840001F30002B27DB226A574BD2F8488008EA7A
:10085000030323B908F04073B3F1807F03D10998F3
:100860000379DF0766D4D2F844804F4B08EA0303CC
:1008700023B908F04073B3F1807F04D109990B7953
:1008800013F0010359D0099A1379D80703D4D9F882
:100890000830190705D599F8407007F07F07B8466A
:1008A00049E002238DF8863027AB0093D4F85C0131
:1008B0001FAB494626AA7CF053DD0B98DDF87C80FF
:1008C00000F0FC03482B209F01D0C82B0BD14146E0
:1008D000089800222AF0F4DE99F84070804607F06C
:1008E0007F07002308E0B369329943F00063B361E6
:1008F000D1F1010338BF0023BDF89C20D20703D5F6
:10090000B26942F40052B261226892F8E120BAB1B1
:10091000D4F8F8064946BDF8982005937CF0D4DA5F
:10092000059B12900DE00022B8461292134608E093
:10093000B84603E04746002300E04746129300E034
:1009400012922268D4F8840492F84F2090F80CB0E8
:1009500012F0030200F09C818278012A09D9216AF1
:1009600091F94D10A1F1010EDEF1000141EB0E01F4
:1009700000E00021012A5FFA81FA17D9226A92F970
:100980004D20013212D1D9F8042012F080420ED04D
:100990000E300221059302F0E7DC021C18BF012291
:1009A000059B04E040000100FF0000C0002218F099
:1009B000407FD0B25FFA88F207D01F2A02D9202ADE
:1009C00007D0553A072A04D91CE0A0498A56002AC4
:1009D00018DAB8F1000F15DB28F4801828F44078F5
:1009E00018F0407209D0BAF1000F03D1B2F1807F44
:1009F00003D110B148F4801804E0BBF1010F08BF27
:100A000048F4807817F0407FFAB207D01F2A02D945
:100A1000202A07D0553A072A04D91BE08B498A5669
:100A2000002A17DA002F15DB27F4801727F4407708
:100A300017F0407209D0BAF1000F03D1B2F1807FF4
:100A400003D110B147F4801704E0BBF1010F08BFD8
:100A500047F48077B4F8582402F46052B2F5C05FCE
:100A60002CD118F4E0221FD118F0407F17D0D9F80C
:100A70000420120313D5226892F83B2092B1089803
:100A800082797AB1D0F80821528E02F46052B2F520
:100A9000C05F0CBF4FF400324FF4803204E04FF4DB
:100AA000803201E04FF4003218F0407F13D05FFA3B
:100AB00088F1202908BF4FF400320CE05FFA88F279
:100AC000F9B2202A08BF4FF08078202908BF4FF0E4
:100AD00080774FF4803227F4E02A17F0407F28F423
:100AE000E02848EA020818BF4AEA020A226A08BF58
:100AF0004AF4803A516C564A0A40002A53D101F018
:100B00004071B1F1807F4ED018F0407F94F81C22E4
:100B100004D0012A02D148F4000802E00AB928F4FE
:100B200000081AF0407F94F81C2205D0012A03D156
:100B30004AF4000A00F009BE002A40F006862AF4B2
:100B4000000A00F002BED9F80410C8032BD5D9F86A
:100B50000810090627D5013225D118F0407F0FD0A3
:100B60005FFA88F2A2F15701012909D9632A07D057
:100B7000642A05D0652A03D0662A18BF48F4800885
:100B80001AF0407F0FD05FFA8AF2A2F157010129D3
:100B900009D9632A07D0642A05D0652A03D0662ABA
:100BA00018BF4AF4800A2046494605931AF060DCD3
:100BB00018F04072059B45D01599022908D108F418
:100BC000E02BABF50032D2F1000B4BEB020B01E056
:100BD0004FF0000B5FFA88F21F2A04D8072A94BF4F
:100BE000002101210AE0202A06D0A2F1550107299F
:100BF00094BF0021012100E00021C9B239B199F868
:100C0000FE1021B199F8FF10003118BF012118F42E
:100C1000000F11911ED01F2A04D8072A8CBF002272
:100C2000012209E0202A05D0553A072A8CBF00226C
:100C3000012200E00122D2B2002A0CBF02460422A7
:100C40000D9208E00D929346119204E05816890027
:100C5000FF0000C00D901AF0407226D01AF4000F69
:100C600025D05FFA8AF21F2A04D8072A8CBF0022F7
:100C7000012209E0202A05D0553A072A8CBF00221C
:100C8000012200E00122D2B2002A18BF04200EE0A7
:100C900028F4E02827F4E02A48F480384AF4803A1F
:100CA00010920D929346119202E0109200E0109083
:100CB00093B1089A3398D2F8301102EBC103C2B253
:100CC000C3F838210131089A01F03F01C3F834819B
:100CD000C2F83011C9F820A218F0407703D15FFAAA
:100CE00088F31B9303E0404674F058DE1B90139882
:100CF000022800D088B9B4F868340E99994202DC11
:100D0000B3695B010CD5099A1198137903F00103BB
:100D1000002B08BF0120179004E01199179101E002
:100D2000119A1792236A597D41B10F9B33B12FB9A4
:100D3000884A5FFA88F3D356002B07DB236893F8C1
:100D40004F30980727D037B3159820B3339A012A2C
:100D50000ED90F9B002B0CBF4FF0300A4FF0160A34
:100D6000B3694AF4803A23F00063B361D04612E0DD
:100D700089B10F9878B167B908F07F03022B0AD0C8
:100D8000042B08D00B2B06D0162B18BF4FF0010BED
:100D900001E04FF0010B18F040710F911AD108F0EB
:100DA0007F03162B16D86C4A9A4013D5149A62B159
:100DB0005FFA88F3022B0BD0D9F8103093F92C315D
:100DC00013F1FF3318BF012300E0149B0D9301E0E2
:100DD0000F980D901AF0407116911BD10AF07F0305
:100DE000162B17D85C4A9A4014D5149A6AB15FFA48
:100DF0008AF3022B0CD0D9F8103093F92C2112F180
:100E0000FF3218BF0122109204E0169B109301E0FC
:100E1000169810901399D9F80430022908BFC9F820
:100E2000588113F480334AD094F80D32002B46D009
:100E300094F81132002B42D0159A032A30D00F9B20
:100E40004BB908F07F03022B2CD0042B2CD00B2B9A
:100E50002DD0162B2ED00998037913F001032BD136
:100E60000B9901F0FC02882A29D1349A032A26D84A
:100E7000B3691C9843F48053B361079B0999002818
:100E80000CBF18221E2243F4A04307938B5A23F071
:100E900060031B041B0C43F020038B52012207E06C
:100EA00000230CE00F9808E00F990A9108E00F9AD0
:100EB0000A9205E00F9B02E000200A9000E00A93EE
:100EC0001D99204600910E9A41460B9B20F08CD92B
:100ED00022AF204651460E9A0B9B009720F084D9F2
:100EE0000622A5F14000394601F090DA169A62B95F
:100EF0000AF07F03162B08D8174A9A4005D50E9B97
:100F000005F83C3C1B0A05F83B3CB3690F995A05B0
:100F100012D591B1369A22B1127A042A01D00B2A45
:100F20001CD143F40063B361179894F8DA32002BB4
:100F300018BF0120179011E081B9064A5FFA88F3C3
:100F4000D356002B0ADA15F8063C03F00F0314936E
:100F500007E000BF581689000002102815F8062C7B
:100F600014920B9BA42B14D009980379DB0710D49F
:100F70000A9981B9B36920465F05414602D517F049
:100F800021DD03E00D9A359B20F008D9099A5080A5
:100F900014E00A9B53B1414620460D9A40F62A13AD
:100FA0001FF0DCDE099980B2023048800B9AA42A37
:100FB00004D10998438825F83A3C19E009990B793E
:100FC000D90701D40A9A2AB1002305F83A3C05F85A
:100FD000393C0DE0B36920465A05514602D517F059
:100FE000F1DC03E0109A359B20F0D8D825F83A0CB4
:100FF000B269930509D5B38C25F8343CF38C25F8F8
:10100000323C079B43F400530793329818B9079971
:1010100041F00801079109980379DF0712D4D00441
:1010200010D494F810320BB151060BD4520505D4EC
:101030001A9919B1199A92F828301BB9079B43F0F5
:1010400001030793924B34981399185C0229159069
:101050001CD1349A032A19D894F80D32B3B11B9BD2
:10106000042B13D9D4F8340136F062DA70B9199828
:10107000159900EB41039B8B13B1B3695B0505D553
:10108000119A1AB9079B43F480530793236A18698E
:1010900066F018DC00F46050B0F5C05F03D107982B
:1010A00040F4807007900C9919B1079A42F40042FD
:1010B0000792079B25F8763C369810B394F8B03227
:1010C00013BB08990A6D12F0080221D1037A0B2B89
:1010D00006D1236893F8AD30D3B18379072B14D8A8
:1010E000369A93792268D2F8B82093420FD2B26927
:1010F00097000FD43698027B02F0070242EA0312EF
:1011000003E03699079107E00022079204E00023EC
:10111000079301E00020079010994B1EDBB2012BD2
:1011200004D8079A42F400539BB20793A5F17200CA
:101130000999022201F06AD9002305F8703C05F8EC
:101140006F3C05F84A3C05F8493C369B002B2FD0F4
:1011500094F8B032002B2BD10898036D180727D4D0
:1011600036990B7A0B2B06D1236893F8AD30FBB17F
:101170008B79072B1CD8369B9A792368D3F8B83023
:101180009A4215D2B369990012D41C9818B90999DA
:1011900001F1180202E0099B03F11E021A9800B146
:1011A00002320023009320461899369B2EF078DCFB
:1011B000099906220431A5F15000139101F026D9B6
:1011C000BDF8983025F82A3CD4F84401089960F01D
:1011D000E7DC35F8303C80B243EA002325F8303CA8
:1011E000002305F8283C05F8273C05F8263C05F8BF
:1011F000253C05F8243C05F8233C05F8223C05F87D
:10120000213C05F8203C05F81F3C179A1AB9BBF1A0
:10121000000F01D1E1E09B460022414608982AF0E8
:101220004FDA00220690514608982AF049DA069BC8
:10123000089013F04073189306D10699154BC8B265
:101240001B56002B03DA14E0069874F0A7DB023873
:1012500018BF012070B1D9F8103093F92C31012B4F
:101260000AD0079A42F480439BB2079301230C9360
:1012700004E018980C9001E000210C91089B13F0F9
:10128000407209D1D8B2034B1B56002B07DA1DE080
:101290006CE1880058168900089874F07FDB0238EA
:1012A00018BF012078B1D9F8103093F92C31012BF7
:1012B0000BD0079801216FEA40436FEA53439BB27A
:1012C0000793119103E0119001E00022119235F88B
:1012D000763CBBF1000F02D043F4006301E043F021
:1012E000060325F8763CBBF1000F0CBF4FF0140C41
:1012F0004FF00E0CA5F11E0362460093204606999E
:101300000B9BCDF814C01FF06FDFDDF814C024AFC5
:1013100062460B9B2046089900971FF065DF39460F
:101320000622A5F1480001F071D80C980D990E9A8B
:10133000A5F118030B9300900191029200275946E2
:10134000069A4346204603971FF06CDF25F8160CDB
:10135000119B10980E9900930190029120465946D6
:10136000089A534603971FF05DDF25F8420CA5F15C
:101370001400BBF1000F09D06FF03B0305F8183CD7
:1013800005F8177C099A02F10A010EE06FF04B0391
:1013900005F8183C05F817BC1399062201F036D859
:1013A000099BA5F10E0003F10A01062201F02ED8D7
:1013B0001498189A81B252B906989F4AC3B2D3566C
:1013C000002B04DA15F81E3C03F00F0301E015F8BA
:1013D0001E3C1B02194314911FE059460622A5F139
:1013E0001E0001F097D859461022A5F1180001F00F
:1013F00091D8A5F148005946062201F08BD805F88E
:1014000042BC05F841BCCDF820B0CDF818B0CDF8FD
:101410002CB0CDF844B0CDF830B0B3695A050FD533
:101420000F9969B128AB002223F8022D0093D4F85C
:101430003401494642460E9B36F096D805F8430CD7
:10144000079B25F8743C149825F8640C1699B1F1A3
:10145000807F0BD031B90AF07F03162B02D8774A70
:101460009A4001D4012002E0169800E00220069A7A
:1014700080B202F04073B3F1807F0BD033B902F039
:101480007F02162A02D86D49914000D401239B00A7
:101490009BB200E008230899184301F04073B3F1B0
:1014A000807F0BD033B901F07F02162A02D863493E
:1014B000914000D401231B019FB200E02027236A42
:1014C0000743186966F0FED9C0B247EA002725F83D
:1014D000627C0F9AB2F1807F0CD032B908F07F03A2
:1014E000162B02D8554A9A4001D4012300E00F9BE5
:1014F0009BB200E002230D98ADF89A30421ED2B2A2
:10150000012A09D843F01003ADF89A302368D3F8C4
:1015100088309A6901329A6141462046BDF89A7036
:101520007EF080DCB3690743B9B21B01ADF89A10B5
:101530000ED5236893F8E13053B1236A186967F038
:1015400099DB236A0DF19A011869129A67F0ACDBF6
:10155000BDF89A30414625F86E3CB4F85824204630
:1015600027F09AD925F86C0C51462046B4F8582437
:1015700027F092D925F86A0C179911B9BBF1000F21
:101580000FD00699B4F85824204627F085D925F8BD
:10159000680C08992046B4F8582427F07DD925F81E
:1015A000660C0F9A4AB10D9B042B06D1204641468A
:1015B0000E9A1FF077DC25F8380C169848B1109970
:1015C000042906D1204651460E9A1FF06BDC25F8FF
:1015D000360CD9F80430580640F1AE801A9A002A29
:1015E00000F0AA801998159900EB41039B8B002B02
:1015F0007BD0B369590500F19F80329A002A40F0F0
:101600009B800E9B204641460D9A1FF0A7DB0B9B4B
:101610000990ABB106990C9A204617F041D8089969
:101620000746119A204617F03BD80B99B1F802B043
:10163000BB4435F8427C1BE0581689000002102894
:101640000A9ABAB941460D9A0A9B20461FF0A6DDB8
:10165000099B514600EB030B109A0E9B20461FF08E
:101660007DDB51460746109A20460A9B1FF096DD07
:10167000C71902E0DDF824B00B9F1FFA8BF225F8A2
:10168000702C25F84A7C1998159900EB41039B8B27
:101690000998C3189B1A9BB21A0419D420464146D4
:1016A0000D9A16F0FFDFFF2805D9B4F85A249042AE
:1016B00038BF024601E04FF48072349992B204EBD5
:1016C0004103B3F85C34934202D0204618F076D838
:1016D000236893F84430002B2ED0349A032A2BD859
:1016E000D4F8600115995A4623E0236893F84430F2
:1016F00013B3349B032B1FD81A480B99C75C2046A1
:1017000039B10C9A069916F0CBDF0B9B5A888218D8
:101710000CE041460D9A0E9B1FF020DB0D9A05460A
:10172000414620460B9B1FF039DD4219D4F8600179
:1017300039464B4650F0F0D8B369BDF8980043F0F5
:101740008403B36129B0BDE8F08FD4F8842428F471
:10175000800892F913202AF4800A012A7FF4F3A961
:10176000FFF7FBB96CE1880070B50B6912B15478D2
:10177000032C01D8002212E04D6845F480744C60BF
:101780005679012E8DBF24F4806445F4A0654D6028
:101790004C605478052C2FD9062C03D1012283F8F4
:1017A000A42370BD147A14F0040F4C6814BF44F0E5
:1017B000806424F080644C60147A04F00804D4F14E
:1017C000010438BF002483F8A4438B6823F004038A
:1017D0008B605478062C0FD9127AD2060CD5026889
:1017E00043F004038B6092F80C21D00704D59207D4
:1017F0005CBF23F004038B6070BD00002DE9F04F47
:10180000B5B09A463F9B05460B2B894616463E9F30
:10181000409C40F2E6800C3B04931AF07DDE0021F0
:10182000C8220590204600F075DE3146062220468B
:1018300000F0ECDDFA7ABB7A494643EA022303F072
:101840000302012AA4F86230E38808BF84F8342038
:10185000BAF1000F14BF4FF4807200221343E380EB
:1018600028465BF09BDF60857A7A3B7A07F10C0BA8
:1018700043EA022307AFE385002128220DF1440843
:10188000384600F047DE2DAE00212822404600F009
:1018900041DE4FF0FF3300210C223046ADF8CE3050
:1018A00000F038DE0DF1CE032F93049BBAF1000F48
:1018B0000CBF4FF0600A4FF0700A8DE848002846D0
:1018C000002152465B462D97CDF8B8801CF0D6DA41
:1018D000002840F08680059B4246DEB2284604F18F
:1018E000380339461FF0D0DBBDF8CE304FF6FF721B
:1018F000934217D05A1E92B2DE2A75D843F4805212
:101900000E2B8CBF4FF440430023D5F8580143EA17
:10191000020152F043D858B9D5F864319B889B0531
:1019200006D461E0731E9BB2DE2BADF8CE605BD8AF
:10193000BDF8CE309E4203D1E28842F00202E2803E
:10194000EB1893F83C20494684F86120284652B2AF
:101950005BF0C8DEBDF8CE30A08543F480520E2B7C
:101960008CBF4FF4404300231343638600210C22B5
:1019700030A800F0CFDD1F4B0DF16C0830931E4BEB
:10198000002128224046319325AF329500F0C2DD78
:10199000BDF8CE300021202238468DF872301B94DD
:1019A00000F0B8DD049BD5F894060293002152465E
:1019B00030ABCDF8B080CDF894908DF8A4608DE870
:1019C000800857F011D988B9608E431EDBB2DE2B38
:1019D0000AD802F059DA00280CBF00206FF013007B
:1019E00004E04FF0FF3001E06FF0130035B0BDE8C8
:1019F000F08F00BF112A8200812B82002DE9F04F69
:101A0000A5B00446D2F808A18B461546002128222D
:101A100005A8984600F07EDD0FA80021282200F0DE
:101A200079DDD4F86C3313B104F55B7008E02368FA
:101A300093F82F3073B9236A5B7D052B04D1694875
:101A400005A973F0EFDF05E0042B03D1204605A9BB
:101A50001FF066DD05AF3B460FAE204629460AF172
:101A600038020DF16409009628F090DA0021242252
:101A7000484600F04FDD0021082222A81A971B9645
:101A800000F048DD94F84135CDF88C90DA0702D5A6
:101A90002A6DD70708D49E0708D52B6D03F00603DF
:101AA000023B18BF012302E0002300E0012322686B
:101AB00092F84F2012F003020BD0D5F8EC2012F46C
:101AC000805205D19DF8BC10002908BF1A4600E0DD
:101AD000002224AB03F8082D1FFA8BF60093324640
:101AE0000023D4F89406294657F056D82E9A00F1D0
:101AF0000C0913680746994571D8404600210C220D
:101B000000F008DDBAF82E30A8F80830AB7923B120
:101B1000012388F80A30002306E0D5F8EC2012F4FF
:101B2000803204D088F80A3088F80B3004E00223B1
:101B300088F80A3088F80B202A6D40F237131340DA
:101B400043B195F858302BB1B8F80A3043F0100380
:101B5000A8F80A30236893F830306BB9236A1B6801
:101B6000022B09D1BAF86230980605D5B8F80A30C8
:101B700043F02003A8F80A30236A5B7D43B194F850
:101B800072342BB1B8F80A3043F48063A8F80A30F5
:101B9000236893F8A9305BB1D5F8EC30590407D429
:101BA000AB792BB1B8F80A3043F48073A8F80A3047
:101BB00022AB009308F10C030193D4F894060023A0
:101BC00029463246029756F055DFBBF1800F03D10C
:101BD000D5F890301C9A5A612E9BC3F8009025B01E
:101BE000BDE8F08FD40D89002DE9F04F4E688FB01D
:101BF0001746C6F3C0420C46D1F808A0029205462B
:101C0000002104A82822994600F084DC2369C6F349
:101C1000004B26F08646039326F4EA162AF0830347
:101C20006660A360002F00F0BF803B7897F80180CA
:101C300043EA0828A4F80081BB7884F8023146F40E
:101C4000803363602B6893F84120B2B193F842303F
:101C50009BB146F4A026D4F82431666093F85D3039
:101C60007BB91AF4007F03D094F82430D90608D544
:101C70002846214636F04EDC03E02846214636F061
:101C80003BDC0622284621462DF05EDFA26812F0DA
:101C9000006222D108F00C039B10012B94F8FE0087
:101CA00094F8FF1006D0032B09D043B9012284F821
:101CB000FE2001E084F8FE3084F8FF3003E084F871
:101CC000FE2084F8FF2094F8FE30834207D194F878
:101CD000FF60761A18BF012602E0002600E0012608
:101CE00018F4407F03D0636843F08043636018F0CA
:101CF000010F03D0A36843F08003A36018F0200F06
:101D000003D0A36843F00103A36018F0400F03D091
:101D1000A36843F00203A360A3680AF0030A03F078
:101D200003039A4518BF012618F0100F03D163680A
:101D300043F48013636018F4804F03D0636843F06A
:101D400000736360C8F34008B9F1000F38D005F59F
:101D50003E7003304946162200F058DBB8F1000F00
:101D600003D099F80180C8F3800899F801301A0768
:101D700003D5636843F08073636099F8023013F011
:101D800008030ED0039A41F61001D2F8083140F64C
:101D900008425B8E03F44043B3F5404F14BF0B463B
:101DA0001346A5F8DC320BE02846214606222DF02A
:101DB000CBDE2846214636F09FDB3E46B84619E08A
:101DC0001022F91C0DF1250000F020DBD5F8843439
:101DD00004A8997873F0E4DED5F86812284624F058
:101DE00095DEFF230190002204A8009301461346CC
:101DF00073F05ADEBBF1000F11D0636813F4803327
:101E000010D009AA0023E11812F8010F91F851101F
:101E1000884206D10133102BF5D1002302E05B4646
:101E200000E00123626802F48031C2F3004293456E
:101E300000D163B104F1510029B10DF12501102247
:101E400000F0E4DA02E0102200F064DB0126B8F1D1
:101E5000000F03D0636843F400236360029B434593
:101E600000D146B1D5F8843493F87B301BB92846AD
:101E700021467BF085DA0FB0BDE8F08F00F50661F2
:101E80002DE9F041093104464AF0D6DF94F8723862
:101E90000546002B74D0002872D06A21206948F0D2
:101EA000CFDC460006F114084146206948F0C8DC42
:101EB000002207464146206949F004DB380406D475
:101EC000304831493A46BDE8F04100F0499BD4F82A
:101ED0008484012388F86D3198F828313BB1A068DB
:101EE000D8F8301111F044DE002388F8283120465C
:101EF00029460CF0C2F998F81D3153B1012388F836
:101F00002831A068D8F83011D8F82421002311F026
:101F100009DE206906F1160148F092DCB4F8703849
:101F200083422DD10022134679B22846D5F810619C
:101F30005BF094DC28465BF0D7DBAB798BB9D5F846
:101F40001421D5F80831128A5A852B7C4BB1D5F86B
:101F5000EC30990405D473791BB92846012144F06B
:101F6000E5DA0023B37194F80C22D6F8F0309A42E7
:101F700006D0284684F80C32BDE8F04124F04A9A95
:101F8000BDE8F0811B5A8900F14D89002DE9FF4120
:101F900004460D4616461F460A994BF017D82046B0
:101FA000294632463B46FEF761F9B0F10008C0F21F
:101FB000A18023685B7E4BB9206956F02BDC28B1E9
:101FC000A06811F0DBDD4FF0FF3893E03EB1032F46
:101FD00005D903A83146042200F018DA01E00023F5
:101FE0000393342D18D008DC022D11DB032D13DDF3
:101FF000A5F11B03012B0BD80EE0D62D0CD001DC74
:10200000A32D04E0FB2D07D040F20B139D4203D01B
:10201000002E65D0002F63DD3E2D02D0402D62D111
:1020200035E023681B7E002B60D0D4F8842403990C
:1020300092F81C318BB1CBB282F84631D4F88424AB
:102040001172D4F88424206992F8AC100122009215
:102050000192002249F0C0DB3FE0204649B27DF00A
:1020600095DEB0F1000845DBD4F88434039A2046AD
:102070001A722CF095DF20467DF028DF2046D4F838
:10208000B0141EF051DA204624F038DA32E0039B17
:102090005A1C042A2CD8013301D103230393D4F80A
:1020A0008434039993F81C2172B1C9B283F8AD103E
:1020B000D4F88434002293F845312069009201223B
:1020C000019249F089DB04E0236AC9B2186965F01E
:1020D0007BDAD4F88434039ADA714FF0000809E00F
:1020E0006FF0010806E06FF0160803E0984601E083
:1020F0006FF01C08404604B0BDE8F0812DE9F341C3
:10210000089C07460E46154698460094FFF73EFF8A
:1021100010F12F0F0CD010F1170F0BD138463146AC
:102120002A464346089402B0BDE8F04118F0B09B3F
:102130006FF0160002B0BDE8F08113B504462CF034
:1021400011D820461CF0B8DBD4F88434012293F86F
:10215000AD10206993F846310092019249F03CDBC2
:10216000206902B0BDE8104056F0669B37B50368A1
:1021700004465B7E002B40F01A81006956F04ADB72
:10218000002840F01481236893F8203033B9206987
:1021900047F072DE2368012283F82020206905F0D1
:1021A00012FE236893F8693113B120464BF042DCEC
:1021B000D4F88434032293F8513000928022002B0B
:1021C00014BF134600232046042126F04FDA23686B
:1021D000DB6EE3B9206948F0CFDF093017D1226800
:1021E000D36E13F0020512D143F00203D366D4F884
:1021F0006432595941B18B7933B94B7923B10B7C96
:1022000013B120464AF05EDC0435202DEFD123685F
:10221000DB6E1BB1204619F087D9C6E0206948F073
:10222000F7DC206990F934114D1C03D1012148F0ED
:10223000EDDC01E048F042DC01236376204627F024
:10224000ABDD23682046596B0323009321B14FF483
:1022500080720021134602E04FF480720B4626F094
:1022600005DAA06811F006DD236801221A7694F8D9
:10227000CF3173B120462CF093DED4F8543320468E
:10228000598E2BF0BFD9002384F8CF31204624F09B
:1022900035D9D4F844260321204624F033D92046EA
:1022A00016F0E8DBB4F83415204629F095D92069FA
:1022B00048F04EDF032320220093204613460121DD
:1022C00026F0D4D9236893F82F301BB1D4F8180521
:1022D0003BF0AADF20461DF08BD820467AF0D0DDF7
:1022E00001254FF47A72D4F8E8110123A06811F0A7
:1022F00019DCD4F89C0184F82A5280F001DE2046D3
:102300007DF0E4DDD4F88434204693F9121017F000
:10231000F1DD20462DF034DD20462DF01DDD204678
:1023200029462DF0BFDDE36884F86056D3F82421F8
:10233000294642F04002C3F82421236A002218698A
:1023400065F048D9236884F88C5693F8693113B145
:1023500020464BF0AFDB6A21206948F071DA00308B
:1023600018BF012084F873087E21206948F068DADC
:10237000421E92B24FF6FD739A4206D843000130D6
:102380004000A4F85038A4F85208B4F8501821B10D
:102390002046B4F870272DF065DFB4F8521849B123
:1023A0002046B4F854282DF05DDF002003E06FF0E4
:1023B000080000E008463EBD2DE9F04FB5B0DDF85D
:1023C000FC800D93B8F80A700D46ADF858701146B0
:1023D000BFB29146129704461AF09ED8B9F816700B
:1023E000C0B21A97B9F8047010900D9948461B971F
:1023F00073F056DC419F4FF0000A87F800A008F107
:102400000C071597409F0F900C3F1897109FDDF811
:1024100060B00C97159ECDF844A0CDF824A0CDF85F
:1024200064A0CDF828A0CDF838A0CDF82CA0CDF828
:1024300050A0CDF84CA0CDF820A0CDF81CA02F4680
:102440004FE03378951C2D2B21D007D8012B13D0CA
:1024500043D3032B12D02A2B40D114E03D2B1DD0A7
:1024600005D80899322B08BF3146089136E04A2B2F
:102470001BD0DD2B32D11FE007962FE0B2784FF052
:10248000010A0C922AE0B31C1393149226E0204612
:1024900031462A4658F03ADA0A901FE02046314683
:1024A0002A4658F009DA0E9018E0204631462A46AE
:1024B00057F09CD9199011E0032A0FD9B01C0422BF
:1024C0009149FFF38FF7119B002808BF2B4611930A
:1024D000099B08BF3346099300E00B967619C5EBBC
:1024E0000B0BBBF1010F03DD7278531C5B45A8DBBE
:1024F0003D46099F3FB10A9F2FB920460999119A7D
:1025000058F0B8D90A90002D7AD1129FBE0740F139
:10251000DA830B9B002B00F0D6832046991C5A7857
:102520004AF00EDD3190002800F0CD83037C002BB3
:1025300040F0C983037A002B00F0C583D0F808313E
:10254000588E01F06FDC0C9F874240F0BC83319FB6
:102550002046394617F054DD002847D03846494612
:102560000D9A43461DF09ADF00283FD040993E9BCC
:10257000D7F8046103F11002019120464946012376
:10258000CDF800800296FFF739F9002830D1B6F86F
:1025900030B0BBF1000F2ED1216AD4F88434503111
:1025A0005A469B7806F1380073F052D94099384664
:1025B00000910D9A4946434643F034D9CDF800B016
:1025C000CDF804B03B7C2046D3F1010338BF002393
:1025D00002937D22394607F1DC03CDF80CB0CDF82B
:1025E00010B01EF08DD901220B9206E00B9504E08D
:1025F00000230B9301E000210B914FB33D4601E016
:1026000000270B971A9F3E9917F4404F0CBF4FF0CD
:10261000000B4FF0010B01F10A07204629463A460C
:102620005B467AF04DDB064600BB2B7C002B40F06E
:102630004D83204629463A465B467AF043DC0646FF
:10264000002800F04383204631467AF0ABDA0DE0F3
:1026500094F88E32002B00F039833E9F204607F11C
:102660000A0131AA7AF0D6DA064610B17368D807A3
:1026700020D4089F27B17878B91C27F07BDD58B9A2
:10268000079F67B1B91C787827F074DD10F1000B53
:1026900018BF4FF0010B04E04FF0010B01E0DDF833
:1026A0001CB066B1BBF1000F07D1736843F00103A2
:1026B000736004E04FF0000B01E04FF0010BCDB16F
:1026C000AB79DBB92B7A0BB3D5F808315B8E079366
:1026D00003F46053A3F5C052534243EB020307983F
:1026E000089301F09FDB0C9FC11B484240EB0100A7
:1026F00009900EE00895079509950AE000270897CC
:102700000797099705E000BFFE370100089307937C
:102710000993B4F88E32002B7FD0236A5B7DC3B15E
:102720000C9FD4F87C040E2F8CBF4FF44042002243
:1027300047F48051129F114307F02003D3F10103A6
:1027400038BF00230193139A149BCDF800B071F0A9
:10275000CDDE236893F84F309B0712D00C9FD4F83E
:1027600080040E2F8CBF4FF44043002347F4805168
:10277000089F19430E9A0A9BCDF800B0019772F09A
:10278000D9DB94F88E32002B47D000210C222EA8E2
:10279000FFF3C0F6944B1CAF2E93944B38460021A8
:1027A00028222F933094FFF3B5F6BDF858100DF1A1
:1027B000980CDDF830E0ADF876106046002120225C
:1027C000CDF818C01C968DF874E08DF878B0FFF342
:1027D000A1F62D970D9F236827973E9F93F84F30C2
:1027E0002897109F03F003038DF8A8700F9FDDF862
:1027F00018C02B97159F8DF8B0300197189FD4F80B
:102800009406002190222EABCDF89890CDF8A480AC
:10281000CDF800C0029756F0E7D994F88C32002B1F
:1028200000F05682099F002F00F05282236893F82F
:102830004F20970700F08A800E9F002F00F08680BF
:102840000A9F002F00F0828093F8A93033B1D4F8AA
:102850007801294653F0F2DC002877D10E9F2046FC
:102860007A78397824F0ACDC079F034617F4404FA0
:102870000CBF002201220A3254F822201192D5F80E
:10288000082162B1D28812F0200208D00A9F3A785B
:1028900012F0020203D00E9F7A78C2F380020992EE
:1028A000BAF1000F0BD1109FDAB2BA4207D0184626
:1028B000069301F0B7DAB842069B40F00982D5F8DA
:1028C0000821002A2DD01846069301F0ABDA0746FE
:1028D000079801F0A7DA8742069B22D1D5F8082194
:1028E000528E9A4232D0002E30D02A7A002A2DD031
:1028F000204611992A4625F055DEFF28074600F0AC
:10290000E781DDF824E0204629463A465FFA8EF357
:1029100015F088DED0B1204629463A462DF0C6D9BA
:1029200014E0BAF1000F11D01846069301F07ADADC
:102930000C9F069BB84200F0CB8103F46053B3F5C3
:10294000805F03D0B3F5C05F40F0C281419F012397
:102950003B702368D5F818A193F84F30980716D02C
:10296000AEB10A9F37B1199F2046009731460A9AA7
:102970000E9B0AE02B7C53B97368D90307D50A9FD5
:102980002046009731463A463B4617F075D92B7CD6
:10299000002B00F0BF803E9F0D9B204629464A46F3
:1029A0008DE8800115F02ADF236893F83B3043B1AE
:1029B0000D9F2046294632464B468DE880015EF049
:1029C00013DA9AF809301BB1284600212BF028D9D8
:1029D0009AF80D30DBB1D4F830371A680AB11F7A93
:1029E00037B12846002110E0F1CF8100F5CF8100FA
:1029F00004F020D9D4F830371A69821AB2F57A7FF8
:102A000005D901221A72284639462BF001DCD4F888
:102A100030371B68002B48D01B9F0123C7F3C0121F
:102A20000F9920461EF08EDB98F8023098F80110BE
:102A30001B0443EA012398F80010B8F808700B4310
:102A400098F80310024643EA0163329398F806307F
:102A500098F805101B0443EA012398F8041034A8E1
:102A60000B4398F80710002F08BF642743EA01635F
:102A700040F8043D32A900F0E7D93846329A33993C
:102A800080F05ADAD4F83037BF021A68BA1A904286
:102A90000BD95A68BA1A904207D23F1A5F60D4F82D
:102AA0004401294601225FF0CFDC236A5B7D2BB114
:102AB000129F2046C7F380212CF076DAD4F8580113
:102AC000079950F0B7DD80B1D4F85801079950F05C
:102AD000A7D9236A186964F0F5DE079FB84204D1CC
:102AE000002120460A4625F079DE4A460D9BD4F89F
:102AF00044012946CDF800805FF06ED8D5F8EC305F
:102B00009A0458D5D4F84C0129464246409B63F0BC
:102B1000F7DF50E0BBF1000F03D1129FC7F3401362
:102B200000E00123DBB23EB1726813B142F004024F
:102B300001E022F004027260226A527D4AB10193E0
:102B4000D4F87C042946139A149BCDF800B071F098
:102B500025DD236893F84F309B070AD0089FD4F8EF
:102B6000800429460E9A0A9BCDF800B0019772F0B6
:102B700039DA0B9FFFB9D4F868329D420CD0284651
:102B800049460D9A43461DF089DC28B1284649463E
:102B90000D9A43462CF0BEDA94F88E325BB9D4F825
:102BA00068329D4207D1284615F090DE18B12046C4
:102BB00041461BF02BD800210C222EA8FFF3AAF4CB
:102BC000454B1CAF2E93454B0021282238462F93AE
:102BD0003094FFF39FF4BDF85810DDF830E01C96F8
:102BE00026AE2022ADF87610304600218DF874E034
:102BF0008DF878B0FFF38EF42D970D9F23682797FB
:102C00003E9F93F84F302897109F03F003038DF8F1
:102C1000A8700F9F8DF8B0302B97159F80220197D9
:102C2000189F2EABD4F894062946CDF89890CDF88D
:102C3000A4800096029755F0D7DF9AF80230013B46
:102C4000DBB2012B13D8AB798BB92A7C7AB1D5F8DA
:102C5000182192F86C20022A09D14FF0FF3201921C
:102C60002046294605F1DC02009329F07DDD0F9F07
:102C700017F0407F01D1384602E00F9872F08EDEE7
:102C800000F07F0002280AD0042808D00B2806D0C4
:102C9000A0F1160CDCF1000040EB0C0000E001207C
:102CA0000190B9F80400B9F80610800B02900120D9
:102CB0000022039099F91C302046090A00920495DD
:102CC0000BF00DFB04E000270B97C1E40026D0E4D5
:102CD00035B0BDE8F08F00BFF1CF8100F5CF8100A6
:102CE0002DE9F04F91F91530A1B0002504468A4630
:102CF0001E951F9573B11BF0D7DD58B12368BAF844
:102D00001C20D3F88830D3F8C8118A18C3F8C8211A
:102D100000F0A3BCBAF80230606803F00703052B8B
:102D20000B900A9300F2A48463690A9953F8210076
:102D3000002800F09D849AF81820022A089200F0DA
:102D40008984714B0221DB6B9847814638B9204654
:102D50000A9914F0BDDE8146002800F089842046DF
:102D6000494611AA23F0FEDF236893F89C30012B1B
:102D700006D0BAF80220BDF848309A4240F0738479
:102D8000B9F80E30614E03F007030993604DF35C10
:102D90004946EB5C11AA0C93189B0D9318881EAB47
:102DA0000E90009320461FAB18F094D9236893F837
:102DB0004F309B0717D011A81BF0A4DC38B1236853
:102DC000D3F88830D3F8A4220132C3F8A42211A882
:102DD0001BF0AADC38B12368D3F88830D3F8AC22D2
:102DE0000132C3F8AC22D9F818305D056CD511ADAD
:102DF000204629462CF040DE08BB5346D4F8340167
:102E00001E994A46009534F05DDB236893F8E13063
:102E1000002B59D01E99002956D0BDF85000BAF8A1
:102E200002200090BDF84E30D4F8F8067AF086D82B
:102E3000D4F85C011E990C9A7AF0D2DB44E01F9919
:102E4000A1B1089A072A11D1D1F8EC3098030DD41A
:102E5000D4F84C0163F0C0DC28B9D4F84C011F99B8
:102E600063F01CDD10B11F984AF0F2DA11AB009349
:102E7000D4F8340153461E994A4634F085DA236863
:102E8000054693F8E13093B11E9981B1BDF8500029
:102E9000BAF802200090BDF84E30D4F8F8067AF067
:102EA0004DD8D4F85C011E990C9A7AF099DB1F98E2
:102EB000002800F0D2838379002B40F0CE830AF102
:102EC00008016FF0B9DBC8E3204611A9D9F83470C6
:102ED0001BF040DCBAF81C60FF0E07F001070F90F2
:102EE000BAF81A80E6B12368D3F88830DA68013A74
:102EF0009219DA601E9B9BB167B1D3F82C22013A7C
:102F00009219C3F82C220BE010A78800BAD58800CC
:102F10006CE18800D3F83822013A9219C3F83822BC
:102F2000B8F1000F06D02368D3F88830DA68013A88
:102F30004244DA600E98494600F48063D3F10103FD
:102F400038BF00230B98079300F016DED9F818500D
:102F50009AF91930C5F3C06B002B00F08680236806
:102F60001E98D3F88830D3F8A8210132C3F8A821DD
:102F7000D3F8C821013A9219C3F8C82128B10369CE
:102F80001BB1DB68DA6B0132DA63012E05DDD4F8A0
:102F90008C54013DAD19C4F88C54079900294DD0CB
:102FA0002368D3F88830D3F8D8210132C3F8D82168
:102FB00028B103691BB1DB685A6B01325A630123E4
:102FC0000999002208F065F8D4F88C347BB12368A5
:102FD000D3F88830D3F8B4210132C3F8B4211E9B52
:102FE0002BB11B691BB1DB68DA6A0132DA62D4F8F3
:102FF0008C34012B14D923681E98D3F88830D3F869
:10300000B8210132C3F8B82128B103691BB1DB68CC
:103010001A6B01321A6309990C22012308F039F85E
:103020001E9B5BB12FB1D3F828220132C3F82822AE
:1030300004E0D3F834220132C3F834221E9B13B1CA
:103040002268926A9A621F9B002B00F015829A797F
:10305000002A40F01482197C002900F01482D3F871
:10306000103101259A7190460FE215F4825543D034
:1030700023681E98D3F88830D3F8A8210132C3F80A
:10308000A82128B103691BB1DB68DA6B0132DA636E
:10309000079A0AB32368D3F88830D3F8D8210132CD
:1030A000C3F8D82128B103691BB1DB685A6B013220
:1030B0005A6301230999002207F0EBFF1E9B5BB1C5
:1030C0002FB1D3F828220132C3F8282204E0D3F824
:1030D00034220132C3F834221E9A002A00F0D8812B
:1030E0001F9B002B00F0DA819D79002D40F0DC81E0
:1030F00023689B6A9362D8E1089B032B09D0042BB9
:103100000CD12368D3F88830D3F810220132C3F8E9
:103110001022A8462F460126AB46DDE10898052877
:1031200029D123685A6BD3F88C103AB1B9F80E2024
:10313000954802F00702825C9448825C143201EBED
:10314000C2014A68D3F8883001324A60D3F8A0221D
:103150001E980132C3F8A02209990422012307F026
:1031600098FFB4F83455002D00F0A381204623F0D9
:10317000DFDA00259DE10899012916D11F9B93B143
:103180009B7983B11E9B73B11A7DD20704D493F847
:1031900024309B0740F16582204649465246079BF2
:1031A0003CF09ADC4BE0089E4DE0089A062AB0D02D
:1031B000072A51D11F99002900F05382D1F8EC3031
:1031C0009F0040F14E829E030DD4D4F84C0163F071
:1031D00003DB28B9D4F84C011F9963F05FDB10B111
:1031E0001F984AF035D91E99002900F03A821F9B9A
:1031F0009B795BB191F824309D0707D58B68580601
:1032000004D50122204613463CF0B4DBD9F818302F
:10321000590544BF43F48073C9F81830D9F8183001
:1032200023F40043C9F818301F9BD3F8EC309A03FD
:1032300040F1178220461E994A4625F0BBDB064620
:10324000002800F03A81002520460AF114011BF005
:1032500021DBA8462F465FE7BAF8063033B1236872
:10326000D3F888309A6B01329A6352E71B9B1B7824
:10327000DB0741D57EB12368D3F88830D3F8A82185
:103280000132C3F8A8211E9B2BB11B691BB1DB685F
:10329000DA6B0132DA63079B002B00F0138123689D
:1032A0001E98D3F88830D3F8D8210132C3F8D8213A
:1032B00028B103691BB1DB685A6B01325A63099963
:1032C0000022012307F0E5FE002E00F0FD802368B8
:1032D0001E9DD3F88830D3F8AC210132C3F8AC215D
:1032E000002D00F0CD812D69002D00F0C981EB6823
:1032F0009A6B01329A63C2E11F9B002B48D09A79E6
:10330000002A45D11B7C002B42D00D98037CDD07A1
:103310003ED53EB12368D3F88830D3F8A8210132D6
:10332000C3F8A8210799002900F0CC8023681E98D3
:10333000D3F88830D3F8D8210132C3F8D82128B186
:1033400003691BB1DB685A6B01325A630999002289
:10335000012307F09EFE002E00F0B68023681E9D1C
:10336000D3F88830D3F8AC210132C3F8AC21002D5A
:1033700000F086812B69002B00F07C81DB689A6B62
:1033800001329A6376E100BFBAD588006CE188000B
:103390000F9AB4F86A341AB1984503DAB4F86C3469
:1033A0009E4261DB22680798D2F88830D3F8C85172
:1033B000AD19C3F8C851002800F08980D3F8B011C6
:1033C0000131C3F8B011D4F8843493F81D1109B356
:1033D000D4F868128979E9B992F8642122B193F896
:1033E0006D210AB183F86D11D4F88414204601F5DB
:1033F00082710BF048F9D4F88434012283F8282133
:10340000D4F88434A068D3F83011D3F824210023F1
:1034100010F088DB1E9860B12FB1D0F83032013344
:10342000C0F8303230E1D0F83C320133C0F83C32E1
:103430002AE101230999082207F02BFE1E9B2BB1DC
:103440001B691BB1DB689A6A01329A62002502236C
:103450008DE8280020461F9914221B9B0295039596
:1034600004951DF04DDA33E023680025D3F8883049
:10347000DA690132DA614CE60125984605E001255A
:103480004FF0000801E0012588462F462E4623E034
:103490000127154690463E4693461DE001271D46EE
:1034A00098463E469B4617E000250127A8463E4623
:1034B00032E6A8462F4601260EE00546804607461E
:1034C000834609E0079DDBE03546B046D9E0079D1D
:1034D0004FF001082F464646B4F8343543B1D4F8CE
:1034E00038352BB10899052902D0204623F00ED992
:1034F000BBF1000F4ED01E9B002B4BD011A81BF030
:1035000001D99DF84E30834603F00303023BDBB242
:10351000012B04D8204611A92CF0B6DA00E0FF20D8
:103520000A9A032A0AD85B498B5C04EB4303B3F87D
:103530003622130903F00F03120B03E0B4F86E34C4
:10354000B4F87024009200220392BDF84C20019040
:10355000C2F300320492D4F85C011E995246CDF8B1
:1035600008B07AF0BFD8236893F8E13093B11E9980
:1035700081B1BDF85000BAF802200090BDF84E307D
:10358000D4F8F80679F0DADCD4F85C011E990C9ACC
:103590007AF026D820460A9901222CF0E7D81E9806
:1035A00060B15EB1E368D3F88021D9F830309A4237
:1035B00004D91DB10999D21A07F079FD1F9DB5B143
:1035C0000AF1140120462CF03DDB014628462CF080
:1035D000EFDB0E9A02F0FC03082B01D0882B06D1FA
:1035E000079B23B11F980AF108016FF025D81E9997
:1035F000C9B10B7DD80716D41F9BA3B19A7992B994
:103600001A7C82B11A7A72B1D3F8EC2092040AD4EF
:10361000D3F810315B7933B9204652463B46CDF89A
:10362000008043F075D97EB10AF1140120462CF0D8
:1036300009DB49460246D4F8880463F01DDE0B9886
:103640004946012203F0B2DF079828B10025C4F8EB
:103650008C5402E0002500E0079D284621B0BDE81B
:10366000F08F0126EFE50B984946012203F09EDF1B
:103670000125F2E7D5F868310133C5F86831002536
:10368000A84601273E4627E7D0F84C310133C0F861
:103690004C31CEE66CE188002DE9F04F002BB5B03F
:1036A00007930CBF04230A230993079B15690DF1A7
:1036B0002C0918BF2023044615AF884693460021E5
:1036C000282248460693D5F80C610DF1B80AFEF39E
:1036D00021F7002128223846FEF31CF700210C2296
:1036E0005046FEF317F7336B20468DE80804294651
:1036F000069AF36ACDF8B8902F9714F0F3DD0028FE
:1037000040F0F880B8F80630D80715D5216A4B7D0F
:1037100093B10A6D0CA854310B92FEF377F6D5F8ED
:10372000EC30990405D5D4F84C0129464A4663F09B
:103730008BD90023159308E015AB0093204629464A
:1037400008F138020BAB26F021DCF36A83B128A81C
:1037500000211822FEF3DEF6F36A2D942893336BD2
:103760002993674B2B93674B2A93674B2C9328AB7A
:103770001FAF0021242238460893FEF3CBF60BAB93
:1037800000210822219331A815AB2293CDF87CB0FB
:10379000CDF88080FEF3BEF62368294693F84F20CB
:1037A00034AB12F0030218BFDBF80420D4F89406FF
:1037B00018BFC2F3004203F80C2D0093069A089B31
:1037C000329755F0E9D9099B069900EB030A33AB10
:1037D00002932046424605F1E2038DE8000523F0FE
:1037E0003FD8074630B920463946B5F82E2140F07B
:1037F00015DB80E0204629464246DDF8CC901CF0DF
:103800005BDBA9F80000738CA9F80230339B04330A
:103810003393079B13B9AAF1040A13E006F12409B4
:103820004846FFF3E3F410B93398494602E0339871
:1038300005F1F8010622FEF3E9F5339BAAF10A0A25
:103840000633339331AB0093339BD4F89406019342
:103850002946069A089BCDF808A055F00BD9814659
:1038600028B160683946012203F0A0DE42E0339BB4
:1038700000900190029003932046294657224B4620
:10388000CDF810A01DF03CD8706B18B103F06ADEC3
:10389000C6F83490079B23B1339B0AF1060A063B16
:1038A0003393339B0AF1040A043B3393079B50463E
:1038B00086F83C3003F044DE706308B9B06305E07D
:1038C00033995246FEF3A2F5C6F838A0B8F8623034
:1038D0000095C3F3401301930023029303933946E9
:1038E0002046D4F8BC255B4626F09AD9002808BFAC
:1038F000002700E00027384635B0BDE8F08F00BF54
:10390000CDCE8100DDCE8100FDCE81002DE9F04FCE
:1039100095B0064606910792209C219DD0F8009014
:103920009B46002B00F0B380ECB91E9A012A1CD1F3
:103930001F9A931E012B18D8032A16D1002D40F090
:10394000AB80C36E5A1C05D01C3350F82350002D99
:1039500040F0A28048460021B6F82E2140F0D6DD86
:103960004FF0000894E0002500E025464FF0B00835
:1039700006270DF1200A002124225046FEF3CAF545
:103980001E9B1F9A0893229B099211A800210822CE
:10399000CDF828B00B930594ADF83040FEF3BAF59E
:1039A000CDF848A044B1089B032B0FD14C2C0DDB64
:1039B0004D2C01DD7E2C09D111AB0093D9F8940672
:1039C0003146B022002355F0E7D83F18079B414607
:1039D0008DE8880013AB02934846069A06F1E2038D
:1039E00022F03EDF8046002852D075B100230093BC
:1039F00001932A46139B4846314658F00DDC95F951
:103A00000E30139AFF1AD21813921E9BDDF84CA0A9
:103A10009AB2AAF800201F9BAAF80230059BAAF8C8
:103A200004300AF1060313933CB1032A17D14C2C3E
:103A300015DB4D2C01DD7E2C11D111AA8DE80C0077
:103A4000063F0297D9F894063146B022002355F07C
:103A500011D824B9BDF830300BB1AAF80430B379CD
:103A600013B1F368DA6801E0D9F8BC259DF88C3011
:103A7000414601930023039348465B460096029516
:103A800026F0CED8002808BF4FF0000800E0984686
:103A9000404615B0BDE8F08F95F90E7044F2B008BD
:103AA000063766E72DE9F0470446A4B090469A46EB
:103AB0000D4600296DD0D1F86433002B69D004AFD6
:103AC0000EAE33463A460DF1600923F01BD90021B2
:103AD00024224846FEF31EF5236A0021653308229E
:103AE00021A81893CDF864808DF868A01B971C96C8
:103AF000FEF310F52368CDF8889093F84F3013F05B
:103B0000030307D0D5F8EC3003F48053D3F101035D
:103B100038BF002324AF07F80C3D2946402200237C
:103B2000D4F89406009755F037D82D9B0190009358
:103B300023AB02938046402120462C9A05F1E203F4
:103B400022F08EDE064620B3239BD4F89406019320
:103B50002946402200230097CDF8088054F08ADFE0
:103B600028B160683146012203F020DD11E0D5F86C
:103B7000EC3013F4005306D0D4F84C0129463246F9
:103B800063F0D8D905E020463146D4F8BC2528F0AA
:103B9000DDDD24B0BDE8F0872DE9F04390F8A037D3
:103BA00087B004462BB1002380F8A0374FF00108FE
:103BB00000E0984623681A7E32B9B8F1000F00F091
:103BC0003B822046022135E2206954F023DE18B101
:103BD000A0680FF0D3DF27E220461BF05DDB236AED
:103BE00020461F69D4F86832D3F814219D79167CD9
:103BF0001CF0FCD9031C18BF0123384671B22A46B9
:103C000063F094DC94F88C36ABB12369D3F8883038
:103C1000D3F8245115F040050DD120462BF0C0D922
:103C2000236A84F88C56186929462A4663F0D2DC48
:103C3000204622F063DC236820469A6A01329A62A9
:103C40001CF0D4D918B9D4F8843483F8290120465B
:103C50000AF0B7FD236A186965F05AD80146204674
:103C600059F028DD236A186965F00CD90146204611
:103C700059F0D8DC236893F93D307BB1D4F82401A6
:103C800003A9002278F098DB01E00023C361D4F897
:103C9000240103A978F0A6DB0028F6D194F8D431EA
:103CA0004BB1204616F03EDB28B194F8E43113B155
:103CB000013B84F8E431204626F082D8204617F0F4
:103CC0001DDC204626F0D6D894F8D43113B1204616
:103CD00024F068DA2368DA6E002A40F0A58193F8B0
:103CE000693113B120464BF023D9204647F030DB31
:103CF000236893F82F20CAB193F83030B3B120462F
:103D00001CF09CD890B1D4F864120023CA582AB190
:103D1000907918B1507908B112791AB10433202B77
:103D2000F4D103E0D4F818053AF07EDAD4F8283557
:103D30001B68A3B120462AF0CFDCD4F828355A6896
:103D40001B68B2FBF3F103FB112313B9204615F0F6
:103D500089D8D4F828355A6801325A600AE02368B5
:103D60009A6A1E23B2FBF3F103FB112313B9204619
:103D70002AF0B2DC94F88C3243B194F8F034013B71
:103D8000DBB2022B02D8204615F048DE0025D4F81D
:103D900064325F591FB3BB790BBB3B7AFBB1D7F8D9
:103DA00018319B7ADBB1384625F090DEB8B13B7C08
:103DB000ABB1D7F818319B7A8BB13B7A7BB107F165
:103DC000DC063046FFF312F2034640B94FF0FF32F3
:103DD0000090019220463946324628F0C5DC043571
:103DE000202DD4D1204616F003DB236A5B7DB3B1CE
:103DF00023689A6A3C23B2FBF3F503FB152575B9DA
:103E0000D4F86432585938B183792BB9037A1BB18D
:103E1000037C0BB917F028DC0435202DF0D12046A7
:103E20002AF038DC20B9D4F8180539F0A9DF38B108
:103E3000236A20211869002264F03ADD002604E09C
:103E4000236A202118690122F6E7D4F864329D59CB
:103E5000FDB1D5F8A83013B1013BC5F8A830D5F8AD
:103E6000AC701FB1013FC5F8AC7012E0AB7983B103
:103E70002B6D99070DD595F8A43053B102F0DADE19
:103E8000D5F8B01040F052DE18B1C5F8A87085F82A
:103E9000A4700436202ED8D1B4F850371BB1013BA2
:103EA000A4F8503702E0204622F076DD00263546A1
:103EB0000BE0D4F8C4329B195B6A23B1D4F8C82252
:103EC00052F82500984701353836236893F8B42016
:103ED0009542EEDB93F83B5045B193F83C502DB141
:103EE00094F8FC5515B1E368D3F880510026D4F856
:103EF000643253F80690B9F1000F40D099F80630BB
:103F0000002B3CD199F80830002B38D099F8563363
:103F1000DA0704D52046494699F8542305E0980766
:103F200005D599F855232046494624F0A7DB94F897
:103F3000FC3523B399F804300BB3D9F818314A464D
:103F40001978204629F02CDE236893F83B20B2B183
:103F500093F83C309BB194F88E3283B9D9F808318C
:103F6000D4F85001DF8D93F86030BF0201335F4316
:103F700099F844102B463A465CF066DFED1904369A
:103F8000202EB4D1236893F83B206AB193F83C30DB
:103F900053B194F88E223AB994F8FC3523B1D4F891
:103FA000500101215CF07ADF002384F8FC3522689F
:103FB000D4F88434926AB3F89E30B2FBF3F103FB79
:103FC000112313B9204609F095FAD4F8683223B1C9
:103FD000D3F818210AB112781AB1D4F86402002279
:103FE00002E01B7ACBB9F8E7835893B19D79D3F8F7
:103FF000EC1015B1890405D40BE011F4005F08D072
:10400000C90306D4197A21B1D3F818310BB11B7842
:104010001BB10432202AE7D103E0A06802210FF08F
:1040200027DE204619F0ECDFB8F1000F04D020465F
:10403000022100222BF050DF07B0BDE8F083000022
:104040002DE9F04F92F82A301446B2F81CB08DB02A
:1040500006460D46D0F804A00F6952692BB193684B
:1040600094F8228003F11A0903E09268984602F15D
:104070001809A368072B0DD93046494613F0E8DC30
:1040800040B1B9F806304FEA132949EA03291FFA6B
:1040900089F901E0B4F8089095F8243003F0120390
:1040A000022B0DD148F68E03994509D12068D7F827
:1040B000081110300622FEF395F1002840F0C88365
:1040C00094F82C30EBB9A38B1B051AD53368D3F8C1
:1040D0008830D3F84C230132C3F84C23D5F824227E
:1040E0000132C5F8242205EB4802B2F8A410B4F856
:1040F0007E20914205D1D3F8BC210132C3F8BC2106
:10410000A6E3BB79CBF3802B002B32D1D7F8183143
:104110001A7B92B194F82C207AB9BBF1000F0CD124
:1041200095F8CA10626A51FA02F2D00705D43846EF
:10413000A18B029317F05CDB029B3268526BC2B119
:104140001B7FB3B194F82A309BB194F8283083B127
:104150000021384629F008DAD7F8EC30990408D560
:10416000A28B12F4005204D1D6F84C01394662F009
:1041700003D9238C5A0700F16B83A38B03F480438C
:1041800063633BB93A6D40F237131340EBB197F8D4
:104190005830D3B10023A3633046234651462A4604
:1041A000CDF800807AF042DB636B40B9002B00F061
:1041B0004F83D5F864310133C5F8643148E323B146
:1041C000D5F860310133C5F8603194F82C3043B92B
:1041D00008F15003B4F87E0005EB43039A889880F9
:1041E00000E0002294F82C3043B3636994F82A204D
:1041F0009B680AB11A3300E01833B9F5006F40F03C
:104200006E81A268072A40F26A811A7A1209042A8A
:1042100040F065819A6912BA002A00F060815B7CE7
:10422000012B40F05C8102F07043B3F1604F00F06D
:104230005681D2B2FF2A40F00B8350E1B4F87E00E1
:1042400008F1180910F00F0340F0A38005EB89096D
:10425000D9F8041079B11A465046029303F0A6D952
:10426000029B05EB8802C2F8843008F14A02C9F8C3
:10427000043045F82230BBF1000F00F03081E368D4
:104280006269039305EB88035A66A16B31B105F5AA
:104290001C70053014311022FEF3B8F063699A687F
:1042A0005868510DC0F3140E9889DB8849058E4477
:1042B000C3F34A133168013302EB000C7344C9693C
:1042C000CCEB0303CEEB020E896803EB0E02101851
:1042D000884234DA5046FBF791F808F1180905EBEB
:1042E0008909C9F80400002800F0B2826269806878
:1042F0009168536821F07F4E2EF4600E9289C3F3CB
:104300001403C3EB0E03C91A9A18FEF37FF0616918
:104310008B684A6823F07F4323F46003C2F31402DE
:104320009A1AD9F804309868801898609889821A87
:104330009A81888900229881504603F037D9D6F8AF
:10434000E015039B05EB880259186FF005035B1A13
:104350003168A148C96989685B18C2F8843061680E
:104360000822FEF33FF06B6810B943F0080301E048
:1043700023F008036B60994861680822FEF332F06D
:10438000AB6810B943F0200301E023F02003AB60D9
:10439000A5E005EB8901496800293ED0504020F096
:1043A0000F0020B902F00F02013293420FD0002219
:1043B000504603F0FBD808F1180205EB82020023F7
:1043C000536008F1200205EB8202536021E0A16BEB
:1043D00049B105F51C70053014311022FEF302F0CE
:1043E000002840F0358208F1200905EB8909A3680F
:1043F000D9F8042008F1180C93421DD905EB8C075D
:1044000050467968002203F0D1D800237B60C9F8B8
:10441000043008F14A0845F828303368D3F888306A
:104420001A6E01321A662B69002B00F01182DB68CC
:104430005A6D01325A650BE28DE8080405EB8C0CCD
:10444000DCF80410304609F104026368CDF808C0B6
:1044500013F036DF50466169002203F0A7D8DDF87B
:1044600008C0BBF1000F3AD1DCF8042008F14A0380
:104470006261CCF804B045F823B09368928903F1E7
:104480001801C9F804B06160A2F11801A16094F8A4
:1044900029102360E26021B103F11E011E3A616020
:1044A000A26094F82A203AB1626884F8228002322D
:1044B0006260A268023AA2601A785B7842EA03233B
:1044C000A383636B5BB1A36B4BB193F90E2061685F
:1044D0008A18626093F90E30A268D31AA360A36BA6
:1044E00063B11B7A042B04D1304621467AF02ADAD4
:1044F00004E00B2B02D120461AF0ACDBBBF1000F1D
:1045000040F0C481626993695B0613D5BB792BB90E
:10451000D4F88010384618316EF08ED863699B69E4
:10452000180640F19581D6F830012946224601F05F
:10453000B5F9ABE123689888D988ADF81000ADF8DB
:10454000121018895989ADF81400ADF8181098891F
:10455000D989ADF81A00ADF81C10188A598AADF83F
:104560002000ADF82210988A94F82910ADF82400A4
:1045700041B1198B588B9B8BADF82810ADF82A00F0
:10458000ADF82C30A38B13F4807F03F4007304D1B7
:1045900004A9616723B108AB05E008A961670BB9FD
:1045A00006AB00E00AAB6168236793683046C3EB53
:1045B000010813F04DDA6369998988B1072940F23F
:1045C00047819A68A8F106084244C8EB01089A603E
:1045D000A3F80C80E26615E02C1D89000338010069
:1045E0000D2940F235819A68A8F10E084244C8EBC3
:1045F00001089A60A3F80C802389E266190A41EA4F
:1046000003239381A36B6BB11B7A012B0AD0032B7D
:1046100008D0304651462A46234679F0C7DE0028A6
:1046200000F01681A36B33B11B7A022B03D1304605
:1046300021467AF087D997F85C339BB1E36E9B896A
:104640001A0A42EA0323934A1BB293420AD1304624
:1046500061690622002315F0BBDD18B130463946EA
:1046600049F006D9626FE36E11881980508858802E
:1046700091889980216F0888D88048881881898816
:104680005981616994F822E0C8890EF0070E20F084
:1046900007004EEA0000C8811178C9070BD53168C0
:1046A000D1F88810D1F8D0010130C1F8D001F968F3
:1046B000886D0130886597F8591061B195F824101C
:1046C000C80608D49989080A40EA0121714809B24C
:1046D000814240F0BD80D6F89811795C79B195F8A7
:1046E0002410C9060BD49B89190A41EA03236A499D
:1046F0001BB28B4203D026398B4240F0A980BB7994
:10470000EBB992F8008018F0010818D1D7F81831E9
:10471000384693F87420013283F87420D4F880105E
:1047200018316DF089DF61695046FFF325F20121F0
:10473000034642463846CDF800806DF0FDDFD6F8DE
:10474000D0361B68FB58002B35D01B68002B32D0AD
:10475000D4F86C80B8F80C301A0A42EA03234D4AA8
:104760001BB2934227D197F8A73313B197F8F633CA
:104770000BB350466169424612232BF0C1DB00287F
:104780003BD0B8F8103050461A0A42EA0323616958
:1047900008F112029BB22BF0B3DB00282DD0636B23
:1047A000D6F8D006003318BF0123394642467DF0C3
:1047B00077D900284CD17B69002B2FD0D4F86C809E
:1047C000B8F80C301A0A42EA0323324A1BB2934269
:1047D00024D150466169424612232BF091DB60B12F
:1047E000B8F8103050461A0A42EA0323616908F10A
:1047F00012029BB22BF084DB30B93368D3F88830D7
:104800005A6E01325A6623E0626B7869003218BF33
:10481000012241462B4643F0B3DAC8B9D5F89431AA
:10482000DB070BD594F8293043B9E36E9B891A0A4C
:1048300042EA0323174A1BB2934209D1636994F8F1
:104840002920009330462946636F26F045DC1DE0A1
:1048500033685A6BAAB161691048CA89D3F88C30A1
:1048600002F00702825C0E48855C50460C3503EB73
:10487000C5056B68AE6801336B60FFF37DF180198D
:10488000A86050466169002202F090DE0DB0BDE8DC
:10489000F08F00BF8E88FFFFB488FFFFBAD5880075
:1048A0006CE188002DE9F04F4FF0000AAFB0CDF871
:1048B000B0A0CDF8B4A0D68A984610939B89044640
:1048C000212B0F461546CDF864A08DF84EA0CDF8EB
:1048D00050A08DF857A08DF854A08DF88CA08DF8BD
:1048E00058A011922B92CDF888A001D803684AE015
:1048F000D8F808901046494671F0D2D909F106035C
:104900000890C8F82C000B93B9F806301946ADF89A
:10491000483001F00C02184601F0F00301F4407138
:10492000A1F5407E92081B09DEF1000141EB0E016A
:10493000022A08BF4FEAD30AADF84A205FFA8AF28A
:10494000ADF84C308DF855108DF85620B5F804E0D0
:104950000EF0030EBEF1020F04D100B2002801DAFE
:10496000DB0800E00023D8B28DF85700002914BFFF
:104970002823222302B1023300B104331098808926
:10498000984206D22368D3F888305A6E01325A66AC
:104990007EE399F80A3003F001038DF8583009F1ED
:1049A0001E030C9311B109F124030C9300238DF81D
:1049B00059304AB10C9B5A781B7843EA0222DB0932
:1049C00007928DF8593000E0079241463846FFF3D0
:1049D000D3F0109909908B68384606338B608B8929
:1049E000063B8B819DF859301BB1FEF365F50146FE
:1049F0003846042202F084DD16F4404F9DF855201D
:104A00000CBF4FF0000B4FF0010B00232D9302BBA6
:104A1000BDF848300B9913F4407F09D101F110061D
:104A200020460A315A462DAB78F00CDA2C9005E07E
:104A3000D80501D50E1D01E001F10A062D9B23B911
:104A40002046314648F0F8D92D902D9B003318BFF1
:104A500001238DF85C302D9B13F1000A9DF858302E
:104A600018BF4FF0010A43B90B992046043148F0B2
:104A700009DA061C18BF012600E00026D4F804322B
:104A80001BB9236893F82C306BB3236893F83E204E
:104A9000002A08BF4FF0000A7EBBBDF84820D205AF
:104AA00006D49DF858201AB1BAF1000F40F0F682F2
:104AB0009DF8552012B19DF858203ABB93F82C3040
:104AC000002B00F0C982BAF1000F04D1204629461C
:104AD00058F064DEC0E22D9B9B79002B40F0BC8235
:104AE0004FF0010A14E09DF858301BB9002E00F079
:104AF000B38202E0002E00F0D1829DF855302BB930
:104B0000BAF1000F00F0A8829A4601E04FF0000AC7
:104B10009DF856300BB39DF859304BB194F80E32D6
:104B2000002B00F09982109B9A6942F040029A6132
:104B300007999E4A01F00703D25C9D498DF84E30DB
:104B40008A5C0799149201F0100212118DF854201A
:104B50000C9A8DF88C3002320C92109BD98998896E
:104B600011F4005218BFB3F850200C999B688218BA
:104B7000CB1A0E924146D21A38460D920693FEF396
:104B8000FBF7069B0B9AC31A0F93937DD17D43EAE3
:104B90000123ADF8AA30BAF1000F2FD12CAB00934E
:104BA0000E9B204601932DA92B4618F0ABDE002862
:104BB00040F0528274E22D99002900F04D820B9A48
:104BC00020460A325B4678F07BD82C90002840F0D3
:104BD0006D820B9A2D9920460A325B4678F072D985
:104BE00001462C9030B92368D3F88830DA6E013250
:104BF000DA6631E2204677F0D5DF57E2BDF848307B
:104C000013F4407F04D12D9B1B7C002B3AD106E08E
:104C10009DF855301BB92D9B1B7C002B32D02046B4
:104C20002D990A325B4678F04DD92C9018B913E2D1
:104C30002C9B1B692D931EB123689A6A2C9B9A6248
:104C40002D9BD3F810210792BAF1000F21D19DF8C6
:104C50005520F2B99DF858201AB1BDF84820D0056A
:104C600010D49979BDF8482011B1D1050AD510E0CA
:104C70001B7C02F44072002B14BF4FF4007300231E
:104C80009A4206D02368D3F888309A6D01329A652B
:104C9000E2E12046294658F081DD002388F8230010
:104CA00083462D9888F822308379ABB9BBF1000F89
:104CB00012D0594695F91D20334658F0CFDD2946CC
:104CC000D4F8C426204658F00DDD3246014688F857
:104CD00022002D9858F010DE2C9B93F8922112B9E7
:104CE000D3F8F42052B3BBF1000F27D0D3F8F01063
:104CF000D3F8EC2042F821B0D4F88424517911F093
:104D00000100D3F8F01018BF95F91F0003EB8101E3
:104D1000C1F89C015279521012F00101D3F8F02031
:104D200018BF95F9201003EB8202C2F8BC11D3F82A
:104D3000F020013202F00702C3F8F0209DF8552060
:104D40002D9B0AB1DB6D3CE09A792C99002A31D079
:104D50004B6B25934B685A061BD59DF85620C2B164
:104D6000BDF8AA20100714D191F8D7208AB10A7D86
:104D7000D2070ED4BDF84820D0040AD59A0308D52E
:104D8000149A91F8C9301341DB0702D520463AF056
:104D90000FD9BDF8483013F4805F2C9B5A6814BFBC
:104DA00042F4003222F400325A600BE0BAD5880097
:104DB0006CE188004A6B25921A7C1AB9DB6DD80722
:104DC00000D525932D988379A3B9037C93B19DF8E1
:104DD00058307BB9BAF1000F0CD1079B83F806A0BD
:104DE00094F80C22D3F8F0309A4203D084F80C32B5
:104DF00021F010DB9DF85830FBB12D998B79002BF9
:104E000040F02A810B7C43B10B98E231103006222E
:104E1000FDF3E8F2002800F01F810B980430FEF348
:104E2000D9F150B92D9890F8453033B90B99043128
:104E300048F076D9002840F00F81BDF8AA30089AD2
:104E4000A8F81C300B9BC8F82C201B7C2C9913F065
:104E5000010F099E4FF0000707D0D1F854310133FC
:104E6000C1F85431F1E9622306E0D1F85031013341
:104E7000C1F85031F1E96023921943EB0703C1E90E
:104E800000239DF858309BB999F8003099F801201B
:104E90001A4399F8023013430AD0D8F82C10D4F8EA
:104EA0005C016A8A78F0C6DB2C9B0899C3F85C1118
:104EB00099F90330002B07DA2368D3F88830D3F848
:104EC000A8220132C3F8A82299F8033013F0300F5A
:104ED00007D02368D3F88830D3F8B0220132C3F862
:104EE000B0229DF85830002B71D1D8F82C002368DF
:104EF00010F0407FD3F8886001D1C0B201E070F0BB
:104F00004DDD16283AD00CD80B2825D004D802281D
:104F100016D004285BD119E00C2823D0122856D1D2
:104F200026E030283CD004D818282DD024284ED193
:104F300030E0602840D06C2844D0482847D135E084
:104F4000D6F838320133C6F8383240E0D6F83C3271
:104F50000133C6F83C323AE0D6F840320133C6F8A5
:104F6000403234E0D6F844320133C6F844322EE001
:104F7000D6F848320133C6F8483228E0D6F84C3229
:104F80000133C6F84C3222E0D6F850320133C6F86D
:104F900050321CE0D6F854320133C6F8543216E0D1
:104FA000D6F858320133C6F8583210E0D6F85C32E1
:104FB0000133C6F85C320AE0D6F860320133C6F835
:104FC000603204E0D6F864320133C6F864329DF8EA
:104FD00058301BB12D980BA91AF01ED99DF85830E6
:104FE0002BBBD8F82C0010F0407F01D070F0D6DC3D
:104FF00000F07F00022809D0042807D00B2805D034
:10500000A0F11601484240EB010000E0012000221F
:10501000E98895F91C3000920190A888090A800B54
:1050200002902D9803920490204609F058F92C998B
:105030004B685A030BD59DF8583043B9BAF1000FAD
:1050400005D1D4F838010BAA33F038DE33E020461E
:105050000BAAFEF7F5FF2EE023685A6BC2B19DF84C
:105060005820AAB910991548CA89D3F88C3002F093
:105070000702825C1248845C38460C3403EBC4049B
:105080006368A56801336360FEF376F54019A0609C
:1050900038461099002202F089DA0CE0B24637E572
:1050A000BDF8483013F4407F3FF485AD2D9B002BB5
:1050B0007FF4C1ADBCE52FB0BDE8F08FBAD5880054
:1050C0006CE188000B68C968DB691A6889B14B78A4
:1050D000012B0ED1B2F8BE3023F040031B041B0C91
:1050E000A2F8BE308978890644BF43F04003A2F895
:1050F000BE3000207047F8B591E88800DC6903688D
:105100000D461A6892F8626126B1D3F8600806F07D
:1051100073FF0646F86DF9F725F958B156B1E868FE
:1051200058B14378012B04D00C23A3804FF0FF30FB
:10513000F8BDA0610023A3800020F8BD38B5036846
:105140004C681A6892F8625125B1D3F8600806F0ED
:1051500053FF0546E06DF9F705F950B145B9D4F8AC
:10516000A00300F02000002814BF0320002038BD59
:10517000032038BD2DE9F84391E808020568DC6991
:105180002B680E4693F86271D4F8008027B1D5F8E9
:10519000600806F031FF0746D9F85C00F9F7E2F83D
:1051A00088B187B1F06888B14278012A05D00C2314
:1051B00023844FF0FF30BDE8F8836062D5F86008C3
:1051C000414607F0D9FC002323840020BDE8F88382
:1051D0002DE9F04F1C4692F801909B68D1F85CC015
:1051E00089B0002723F4C063B9F1010F80460E4651
:1051F0001546CDF810C005970697A36040F23C8194
:10520000D278AB7843EA0223012B40F03581A9F133
:105210000203DBB2032B0ED81CF0400F00F02C81F0
:1052200004222DF0F5DC002800F026814023636382
:105230000423A36329E12F1D384696490322FDF379
:10524000D1F08246002840F0178140463146EA7985
:105250002DF0DEDC002800F00F8104F1380B384619
:105260005946FFF31DF0A9F10603DBB2012B11D85B
:10527000049B5F0640F100814046314604222DF038
:10528000C7DC002800F0F880402363630423A36395
:105290005746FAE06A7A2B7A43EA0223012B40F060
:1052A000EB8005F10A0738467A490322FDF39AF0AC
:1052B000002840F0E180404631466A7B2DF0A8DCB2
:1052C000002800F0D98038465946FEF3E9F7A9F1E5
:1052D0000C03DBB2012B06D8049B580640F1CC80AE
:1052E00040236363CEE0EA7BAB7B43EA0223012BDE
:1052F00040F0C08005F1100066490322FDF372F012
:10530000002840F0B780EB7C012B01D0052B02D1A7
:10531000049A510617D4062B02D1049A120612D40D
:10532000D8F8002092F862212AB1082B03D1049A00
:1053300012F4802F05E0022B40F09C80049A12F0BA
:10534000800F00F097805A1FD2B2012A01D9082B92
:105350000BD1336D5B0504D4049B13F4922F00F042
:105360008F80A36843F48063A360336D5F0503D52A
:10537000A368580540F1848005F1100004A90022BB
:10538000FEF31AF7002877D0049BA9F11202D2B2DB
:10539000012A63638CBF2A7D0022B3F5802F01D1DF
:1053A00051066BD5D8F87C06316D0DF11F0304F062
:1053B0005FFA002864D09DF81F301BB1A36843F446
:1053C0000073A360A9F11407FFB2002F4AD095F82B
:1053D00001A0A9F11609C7EB0A0A05EB0A0393F825
:1053E00003C003F1020B9B785FFA89F943EA0C2CA6
:1053F0004FEA1919002723E00BEB0713023305933B
:105400001023ADF81C3004F114030093636B304695
:10541000019306A905AA07ABCDF80CC057F09ED999
:1054200001372028DDF80CC00AD1059A62B1069B2D
:1054300053B1012100914046214638F033D903E0B1
:10544000674501D04F45D7D15544EA78AB7853EA48
:10545000022317D0059BBBB1069F002F0CBF352739
:10546000002712E0404621463A463B46009738F076
:1054700019D90AE02B2708E00C2706E02D2704E0C5
:105480001F2702E0002700E03527384609B0BDE8B5
:10549000F08F00BF22380100F8B591E828000768B6
:1054A0005B681E683B6893F862415CB1D7F860089E
:1054B00006F0A2FD31460446D7F8600806F0A0FDCC
:1054C000064600E02646E86DF8F74CFF30B124B1FF
:1054D000002E14BF03200020F8BD2046F8BD2DE9A2
:1054E000F34191E8480007685B680C46D3F80080F8
:1054F0003B6893F862315BB1D7F8600806F07CFD39
:1055000041460546D7F8600806F07AFD074601E0F7
:105510001F461D46F06DF8F725FFA0B19DB197B16C
:105520000122002101A8FCF3F5F701A80521FEF3F3
:10553000C9F30122A369F42001A9FDF30FF5236843
:10554000A2695B681A620020BDE8FC8173B503683C
:105550000C461A684D6892F8626126B1D3F860086B
:1055600006F04AFD0646E86DF8F7FCFEB8B11EB934
:10557000D5F8A033980612D50122002101A8FCF32A
:10558000C9F701A80521FEF39DF30122A369F420C8
:1055900001A9FDF3E3F42368A2695B685A61002066
:1055A0007CBD73B503680C461A684D6892F8626159
:1055B00026B1D3F8600806F01FFD0646E86DF8F73F
:1055C000D1FE98B11EB9D5F8A0339B060ED50122A5
:1055D000002101A8FCF39EF701A80521FEF372F358
:1055E000F42001A90122A369FDF3B8F400207CBDD9
:1055F0002DE9F3471746027A04460E46D0F800908C
:10560000D1F800800AB1002B6AD0E3199D7A002DF1
:1056100067D098F8023194F8272003F01C039B0808
:10562000934238BF13463371304630F093DD98F81B
:1056300002314FF4005203F0030312FA03F3F36054
:1056400098F80231204603F003030D3386F83D310C
:10565000414607F1360A2FF00BD856F82A5045B9C3
:105660004FF4417001F06CDF0546002839D046F850
:105670002A00284600214FF44172FCF34BF7022325
:105680002B700023AF7085F8ED30D9F80030C5F8E5
:10569000F48093F869318BB1484649F041DC38B168
:1056A000E37C984228BF184684F80434E07405E08F
:1056B00094F8043413B1E37484F80404A27CE37C0A
:1056C000009294F82F2048460192D5F8F4103A46FB
:1056D00032F036DFD4F850321A6D01321A6500E02C
:1056E0001D462846BDE8FC872DE9F041D0F8E822A8
:1056F000002507460E46A8462B46D2F8B0100432C5
:10570000002918BF98460133182B0D44F5D128F015
:1057100007083046184908F10708FDF36BF105BB8F
:1057200022E0D7F8E83204F12C0253F82220642357
:1057300053433046B3FBF5F31049FDF35BF1104BD7
:105740002340002B03DA013B63F007030133072BEF
:1057500005D1444503D030460A49FDF34BF10134ED
:1057600000E000244445DCDD30460749FDF342F10A
:105770000020BDE8F08100BF225701002C57010036
:1057800007000080375701001A2D890037B5002324
:105790000193079B0546032B144604D901A80699DB
:1057A0000422FCF333F60E2C2B6806D11B68002074
:1057B00093F8D120089B1A6001E06FF016003EBDFF
:1057C000F8B5C269002307460D461E46D15804337A
:1057D000602B0E44FAD128461149FDF30BF1C6B1F6
:1057E0000024FB69284653F82420642353430D49C1
:1057F000B3FBF6F3FDF3FEF004F00703072B05D12E
:10580000172C03D028460849FDF3F4F00134182C76
:10581000E7D128460549FDF3EDF00020F8BD00BFB3
:105820005C5701002C570100375701001A2D8900E1
:105830000020704710B51C4603699B794BB9880559
:1058400001D5101D03E0C90510D502F10A0021465B
:1058500008E0CB0502D502F10A0002E0880505D573
:10586000101DA11D0622FCF3BDF580B9204602994A
:105870000622FCF3B7F568B1204603990622FCF333
:10588000B1F500280CBF4FF0FF30002010BD4FF0E5
:10589000FF3010BD4FF0FF3010BD00002DE9F04F7C
:1058A0005D4B07461868EFB06A9015469A886C6998
:1058B000ADF8AC2153F8060FA2686C909B88049158
:1058C000ADF8B4317B68A98BD3F814B06B6805913F
:1058D0009B1A9BB2D218A260A289D5F81090D31A55
:1058E000A3810026B84664E0642E64D0A368E289F0
:1058F00003F10E0712F4005218BFB4F85020BF078E
:10590000A089998905D04746FB6E1A6C01321A644A
:105910005BE01218DFF808A10F0A92B247EA0127EC
:105920000392A18ADAF800200E3752F82120BFB284
:105930001AB13A4AF91C0A4000E03A4603999142EA
:1059400005D04746FB6EDA6B0132DA633DE06AAAA6
:1059500000926CAA0192049805992A68FFF76AFFE1
:10596000002832D1E3899B0407D5B4F8503023B125
:10597000A389FF1AA4F8507000E0A7812246D8F846
:105980000000594619F0BCDEE38995F8222023F087
:10599000070302F007021343E38106AB43F82640F6
:1059A000A28ADAF80030013653F82240039BC3EB99
:1059B0000909002C98D14746B9F1000F01D105AB78
:1059C0000FE0FB6E5A6C01325A6458466969002236
:1059D00001F0ECDD1DE053F8042F0021918209F164
:1059E0000109B145F7D124B158462146002201F002
:1059F000DDDD00240BE006AB53F8243095F82920B8
:105A00000093386804999B6825F066DB0134B44242
:105A1000F1D16FB0BDE8F08F2B380100FCFF010021
:105A2000E80300002DE9F04FB1B0DDF8F4800793F2
:105A300000230F922F9308F138023A9B0B92D1F872
:105A400008215B880C92079A0E931388814603F015
:105A5000FC03A3F120077B4243EB07030C463C9E6B
:105A6000856908932BB13A9B4FF0300B04330A93AE
:105A700003E0089A4FF0100B0A920021282210A888
:105A8000FCF348F51AA800212822FCF343F5D5F8C9
:105A90006C332BB110A805F55B712822FCF3B6F42A
:105AA0000C9B0DF1400A03F138070DF1680C3A46E2
:105AB000534628462146CDF800C0CDF818C024F042
:105AC00065DAD5F8843439469B7824AF00220B98E8
:105AD0006FF0BEDE384600212422FCF31BF508F1EE
:105AE0004D03DDF818C02593CDF898A0B8F86830BC
:105AF0000DF1B40A504600210822CDF89CC028932D
:105B00002496FCF307F57368CDF800A0C3F30043B7
:105B10008DF8B43021465A460023D5F894062E97C6
:105B200053F03AD804F1DC0300F1060A079A0D930A
:105B30008DE808042FAB0A320293074659462846DF
:105B400004F1E203099220F08BDE844618B9112299
:105B5000A8F86820E9E02F9B0022012119705A70F3
:105B60002A6A1268022A04D194F92C210AB9212246
:105B70001A70216D40F237120A4032B194F8582061
:105B80001AB11A8842F010021A8095F8722432B1C4
:105B90002A6A527D1AB11A8842F480621A80B8F8D3
:105BA000682021465A80B8F820209A802F9B2DAA81
:105BB00006338DE88C002F93D5F894065A460023BF
:105BC000CDF818C052F056DFDDF818C0002840F0BC
:105BD0009980009498F81820E3680290039001924D
:105BE000DA6828463346614624F01AD8B8F8683097
:105BF00023B13046022176F0A5DB83E02F9B063BE4
:105C00002F93B36898050CD596F8243003F003035E
:105C1000032B06D1D5F87C06214632465DF0C6DA64
:105C200083E0B8F820303146A6F8CC30284676F02C
:105C3000B9DF0C9A022192F860300E9A30469342F6
:105C400038BF1346A6F8FA3076F004DED4F8EC300C
:105C5000190309D5284621461AF038DD012803D159
:105C60002846214646F0F2DE2B689B6AF362089BC9
:105C700053B10D980A990622FCF3B4F320B14846BB
:105C80000999E26836F0A6DF0999E268484636F0DD
:105C9000C5DC2A68D4F8EC1092F84F2011F40053B8
:105CA00018BF022312F0030205D0CA045ABF72685B
:105CB000C2F3004200227F218DE806000B9806F116
:105CC0003C0100226FF0F0DE2846314677F058DBC9
:105CD000606920B106F11401012201F0D9FFD4F866
:105CE000EC309B0404D5D5F84C01214660F064DB10
:105CF0002B6893F8693133B128462146012202F01E
:105D0000BDFF00E0BA463B9B3A9A01932F9B00925D
:105D10000293484621460F9A079BCDF80CA00496A3
:105D2000CDF8148036F054D905E048462146079A4C
:105D3000434635F029D931B0BDE8F08F2DE9F04F59
:105D40008569E3B0924698469DF8B421D5F8643150
:105D50000C4607921BB19B79002B40F06A812B689F
:105D600093F82F30ABB1236D990712D594F8A43076
:105D70007BB100F05FDFD4F8B0103EF0D7DE002832
:105D800000F06C810023C4F8A830C4F8AC3084F86B
:105D9000A430A3791BB12379002B00F04A81BAF813
:105DA00000B01BF4804B65D00AF10A032846214657
:105DB0001A46069376F080DF0746002800F0398106
:105DC000D0F8D030002B00F0348198F803909DF883
:105DD000B8314FEA99190BB3D5F89C3253F82960C2
:105DE000E6B13369D3B1337AC3B1414603225BA82C
:105DF000FCF30CF35BA806F1140132690330FCF3E9
:105E000005F331695BA8033108AA02F0AFDA6C9A96
:105E100008F10400111F08AA02F0CADA09F11C09EE
:105E200054F8293093B11A696C984146143308F03C
:105E3000F5DCC0B901230090019302900390049017
:105E4000214628461722069B1AF05ADDD7F8D000C3
:105E500001F088DB0023C7F8D03003230F26069318
:105E60004FF00109D2E06C9A08F10408083A6C92EC
:105E70000F2601E05E465F46B8F80230B8F80090A1
:105E800006932B6893F8623173B1B9F1030F0BD10C
:105E90006C9A079B00920193D5F860082146524600
:105EA000434674F057D8C4E0069A032A00F2C18032
:105EB000BBF1000F67D1012A40F0CC80B5F8AA01F0
:105EC00022F014D90AF10A0B031C214618BF012342
:105ED00028465A4676F0F4DE014610B1284676F0A0
:105EE000F1DE284621465A4676F0E8DF07460028CC
:105EF00000F0B2804368DA0408D52A6892F83020AE
:105F0000002A40F0A98023F4805343602846394694
:105F100025F0B2DDB9F1000F03D0B9F1010F2BD19B
:105F200012E0B4F9543094F94420384601211BB9E9
:105F300016B976F0B9DC01E076F01EDA97F8243075
:105F400013F001031DD118E0B4F95430012B18D01F
:105F50003846494694F9442076F00EDA00238DE85D
:105F600008020293039304932846214617225B46B6
:105F70001AF0C6DC0D2649E00023012200930192AD
:105F8000EFE7002E42D100210C225FA8FCF3C2F201
:105F9000344B0DF5927B5F93334B002128225846FA
:105FA00060936195FCF3B6F2069BADF8346153AE95
:105FB0003046002120224A93CDF824914B97FCF3E0
:105FC000A9F26C9A08F106030193931F00960293BD
:105FD000D5F894062146B0225FABCDF868B152F0F7
:105FE00003DEBDF834618EB987B197F82430D80745
:105FF0000CD52846214604220AF10A030096019690
:10600000CDF80890039604961AF07ADC069A20469A
:10601000531C0193002303930493079B0AF10A0185
:10602000059304F1DC023B46CDF800900296FDF7A3
:106030006DFC284621460AF10A0276F03DDE68B181
:10604000A3795BB190F82430D90707D52B689B6AF8
:10605000836203E00E26D9E70126D7E763B0BDE8E7
:10606000F08F00BF11148400151484002DE9F04F47
:106070009A46836EADF5077D81468669CB58D1F887
:106080000C01919C0D460D92DDF8408212930C900C
:10609000002C00F0AA82002131A86C22FCF33AF215
:1060A0009DF848320D998DF8DC30B4F8CC3033913E
:1060B000CDF8D0A0CDF8C4903295CDF8D4803694E8
:1060C00023B9206947F04AD8A4F8CC00B4F8CC2012
:1060D000D5F808310021ADF8E4204CA8282210930F
:1060E000FCF318F20D98BAF800200388ADF82C20C4
:1060F00003F0FC03A3F12000434243EB0003D9B2B9
:106100008DF8473093B20A934B010E9394F82430E4
:106110000F9103F00303032B03D1A368990500F14A
:106120003F82D6F864311BB19B79002B40F0578237
:10613000336893F82F30ABB12B6D9A0712D595F8D1
:10614000A4307BB100F076DDD5F8B0103EF0EEDC87
:10615000002800F04A820023C5F8A830C5F8AC300A
:1061600085F8A4300F9820B1B8F1090F40F23782BA
:1061700009E0B8F1030F40F23282A8F104010AF1FC
:10618000040B099104E0A8F10A020AF10A0B099232
:1061900000276763A763304621463A4676F0B4D9B4
:1061A000099BCDF8F4B0012B3E93CDF8ECB040F351
:1061B00016829BF80130099802339842C0F20F8290
:1061C00039460C2283A8FCF3A5F1704B3946839322
:1061D0006F4B282284936AAB184608938596FCF38C
:1061E00099F156AA0DF5E87C6B9260AA6C92604614
:1061F00039462022CDF81CC06A94ADF8C871FCF372
:1062000089F1089B09997B933368DDF81CC093F8EA
:106210004F30029103F00303CDF800C0CDF804B075
:106220008DF8E8310E9AD6F89406294683AB52F0E1
:10623000DBDCBDF8C8210E9208B11746BFE1BDF8FE
:106240002C30D4F8E000A4F8F83038B141780231AD
:10625000FDF322F7D0F1010038BF00200B900B981E
:10626000EB6D8DF8E60023B12A6D40F23713134031
:1062700013B92B6D5B060BD5D4F8E03043B9AB797D
:10628000002B00F08F81D5F8EC30980440F18A8122
:10629000304656A960AA4CAB1AF0F6DE002840F052
:1062A000858196F81C259DF844319A4240F07E8104
:1062B00094F8243099070BD594F8D73023B13046A1
:1062C0002146012239F0C0D92046FE2176F03AD885
:1062D00095F94430002BC0F2718194F82430DA072C
:1062E00040F16C81336893F8A9304BB1D6F8700156
:1062F0002AF04EDD022803D10A99CB0540F15481E2
:106300006D2215A80021FCF305F10023DDF830E132
:106310001A4612E086A8C11811F8E41C01F07F01AA
:106320006C2909D81B48405C30B115AF40B2795494
:1063300032EA200228BF012201337345EAD16168A5
:10634000336A21F007016160587D12F1000C18BF1B
:106350004FF0010C18B112B941F0010161605B7D91
:1063600033B10A99480503D4636843F002036360BC
:106370000A9A12F02002139203D0636843F00403D8
:106380006360109B986B002314E000BFB111840080
:10639000CD138400581689001099CA1892F83C2031
:1063A000110606D502F07F0215A98A5C002A00F0CA
:1063B000FD8001338342EFD1336893F84F309A0761
:1063C0002AD06D9941B34A7830460232CDF81CC0CC
:1063D00054F09CDA002207460092304621463A46A5
:1063E0000023FBF701FCDDF81CC0AFB151A810225F
:1063F0000130F91CFCF30AF051AA0023F11891F8BE
:10640000011312F8010F0840884240F0CF80013399
:10641000102BF3D14FF0020C129B9C45C0F0C680AC
:10642000EA6D22B1296D40F237130B4013B92B6D81
:106430005B060BD5636B23B1A16B40F237130B40A6
:1064400023B92B6D13F0410F00F0B8800A98C006F5
:1064500018D5296D40F237130B409BB9490601D579
:106460000B9979B130460D9E0023012200930192D1
:106470000293039304932946172206F10A031AF0A4
:106480003FDA9BE0E2B12A6D40F237131340BBB113
:10649000D30715D594F8D630012B11D1636B7BB19E
:1064A00005F1DC03009305F1E20301930227304676
:1064B0002946224604F11403029726F097D87EE07D
:1064C000336893F830304BB9336A1B68022B05D11F
:1064D00095F92C3113B91398002869D0336A1B68D9
:1064E000022B05D199F8003013B10A99480561D5FE
:1064F000304619F07BDDD9F8283098425CD230461E
:1065000029461AF0E3D8D5F88430984254D2D5F809
:10651000EC30990408D5D6F84C0121465A46099B1F
:1065200060F016DA002849D10E9A4CA9ADF82C215A
:106530003FA82822FBF36AF70C99486B08B101F0D9
:1065400011D80F9A1AB1AAF1060A08F106089DF8A7
:1065500047000C9B83F83C00404600F0F1DF0C99AB
:10656000486308B9886306E042465146FBF34EF79C
:106570000C9AC2F8388001238DF8F03104F114012F
:10658000002306227DA8ADF8F231FBF33FF731ABD3
:106590000093304629467CAA234635F051DD24E09D
:1065A0001E270CE00D270AE0162708E0122706E058
:1065B000132704E0192702E0112700E00C2731AB74
:1065C0000393484629467CAA0D9BADF82C71CDF863
:1065D00000A0CDF804800294FFF724FA05E04846B5
:1065E00029460D9A31AB34F0CFDC0DF5077DBDE8BF
:1065F000F08F00BFD1F80C0130B5446B4CB1816B0A
:1066000039B190F83C50002D0CBF04250A25A94251
:1066100003D200211160196030BD251D156019607D
:1066200090F83C0018B106390A34196014601A68F1
:10663000043A1A6030BD0000024B00F00F0053F81E
:1066400020007047746501002DE9F04FCB88D0F829
:1066500010218BB09B0605460E460468D0F80C71DD
:106660000892D0F804A11DD5036D9A0712D55807DA
:106670000BD501F16F0004217CF0BADC90B906F172
:10668000830004217CF0B4DC60B994F8413513F048
:10669000020F05E0DA0705D594F8413513F0010F34
:1066A00040F02B8320462946728E16233CF0D6D824
:1066B000002840F04083738E204613F4404F0CBFF7
:1066C000002201220A3254F822902A46494621F03B
:1066D00069DFFF28804600F02E8394F8903243F063
:1066E000040384F89032236893F83B303BB1204692
:1066F000294642465AF000D9002840F01C83236AFC
:10670000186961F0DFD840454DD0236A186961F0FF
:10671000D9D8FDF387F383464046FDF383F38345E1
:1067200009D1236A186961F0CDD808F4605300F4E8
:106730006050984237DC7B68022B0AD1BAF8BE3031
:10674000DB0706D5BB68182B03D0089A536B042BC4
:1067500029D1D4F8580141464CF062DB204628F09C
:106760001FDC7B68022B08D1B5F954302BB9D4F863
:10677000D4062946324651F0B5DA2046414626F085
:1067800041DF236893F83B304BB1D5F83C3359686F
:10679000D4F8C035994202D0204623F0ABD8204629
:1067A0001FF0ACDE0FE0D4F8580141464CF042DF58
:1067B00048B1D4F8580141464CF032DB0021204664
:1067C0000A4622F00BD8236893F83B3093B1D5F8F2
:1067D0003C335A68D4F8C0359A420BD0204628F092
:1067E000DFDBD5F83C332046596823F083D82046B8
:1067F0001FF084DE09F15003C82250463146099348
:10680000FBF304F6D9F80030AAF83280022B07D146
:1068100099F81580D8F1010838BF4FF0000801E061
:106820004FF00008F38813F020030DD0236893F88D
:106830004F3013F0030307D0D5F8EC3003F4805346
:10684000D3F1010338BF0023DBB20AF1380B079301
:10685000FF22B8F1000F18BF00238DE80C00584646
:106860005946002243466FF01FD9D4F88434584665
:10687000099901229B786EF0EBDF00282ED1B9F840
:106880000820D9F80090B8F1000F05D12046414604
:10689000069220F03BD9069ABAF8323003F46053DE
:1068A000B3F5205F08D0B3F5C05F07D0B3F5805FC4
:1068B00014BF0A23142302E0A02300E02823FF21B1
:1068C00001910290CDF800800393D4F884345846A7
:1068D0001B79099904934B466FF0AAD8D5F8EC3090
:1068E00098040CD52946204620F010D9FF230093A8
:1068F000019059465846002202236FF0D5D8204611
:10690000594623F0D9DA96F9342020460032294638
:1069100018BF012246F0F2DC96F93430E3B9D5F81D
:106920000831012283F86020D4F8440129465BF045
:1069300097D9284631463BF023DA28460E213DF010
:106940005BD82946204646F051DE204629467A6823
:10695000BB6845F007D8CCE1D5F8EC30990405D5F3
:10696000D4F84C01294652465FF0BADC204629464D
:10697000324676F0A3DA804638B9204629463A46B0
:106980000BB0BDE8F04F3BF09D9F079AF2B1DAF8EB
:106990006830BAF86C900C33A9F10C0919464A46D4
:1069A0002046069353F0CCDF069B844619464A46A0
:1069B0002046CDF818C053F099DFDDF818C000224A
:1069C000034600922046414662460AE04368DA03E5
:1069D00009D5F3889B0606D4079B204600934146C1
:1069E0001A46FBF701F9D8F80430D5F8EC2043F447
:1069F0008053C8F8043012F400524FF07F0308F1BE
:106A00003C01009305D0079A5846019202230022C8
:106A100003E0079B5846019313466FF045D8204684
:106A2000414676F0ADDC204629463AF0C1DD2368C8
:106A300093F862315BB1EB6D580308D5BAF8BE200C
:106A4000D4F860084146C2F3801206F095F898F831
:106A5000243013F00C0F40F04681B5F954A02368A0
:106A6000C5F800A193F86231002B7DD0EB6D1906BB
:106A700005D5D4F86008294673F054DB10B9EB6DE6
:106A80005A033CD500232946C5F80031D4F86008E4
:106A900073F032DA29468246D4F8600873F040DA9F
:106AA00088B14FF4802920462946324608238DE8D4
:106AB00000063DF019D830B10323C5F80031C5F800
:106AC0005C909A461BE0D4F86008294673F02ADBF4
:106AD000A0B14FF0800B4FF0000920462946324606
:106AE0000223CDF800B0CDF804903CF0FDDF28B1D2
:106AF000C5F80091C5F85CB0CA4600E08246D5F8FA
:106B00000031032B0BD1D4F8DC0629463246EB6D5D
:106B10006CF002D818B10023C5F800319A46D5F8B8
:106B20000031032B20D1D4F8600805F065FA50B18C
:106B3000D4F86008414605F063FA20B1D4F8600843
:106B4000294605F01FF9D4F8600829464246334625
:106B500073F092DA30B1284608210BB0BDE8F04F4F
:106B60003CF04A9FC5F800A1D7F80490B9F1020F94
:106B70001DD1BAF1000F1AD1D4F8D40629463246F5
:106B800051F0C8D898B1D5F80801FCF32FF370B9CB
:106B9000D4F8D00629463246C5F800917BF00EDACB
:106BA000D4F8D4062946324651F016DBCA460C21E9
:106BB000404675F04FDE7B68022B23D1089A536B59
:106BC000093B012B1ED893464FF00009134616E0EF
:106BD0000A2000FB0930D5F808116230062206931E
:106BE000FBF300F4069B30B94FF49672ABF86820C3
:106BF000012283F8502009F101090BF10A0BDA6C2C
:106C00009145E5D37B68022B33D12B7A002B30D012
:106C1000BAF1020F2DD1B6F8BE30DB0729D5089A9C
:106C2000536B042B25D0BB68182B22D0284622F0AA
:106C30004DDF18B12846002127F058D828461821E2
:106C40003CF0DADED8F80C30D4F8D406D5F80821B8
:106C50001BB11969002908BF00230093B6F8623000
:106C60002946C3F340130193434651F013DA064615
:106C700029E0284608213CF0BFDE4FF0010900233F
:106C8000CDF800A0CDF80490029303930493B6F8D6
:106C900062303246C3F3401305932846434608F159
:106CA0001401FCF733FE2368064693F869311BB1E3
:106CB0002046494648F0D2D8A06839684FF4967209
:106CC00000230CF02FDF46B1D4F888041B49B5F837
:106CD0002E21334660F0F8DA0BE0A06839684FF4F3
:106CE0009B72334603E00022A068396813460CF01B
:106CF00019DFBB7F0133BB771DE0F388708E23F46F
:106D00006663F380FDF38EF040F480501FFA80F844
:106D1000708EFDF387F0B6F8BE300E288CBF4FF4AE
:106D20004040002048EA000823F00A03A6F8328019
:106D3000A6F8BE30B6E40BB0BDE8F08FA590840095
:106D40002DE9F04F9A461388D0F80C61A3B003F0F8
:106D5000FC030993B36894460B3BBAF80220012B5D
:106D600004468B46DDF8B0900568D0F80471ADF8A4
:106D700028201FFA82F80BD80CF1100039460622A1
:106D8000CDF818C0FBF32EF3DDF818C0034660B150
:106D9000099A2046B2F1100318BF01230093002383
:106DA000019306210CF10A0248E0306C20B10693F1
:106DB00000F0D8DB069B7364484600F0C1DB30640A
:106DC00028B1C6F8449051464A46FBF31FF32B689E
:106DD00093F844303BB1D5F86001BAF802104AF09C
:106DE00037DCAAF80200B8F10B0F10D17368012B41
:106DF00013D0B3680C2B10D00023009321462846F3
:106E00005A463B463BF0C6D820460C2177E0B8F105
:106E1000000F16D0B8F11E0F13D07368204613F17F
:106E2000FF3318BF0123009397F934303A46D3F16A
:106E3000010338BF002301930121434639F0AEDB43
:106E4000C1E02B684FF000089B6AA9F10602CBF85D
:106E50002C300AF1060307930892039304924346E9
:106E6000284621465822CDF80080CDF80480CDF880
:106E7000088019F045DD41460C221FA8FBF34AF3B8
:106E8000524B41461F93524B282220930DAB18467C
:106E900006932195FBF33EF3BDF828200DF15C0924
:106EA0004146ADF8382048462022CDF834B0FBF3F7
:106EB00031F3069B089A1E93079B02920193CDF82B
:106EC0000090D5F894062146099A1FAB51F08CDE4C
:106ED0008046002877D1BDF83890B9F11E0F11D146
:106EE000129B2846F36421463AF062DBF26CA868F4
:106EF00031681E3243460CF015DE204619213CF065
:106F00007BDD60E0D4F8EC309B0406D5D5F84C016D
:106F10005946079A089B5FF07BDDBAF80420A4F875
:106F2000F62095F87338A5F8582383B192042869A0
:106F3000C421920C44F0C6DA05F5066009303946E2
:106F40000622FBF363F297F83230A5F870387368C5
:106F5000204613F1FF3318BF0123009397F9343013
:106F60003A46D3F1010338BF0023019300214B4679
:106F700039F014DB204659463AF026DAD5F8683263
:106F80009C4220D0E36DF3B9236DD8071BD5E36E87
:106F9000591C18D01C3354F82320A2B1117A0129AE
:106FA00001D003290FD15089D3798DE8030002F174
:106FB000140102910021049105910397284621466E
:106FC000126954F0C3DD23B0BDE8F08FD5548400BE
:106FD000616184002DE9F04FA5B092460C939DF8B5
:106FE000B820D0F80C310D920993BAF80220D0F8ED
:106FF000043101F10A07BAF8049004460B910568C0
:107000000892384619460622BAF800B01FFA89F8E5
:107010000A93FBF3E7F100282ED1284621463A4691
:1070200075F04ADE0646002826D0099A9368082B98
:1070300001D00A2B20D1726842F4805272602A6813
:1070400092F8622172B1BBF1030F0BD10C9B0D9A28
:1070500000930192D5F8600821460B9A534672F0CE
:1070600079DF92E0082B02D1089B022B03E00A2B68
:1070700007D1089A042A04D0002300932046062151
:1070800080E0B8F1000F06D0CDF800B02046012115
:107090003A46434677E041460C2221A8FBF33AF2F8
:1070A0003B4B414621933B4B282222930FAB184682
:1070B00007932395FBF32EF2089AADF84C900DF14F
:1070C00064091092414620224846CDF83CB0119602
:1070D000FBF320F2079B0C9A20930AF1060301931D
:1070E000931F0293CDF80090D5F894062146B02264
:1070F00021AB51F079DD002847D1BDF84C30002B91
:107100003AD1BBF1010F37D1089A022A34D10A21B2
:1071100020463CF071DCF368129A06F114011BB1B1
:107120001869002808BF002303930D9B01204FF02E
:10713000030C4FF0000E8DE8015004920593204699
:1071400033460A9AFCF7E2FB2146064628463AF007
:107150002FDA46B1D5F888040F49B4F82E2133460A
:1071600060F0B2D811E0099AA868116833464FF46C
:107170009B720CF0D7DC08E0191CCDF800B020465B
:1071800018BF01213A463DF025D825B0BDE8F08F63
:107190006D61840071618400A59084002DE9F04147
:1071A000876806467D68B86851F805800C46FAF392
:1071B000D1F2C8F80400002830D063590021586883
:1071C000E422FBF3A7F1F86854F80580FAF3C2F261
:1071D000C8F8080010B3635900219868E822FBF34F
:1071E00099F163592949D3F8088033683246C8F8C1
:1071F0000030986800230CF03FDDC8F8680068B1E3
:1072000063592349D3F808803368224698680023DD
:107210000CF032DDC8F8C00000282FD163599B68FC
:10722000FBB1996E39B1336898680CF00DDD635984
:1072300000229B689A6663599B68D3F8C01041B1DD
:10724000336898680CF000DD635900229B68C3F82E
:10725000C0206359F8689968FAF3A2F263590022D2
:107260009A606359596861B1B868FAF399F2635941
:1072700000225A606FF01A00BDE8F0810020BDE8DE
:10728000F0816FF01A00BDE8F08100BF55BE8400A8
:107290009DBC84002DE9F04F9FB006468B461446F6
:1072A000D0F800900493002B00F0DE828368049AEB
:1072B0005B681146D35848465D689B681CAA0593D5
:1072C0001BAB36F043D860B15CB9059C202204F1B9
:1072D00048001B99FBF39AF02022E2804FF0870CC4
:1072E0000DE0062C00F2C382DFE814F00700C102B3
:1072F0006F00C1026C01C102E4014FF0710C049CEB
:1073000063464846716804F11402CDF80CC07DF064
:107310003DDBDDF80CC08046002800F0AC82BBF1FC
:10732000030F06D1D5F8D030B3F5802F08BF4FF04A
:10733000000BD8F80840ACF112039BB21B0204F119
:10734000120A238200215F225046CDF80CC0FBF3C5
:10735000E1F04BF088039BB21A0AE27423752B8B81
:1073600005F11C071A0AA3756275484639462022A2
:107370001FF048DD04F11F0039462022FBF346F0E0
:10738000DDF80CC0ACF1710C1FFA8CF3BBB11A0222
:10739000A4F86F20023BDD2284F8712084F872305B
:1073A0008749032204F17300FBF330F0042384F8CF
:1073B000763004F177001C991022FBF327F00B23A1
:1073C0005F462B604FF0000B5AE2BBF1030F07D171
:1073D000D5F8D070B7F5802F14BF0327002700E041
:1073E0005F46D5F8D000802802D0B0F5802F04D1B8
:1073F00047F49E5747F0080703E0042802D147F4FA
:10740000E477BFB2D9F8003093F8624154B1F6F78F
:10741000A9FF40B1D9F8600804F0EEFD18B1B5F845
:10742000D40000E02046AC88D5F8D0300419A4B2CE
:10743000802BADF8764002D0B3F5802F25D117F41C
:10744000805323D0B6F8108018F0010808D13046D8
:107450003FF03EDD30463FF05FDD013000F00B8253
:1074600033687168D3F87C065BF062DDB6F87C3077
:10747000BDF876202633C31812F007029BB205D060
:10748000C2F108029B189BB200E0002371341B1963
:10749000049C4846716804F114029BB27DF076DAD0
:1074A0008046002800F0E781846800215F2204F113
:1074B000120A227461745046FBF32CF03B0AE37409
:1074C00027752B8B05F11C011A0AA375627504F14F
:1074D0001F002022FAF39AF7AA8804F17100A96824
:1074E000FAF394F7BDF876301A0A42EA0323A4F8B7
:1074F0006F30D9F8003093F86231B3B1D5F8D000CD
:10750000F6F730FF88B1D9F8600804F075FD60B176
:10751000AB68002B00F0B381A888D5F8D810504490
:107520005F30B5F8D420FAF371F7D5F8D030802B5E
:1075300002D0B3F5802F33D1F80431D521460DF1B7
:10754000760230463FF074DCBDF876301A0A42EA23
:107550000323A4F86F30049A936899050FD5336814
:107560002246D3F87C0671680DF176035BF02CDDC2
:10757000BDF876301A0A42EA0323A4F86F30A37BE1
:1075800030460093294652465B463FF0ABDA013065
:1075900006D1D9F804004146002200F007D866E180
:1075A00094F86F2094F8703043EA0223228AD318AB
:1075B0009BB21A0A42EA032323820C2316E100BF7E
:1075C0003738010096F87A704BF4607B3F0107F082
:1075D00030074BEA0707B6F87CC0BFB20023BA07F2
:1075E00054BF0CF1710C0CF1790C049C1FFA8CFC4B
:1075F000ADF8763048466346716804F11402CDF860
:107600000CC07DF0C3D9DDF80CC08046002800F026
:10761000328184685F234FF0000B04F1120AACF151
:1076200012022374594684F811B05046FAF372F7E7
:107630003B0AE3742775B6F87C3006F1BE011A0ADE
:10764000A375627504F11F002022FAF3DFF6102201
:1076500006F18E0104F13F00FAF3D8F6082206F194
:10766000FE0104F14F00FAF3D1F6B6F87C2006F1E2
:107670005A0104F17100ADF87620FAF3C7F6BDF8AF
:10768000763030461A0A42EA0323A4F86F30A37B0F
:1076900029460093524607F003033FF023DA0130F6
:1076A00040F096804146D9F804005A46FFF37EF731
:1076B000D846E0E0D5F8D030802B03D0B3F5802F4A
:1076C00040F0D5803368AC88D3F87C067168ADF89B
:1076D00076405BF02DDCB6F87C30BDF876202633A2
:1076E0007134C31812F00702A4B29BB203D0C2F1E6
:1076F00008029B189BB2E318049C4846716804F189
:1077000014029BB27DF042D98046002800F0B3807D
:1077100084684FF0000C5F224BF49C5704F1120A6E
:1077200084F811C06146BFB222745046CDF80CC037
:10773000FAF3F0F63B0AE37427752B8B05F11C0175
:107740001A0AA375627504F11F002022FAF35EF68F
:107750000DF1780BA968AA8804F17100FAF356F6C6
:107760003BF8023D21461A0A42EA0323A4F86F308F
:107770005A4630463FF05CDBBDF876301A0A42EAE2
:107780000323A4F86F3033687168D3F87C0622466F
:107790005B465BF019DCBDF8763030461A0A42EAE7
:1077A0000323A4F86F30A37B2946009352463B463F
:1077B0003FF098D90130DDF80CC009D1414662464E
:1077C000D9F80400FFF3F2F6DDF80CC0E04652E011
:1077D00094F86F2094F8703043EA0223228AD31879
:1077E0009BB21A0A42EA032323820D232B604FF037
:1077F000010B45E0B3F5802F14BFFE23022300E008
:107800000223504605F15C01082200F8053BFAF31B
:10781000FDF517F0030104D1D5F8D000FDF38EF18A
:107820000146BBF1000F0CD0204605F18C0207ABDE
:10783000FDF394F1F0B10AF14D0007A91022FAF31B
:10784000E5F573684146DA68484624F093DF059C05
:10785000D9F80800D4F8C0104FF47A7200230CF065
:1078600061D94FF0010806E0DDF8108003E04FF029
:10787000000800E0804640461FB0BDE8F08F9B4600
:107880000323E373D5F8D030802BB3D1B8E700BF22
:107890002DE9F04F054689B00E46D0F800A01F46EE
:1078A000002B00F0878183685B68FB585C68D3F825
:1078B0000880D4F8D000F6F765FD002800F07C8140
:1078C000B8F1000F00F07A81BB68580507D4BB6B94
:1078D00003F00203002B14BF0123022300E0032363
:1078E000D4F8D0000793802805D0B0F5802F02D0BF
:1078F000042840F06581337D96F8139043EA092906
:1079000019F00303069302D1FDF318F1069004F178
:107910005C0B0120082306F117015A46FCF3F0F531
:10792000834500F04F8123680C2B00F0B7800D2BAE
:1079300000F018810B2B40F0458109F4DC73B3F59E
:10794000847F40F03F8104F13C032022184606F179
:107950001F010493FAF35AF5BA68049B12F4806F7E
:1079600009D12A68126892F86221C2B1D4F8D020F5
:10797000B2F5802F13D108F148020092B8F8062022
:107980006968019204F18C020292A28A07F1140044
:107990000392E23104F11C02FCF346F522E069682F
:1079A00007F1140C6046E23106220493CDF814C0AE
:1079B000FAF318F5049BDDF814C0002800F00281EA
:1079C00008F148020092B8F806206968019204F1B3
:1079D0008C020292A28A60460392E23104F11C02F8
:1079E000FCF322F719F4807F10D0338A1A0A42EA96
:1079F00003239BB25C2B40F2BF803046069904F112
:107A00008C02FCF377F7002800F0DC80338A1A0A36
:107A100042EA03239BB25E2B40F2AE8096F86F10D1
:107A200096F8702042EA012202F15F018B42C0F019
:107A3000A380C2B1E188B4F8DC30CB189A4212D1ED
:107A400006F17100E16806F11209FAF3CBF488B18E
:107A5000E388D4F8E010994409F15F00B4F8DC2021
:107A6000FAF3C0F430B1686807F1140111227DF017
:107A700025D9A7E0002384F8CD302B68D8F8C010B2
:107A800098680CF075D858460821FDF35DF028463B
:107A9000079902223B46FFF7FDFB93E009F4D873F8
:107AA000B3F5807F40F08E8019F4807F08D0304697
:107AB000069904F18C02FCF31DF7002800F0828087
:107AC000002384F8CD302B68D8F8C01098680CF0EB
:107AD0004FD8228A07F11406238B50468DE84400C4
:107AE000696804F1AC027DF089D8D4F8D030802BDD
:107AF00002D0B3F5802F02D11023236018E0042BAD
:107B000016D10D2323602B8AD90707D428463FF0CE
:107B1000DFD928463FF000DA013053D0584608211B
:107B2000FDF312F02846079904223B46FFF7B2FB0B
:107B3000D4F8D030802B04D0B3F5802F01D0042BA3
:107B400008D16B685046DB687921009332460623E2
:107B5000FAF7D4FAD4F8D030802B27D0B3F5802FA1
:107B600030D123E019F4807F15D0338A1A0A42EA13
:107B700003239BB25C2B07D8DAF80030D3F88830A7
:107B80005A6E01325A661DE03046069904F18C02A5
:107B9000FCF3B0F6B0B1002384F8CD302B68D8F8F0
:107BA000C01098680BF0E4DF1023236028463EF0F5
:107BB000F3DF07E0184606E0E92004E0404602E073
:107BC000002000E0012009B0BDE8F08F2DE9FF475B
:107BD0000D9C064617469A468946002952D0002C2D
:107BE00052D0836800685B68E3585D68D3F808800A
:107BF000294606F01DFF09232B60484639463022EE
:107C0000FBF382F0736848B1626BDB6DB2F5802FD5
:107C10000CBF03F4802303F0800302E0DB6D03F06C
:107C20000403C5F8D0300C9B3068029321462A46E5
:107C30004B468DE8800406F018FF30B37369012BC2
:107C400002D1B8F8060000B3002385F8CD303368C0
:107C5000D8F8C01098680BF08BDF0A232B60A3685C
:107C60005B0507D4A16B01F00201002914BF0121BB
:107C7000022100E00321304600222346FFF70AFBE1
:107C8000012002E0084600E0204604B0BDE8F0878D
:107C90002DE9F04390E86000D6F808318E465B8EFF
:107CA000174603F440437246A3F5404EDEF100034D
:107CB00089B004463146284643EB0E0375F000D8E0
:107CC000804600287CD047B1E368002B78D120465D
:107CD0004146FFF763FA002872D1A3685B6858F841
:107CE00003309F68238AD90702D420463FF04CD83E
:107CF0002B68C4F80C8093F86231ABB198F8D63099
:107D0000032B0BD1D8F83430B3F5802F0CD1284693
:107D1000414607F1480270F01BDC0FE023B9D8F8A8
:107D20003430B3F5802F09D0238A9A0708D507F19C
:107D3000480004F11A012022FAF368F32023FB80A3
:107D4000FB88202B35D12B684FF00009D3F8E800D1
:107D5000CDF81890CDF81C900590FFF3F1F307468D
:107D600000282DD005AB8DE8080228465021D8F810
:107D700010203B46F9F742FED5F81805314606AA11
:107D800007ABFEF737FC07F10C030093059B204679
:107D90000C3B0193E36801210293069A079B40F094
:107DA000D9D92B683846D3F8E8300593FFF3DAF3D6
:107DB00006E0706906F11901327E43463FF054DA5D
:107DC00009B0BDE8F0834FF0FF30704770B504464E
:107DD000D0F8880000220A21D4F8D8300D0A33F8F0
:107DE0001230CEB2CB189BB2013B46EA032605F017
:107DF000030503F440731D436FEA42636FEA534384
:107E0000A0F84035A0F82065A0F82C55A0F8403522
:107E1000D4F8D83033F8125001324919062A89B201
:107E2000DAD1204698215A8843F04CDBD4F8D83078
:107E300020469A219A8843F045DBD4F8D830204672
:107E4000DA881B889C2143EA022292B243F03ADB93
:107E5000D4F8D83020465A891B899E2143EA022251
:107E600092B243F02FDB2046BDE8704040F0EE9C1C
:107E7000F8B503688E210446D3F8845442F0E0DC60
:107E8000236840001B6886B293F8643106F1500104
:107E900006F1940789B2BFB213B1002385F86D31A2
:107EA000D5F82031012B1CD002D3022B30D122E097
:107EB00095F8E820012010FA02F295F8583192B2B4
:107EC000FF2B03D010FA03F31A4392B2204643F07B
:107ED000F9DA95F8E83001229A402046394692B204
:107EE00014E02046B5F82A2143F0ECDA2046394662
:107EF000B5F82C210AE095F8E83001229A40204696
:107F000092B243F0DFDA20463946002243F0DADA53
:107F100095F81C2142B94C364FF6FE71204631408F
:107F2000BDE8F84043F0CE9AF8BD0000D0F89410B8
:107F300010B50831044641F0F3D803492046BDE8A6
:107F4000104041F0D59800BF6C4F010038B5437C1C
:107F500004468B420D4606D039B142F005DB38B9F4
:107F60004FF0FF3038BD002038BD4FF0FF3038BD36
:107F7000002084F87600657438BD00002DE9F043D8
:107F80008BB0129F98460023032F04460D46139E84
:107F9000DDF85090089309930CD9042208A84146B3
:107FA000FAF334F2072F05D909A808F104010422D5
:107FB000FAF32CF25A2D089900F0B38032D8212D13
:107FC00000F0D08016D80E2D00F0A78008D8052D1F
:107FD0005BD00C2D00F09D80042D40F09B817CE057
:107FE000142DC0F09781172D40F2A081202D40F074
:107FF0009181C5E03F2D00F0F88009D8272D00F0D1
:10800000CE803E2D00F0EC80262D40F08381D4E020
:10801000522D00F02A81542D00F02A81442D40F089
:108020007981E7E06A2D00F0618116D8642D00F0B7
:10803000408109D85D2D00F08680632D00F01B8102
:108040005C2D40F067817BE0682D00F0398100F203
:108050003A81662D40F05E812FE1792D00F052814A
:1080600009D8712D00F04681782D00F04E81702DD9
:1080700040F050815AE17C2DC0F04C817D2D40F2C2
:1080800055818C2D40F0468163E0E06F98E8A000B8
:10809000C66916F004060ED0002335FA03F2D6079F
:1080A000D9B203D401330F2BF7D119462A463B46E8
:1080B00004F0DADC2CE129463246022304F0CADE61
:1080C00029462A460223E06F04F000DFE06F2946CC
:1080D0003A46022304F0E0DE2DE1B9F10B0F40F344
:1080E0001C8100210A460223E06F04F0B3DE002168
:1080F0000A4607460223E06F04F0CEDE0021054663
:108100000A46E06F022304F0E1DE37607560B0607C
:10811000FEE0E06F04F0B8DE3FE0D4F8800088496C
:1081200002E0D4F880008749FBF390F020B10021F1
:108130000A46FAF327F630E04FF0FF333360E9E008
:1081400094F81C31E3E0003118BF012184F81C11C0
:10815000DEE0099A4A4500F3E0802046334640F0CD
:1081600069D845E0072F40F2D8800029C0F2D880B6
:1081700002230093E06F0122099B04F01DDFC7E09A
:10818000032F40F2CA800029C0F2CA800223009364
:108190000022E06F134604F00FDF3060B8E00B2FD1
:1081A00040F2BB800029C0F2BB80099B002BACBF12
:1081B0006FF016066FF00106BDE0072F40F2AD80AC
:1081C0000029C0F2AD80099A002AC0F2A9800025DA
:1081D0000095E06F2B4604F0FBDE30602E46AAE0EF
:1081E000E06F314604F034DE02E0E06F05F006D8BF
:1081F0000646A0E0236898680BF046DD0746E06F6E
:1082000004F09ADE10B3E06F04F0B2DE054618B950
:10821000E06F012105F004D83368E06F00937368C4
:10822000083601930023029603934168D4F888200E
:10823000A368FAF3A1F0002814BF4FF0FF36002620
:108240006DB9E06F294604F0EBDF08E0E06F04F061
:1082500067DE002814BF6FF01D066FF01606236856
:10826000394698680BF018DD65E0D4F860314EE0CF
:10827000D4F864314BE03146102204A8FAF3C6F07A
:10828000059D0C352846FFF35BF1044600284AD0D3
:1082900031462A46FAF3BAF0238820461B0B012BFD
:1082A00004D0FFF35FF14FF0FF3644E0FFF35AF1E3
:1082B0003CE0236893F8183629E04FF4B06326E0D9
:1082C000B4F81E3123E089B201292FD80323A4F882
:1082D0001E112046009319B120220221134602E00C
:1082E00002212022002342F083D811E0204640F0F2
:1082F0008BD952E74B1C022B1BD8204649B242F0C7
:10830000DDDB75E7C4F8381102E0D4F838313360AA
:10831000002610E06FF01D060DE06FF00D060AE07C
:108320006FF0010607E06FF01A0604E06FF0160622
:1083300001E06FF01C0630460BB0BDE8F08300BFD3
:10834000FA6C8900026D8900F0B587B004460668B2
:10835000D0F8885000210C2202A8FAF3DBF00023A9
:1083600020464FF0FF31704A059342F031D8236820
:108370001B6893F8693113B1204640F08BD8204632
:1083800043F014D84FF40037204640F039DC009712
:1083900004233069242105AA41F0AADA00210A4603
:1083A000E06F04F081D96149204640F0A1DE20460B
:1083B000FFF70CFD02A9204640F05EDB204680213D
:1083C000082243F07FD80A2220465C2143F07AD865
:1083D0002046D4F8201140F0EDD9554A20465549A1
:1083E00041F0F6DF4FF00043C5F888314FF00073DD
:1083F000C5F88C314FF48043C5F828314FF48033F1
:108400006B620121204641F0D9DFE06F04F0F0D823
:10841000A4F81201A5F8A80616212046B4F84820B1
:1084200043F050D82046C021B4F86C2043F04AD81D
:108430002046C221B4F86E2043F044D820461821CB
:1084400004F1A4020223009741F09EDA02232046A1
:108450001C2104F1A602009741F096DA96F85836EE
:108460001BB1002386F8583606E0009730692421B6
:1084700005AA042341F088DA20464421B4F8A82054
:1084800043F020D820464621B4F8AA2043F01AD859
:10849000B5F888361B051B0DA5F888360123A5F80D
:1084A0009C360025B5636319586910B1224B5B688F
:1084B00098470435182DF6D11F4D6069AB6D98476C
:1084C0006B6F606998472046002142F0BDDC23684D
:1084D0001B6893F8693113B1204640F00DD8A36FA3
:1084E0002046598B4FF48072CC3142F0EBDF637C35
:1084F000032200921022002B14BF134600232046B3
:10850000042141F075DF2046AE2142F099D94FF4A5
:10851000D8634000C4F82401C4F82831304640F044
:1085200091DC07B0F0BD00BF04040004943E0100DC
:10853000000002400000064010A7880070B50368E4
:1085400004461B6893F86931002B00F08180836F2B
:10855000598B363142F074D9236D0646D80777D54A
:10856000636D190674D4E36F9A69920002D5DA69D3
:10857000D00704D5DB69D90701D45A0768D5E36E63
:108580009B0065D5D4F888304FF49675B3F8B426BF
:1085900092B242F00302A3F8B426D4F88820B2F8CD
:1085A000B83623F0C0031B041B0CA2F8B836236DA9
:1085B000D80719D5636D190616D4E36FDB695A071E
:1085C00012D5E36E9B000FD5D4F888300121A3F8B3
:1085D000F016D4F88830B3F8F22692B2130A03F0FA
:1085E0000F0302F03F0213E0D4F888300022A3F812
:1085F000F026D4F888300121B3F8F226A3F8F0165B
:10860000D4F88830C2F30512B3F8F236C3F303137B
:10861000042A02D10BB1042E02D04FF4FB750AE0FC
:108620006420FEF37BF4013DC1D1F6E7013D08D0A3
:108630000A20FEF373F4D4F88830B3F8B626D007D6
:10864000F4D4B3F8B82692B242F0C002A3F8B82628
:1086500070BD38B58B7905460C463BB190F88E223B
:10866000002A21D190F88F22002A20D101226271A4
:1086700093B12B6893F8623173B1E36D58030BD556
:10868000D5F8600803F0B8FC30B1637923B1D5F8B0
:108690006008214603F076FBA07950B128462146B8
:1086A000BDE8384044F0A29F4FF0FF3038BD4FF096
:1086B000FF3038BD43690BB90223436183690BB9AD
:1086C00014238361C36913B94FF41673C3618368BC
:1086D00013B94FF47A73836003690BB9034B0361D9
:1086E000C3680BB9024BC360704700BF00350C0074
:1086F000804F12002DE9FF4703680446D3F800902D
:10870000D9F810309B6FB3F81AA099F81930002BE4
:108710005AD040F2A47600253146D9F8100042F034
:108720008FD8B11C0746D9F8100042F089D86B08E1
:10873000023504AAEDB202EB830347EA0040043697
:10874000062D43F80C0CE7D10AF1A40A5146D9F8DA
:108750001000019F039E029D42F072D85146804650
:10876000D9F8100042F06CD84BF6FF720240514627
:10877000D9F8100042F0A6DE236A9F4202D2DB4302
:10878000D81900E0F81A636A9E4202D2DB439919B5
:1087900000E0F11AA36A9D4202D2DB435A1900E0BD
:1087A000EA1AA368276298426662A56203D303238C
:1087B00084F838300AE02369994207D2E3689A4284
:1087C00004D2C8F3803002E0F52000E0012004B0BC
:1087D000BDE8F087F7B5099D0023032D064617462F
:1087E000089C009301930BD9042268462146F9F3B3
:1087F0000DF6072D04D901A8211D0422F9F306F670
:108800001C2F07D1D6F88030002093F838200A9B1F
:108810001A6001E06FF01600FEBD2DE9F04104463C
:1088200016461F460D46002900F09D8030F0C4D842
:10883000D4F8A031804693F8661093F86C20002994
:1088400040F08880002A40F08580998842F20E72BC
:10885000013989B291422DD8206940F2EA3140F0C5
:10886000D3DD90B120694FF47B7140F0CDDDD4F8B9
:10887000A0319A8841F64B539A4204D9206940F2BC
:10888000ED3140F0C1DDC5B200E00546206940F29F
:10889000EB3140F0B9DD012330B13B70D4F8A031A9
:1088A000002283F86E2033E03870D4F8A02182F8DB
:1088B0006E302DE05A8D910706D5206940F2EE31D9
:1088C00040F0A2DDC5B223E012F0010214D0B3F8EB
:1088D0007B10002973D0B3F87920002A6FD00A20CA
:1088E000414391FBF2F2062A69DDB3F87130012BA6
:1088F00067D0022B0DD166E032703A70D4F8A02117
:10890000012382F86C30D4F8A02182F86E3000E0A8
:108910003DB900233370D4F8A031012283F86C20D4
:108920001BE0D4F8A03193F86D20022A07D9012268
:1089300083F86620D4F8A03183F8675002E0002362
:1089400033703B70D4F8A03193F86D20013283F876
:108950006D2002E00AB100233370D4F8A031C3F8CF
:108960006880BDE8F081D0F8A03193F866202AB97C
:10897000DB6E13F0FF1F13D1BDE8F0810222134616
:108980002FF03EDC01232046294602222FF038DC5E
:10899000D4F8A03183F86650D4F8A03183F867503A
:1089A000D4F8A021002382F86C30D4F8A02182F8FA
:1089B0006E30D4F8A02182F86D30BDE8F081062534
:1089C000AFE70225ADE70825ABE770B5036886B0D1
:1089D0000C460546002103A80A221E68F9F39AF501
:1089E000BDF80C3043F01003ADF80C3094F8AC3007
:1089F000A3B1D4F88830D3F82031D8070ED520465B
:108A000042F0B8D9022200922046BDF80C30002175
:108A1000102241F0EDDC204641F064D9012185F8B7
:108A20003910336A186901F0C4FA06B070BDF0B5A8
:108A3000036887B00C460746002103A80A221D6878
:108A4000F9F368F5BDF80C3023F01003ADF80C30E5
:108A50002B699B6F5E8B94F8AC30002B3CD0D4F824
:108A60008830D3F82031DB0736D5204642F082D952
:108A70000222BDF80C30009220460021102241F065
:108A8000B7DC236DD80724D5636D190621D4E36FB5
:108A90009A69920002D5DA69D00704D5DB69D90753
:108AA00001D45A0715D5E36E9B0012D5D4F888304F
:108AB000B3F8B82692B242F04002A3F8B826D4F830
:108AC0008820B2F8B83623F080031B041B0CA2F8F0
:108AD000B836204641F006D9002487F8394006F11F
:108AE00036012869224642F0EDDC06F108012869CA
:108AF000224642F0E7DC06F1F80122462869A43656
:108B000042F0E0DC3146286941F09ADE4BF6FF7214
:108B100002403146286942F0D5DC2B6A97F83910BB
:108B2000186901F046FA6B7E43B1286940F2A471DE
:108B300022460C2342F0DAD8204601E06FF00A000A
:108B400007B0F0BD7FB551F8383B00221868D0F867
:108B50006832009201920292012203910492194616
:108B60009822DC3317F0CCDE07B000BD38B50446E0
:108B7000FFF7A0FD94F83830032B04D02046FFF710
:108B8000B9FD054600E0002594F83830013B032B81
:108B900073D8DFE803F00213304C01202146FFF7C1
:108BA000D1FF012D08D1E36A626901339342E36288
:108BB00063D3022384F83830002351E00220214699
:108BC000FFF7C0FF012D4FF000030BD1226BA1690D
:108BD00001328A422263E3624FD3032284F83820B1
:108BE000236338BDE26A616901328A42E26223632B
:108BF00043D3012232E003202146FFF7A3FF94F87C
:108C00003930012B07D120466168FFF710FF0023A0
:108C100023626362A362636BE2690133934263631D
:108C20002BD300236363042384F8383038BD042039
:108C30002146FFF787FF94F839301BB92046616859
:108C4000FFF7C3FE012D4FF000030BD1E26A61690B
:108C500001328A422363E2620FD3032284F8382070
:108C6000E36238BD226BA16901328A42E36222636A
:108C700003D3012284F83820236338BDF7B5036895
:108C8000044693F83C20002A40F0AC8093F8693108
:108C9000002B00F0A78044F06BDF022840F3A28095
:108CA000204644F003DF002800F09C80206940F05B
:108CB00059DA23680646DA6ED4F86872002A40F062
:108CC00091801B7E002B00F08D8094F8D4312BB165
:108CD00020461FF067DA002840F08480D4F8A031E5
:108CE0005A6B5278D1070CD4DD795DB1D4F8683273
:108CF000D3F814311B695B42AB42CCBF0825002579
:108D000000E0002506F00403002B18BF0825BB79FE
:108D100016F0100618BF4FF4007623BBD7F80831C1
:108D200093F93430FBB13B7AEBB13B7C23B107F1D3
:108D3000DC00FAF35BF2B0B994F88D32012B12D15A
:108D400094F88E3223B1D4F8180535F019D850B9FB
:108D5000FB6DA3B13A6D40F2371313407BB197F826
:108D60006030D3B10BE094F88D325BB1D4F88C2233
:108D70001D4B1340B3F5807F10D13B7C73B135435D
:108D8000ADB20BE094F88E323BB1D4F8180534F054
:108D9000F7DF002808BF002500E01D46022120461D
:108DA0004FF402722B4600911FF060DC354219D05F
:108DB0000023D4F86422D15889B18A797AB90A7A21
:108DC0006AB10A7C5AB1D4F8440158F0E9DE014690
:108DD000D4F8440103B0BDE8F04059F0A999043338
:108DE000202BE6D103B0F0BD00FFFF002DE9F843D2
:108DF00005680446D5F8A031D0F83480D3F8109037
:108E00002B699B6F5E8BFDF315F7A36CA064C31AEF
:108E1000B3F5617F01D2BDE8F883204645F0BAD9A9
:108E200084F83000204644F033DF84F831002046D7
:108E300045F088D894F8453084F85A005BB194F82E
:108E4000403084F8303094F8413084F8313094F870
:108E5000423084F85A3098F801305B0721D5E76B2F
:108E6000284694F9311094F9302094F95A30B847D3
:108E70005FFA89F94845074613D02846394645F038
:108E8000A7D82869026D12F480020AD14EB1012FD1
:108E900006F1A40101D1602301E06022134642F0F3
:108EA00013DA28460122D5F86812FFF7E7FE98F892
:108EB0000130980715D5A66B94F95A30284694F9D5
:108EC000311094F93020B04794F83230064683428E
:108ED00007D02846044932461FF0F8D808B984F86C
:108EE0003260BDE8F88300BF6FB0890073B50468D5
:108EF0000546204644F0DADDD4F8A031064693F862
:108F00005E20013283F85E20236893F86931002BDC
:108F10004AD0002848D0236A1B68022B44D101287C
:108F200003D12046294645F0B5DB6B6B5B78DB0748
:108F300003D52846FFF75AFF36E0204645F05CD8B7
:108F4000D4F8A031DA7A72B1D4F86812D1F81411D9
:108F500009694942914206DD721E012A1ED95E73DB
:108F6000204601210EE09A7A7AB1D4F86812D1F83D
:108F7000141109694942914207DA042E0ED05E733A
:108F80002046042145F024D808E0597B31B1204621
:108F900045F01ED8D4F8A03100225A732046D4F8E8
:108FA00068120122FFF76AFE236893F86921002AFC
:108FB00051D0226A1268022A4DD101228DF8062072
:108FC0008DF807204EB3042E27D093F8412022B30A
:108FD00093F842200AB3D4F864210AB19279E2B935
:108FE00093F83E30CBB1D4F8A03142F20E7299889A
:108FF000013989B2914203D9598D11F0030105D08D
:10900000013E012E09D82046012100E020460DF145
:1090100007020DF10603FFF700FC9DF807109DF80D
:109020000630A1F101025142A3F1010041EB02011E
:10903000434243EB000302228DF8063020461346DC
:109040008DF807102FF0DCD820469DF8061002227C
:1090500001232FF0D5D8236893F8693123B1236A0F
:109060002846196845F00CDFD5F88000FFF77EFD33
:1090700000207CBD2DE9F04705689A462B68044620
:1090800093F844008EB00F461646002838D00DF1F4
:109090000C094FF00008002124224846F9F33AF267
:1090A000414608220CA8CDF81080CDF80C80F9F3C9
:1090B00031F242464346D5F8C0063946CDF83490E1
:1090C00051F0FADCD4F8444180460FE08DE84001CD
:1090D00001330493D5F8C00639464FF6FF720CAB46
:1090E000059451F0C9DC50B924684644049B002C17
:1090F000ECD1039A01209B18CAF8003000E0002050
:109100000EB0BDE8F08702680146D2F86C31D2F8A3
:10911000D80603F5C67203F5CE7305F077B80000E4
:1091200000487047C4580100024B542202FB003033
:10913000704700BFBC6501000048704764660100CD
:1091400038B58B781C1DA24230D30A78012A30D161
:10915000142B34BF1A4614224B78022B04D0032B55
:109160001ED0012B28D101E0002315E0002307E0E9
:10917000CC18257990F8234001332C4380F8234004
:1091800001309342F4DB0FE0CC18257990F82340AE
:1091900001332C4080F8234001309342F4DB03E09C
:1091A00024300431F9F332F1002038BD6FF00D00A6
:1091B00038BD6FF0240038BD002038BD38B50446F6
:1091C00010468A78151DAB420FD30B78012B0FD1B7
:1091D000142A28BF142214238270C37004F12401BE
:1091E0000430F9F313F1002038BD6FF00D0038BDE5
:1091F0006FF0240038BD982970B504460D46164618
:1092000011D8243012B1FAF35DF501E0F9F3D6F785
:109210002C2D0BD10121321CA06818BF01221DF09A
:1092200071D9002070BD4FF0FF3070BD002070BDBF
:1092300070B505460C464EF067D8064680B190F8EA
:1092400061309BB9836923B9E420FEF37FF1B061FB
:1092500030B1F36953B9E820FEF378F1F06128B931
:1092600028462146BDE870404DF04E9E70BD00007E
:109270002DE9F04F9A469BB00D46D1F80C31D1F84C
:109280000461002800F0318189794468002940F0A8
:109290002C81297C002900F028819AF801100229EC
:1092A0001FD19B68182B1CD102F10A00D5F80811B8
:1092B0000622F9F397F0A0B90AF108003146062218
:1092C000F9F390F068B920462946D5F8082173F0E3
:1092D000F3DC30B120462946324673F0EDDC074618
:1092E00020B9002300932846062138E0BAF80E3052
:1092F0008BBB00210C2217A8F9F30CF17C4B0DF16C
:10930000140917937B4B002128220DF13C08484695
:1093100018931994F9F3FEF000230021202240460F
:10932000ADF82430F9F3F6F00AF110030193249B11
:10933000CDF80080103B0293D4F8BC062946D02219
:1093400017ABCDF8589051F0D3DB002840F0CD801A
:10935000BDF824302BB1022200922846012132466A
:10936000C1E0D5F8103193F8F430F3B9D5F81831DD
:109370001B7AD3B994F890322846590744BF23F09A
:10938000040384F89032012124F0B0DCD5F81031C8
:10939000012283F8F4204FF4FA70FDF3BFF594F83E
:1093A000903243F0040384F89032B6F83280236A96
:1093B000D3F804B008F44043A3F54042D2F1000AC8
:1093C0004AEB020A003318BF01230A3354F82390F2
:1093D00008F46053B3F5005F03D14046FAF3A2F5F9
:1093E000804608F46053B3F5C05F27D1236893F833
:1093F0004F309B0714D0D4F85801D9F8041049F025
:109400000FDB00070CD499F8E530990708D5D9F897
:109410000030022B12D1D5F868339B789A070DD50E
:109420004046FAF3FFF440F480539BB20E288CBF01
:109430004FF440484FF0000848EA0308236A1869CF
:109440005EF040DA40451CD04146D4F8580149F05E
:10945000E7DC204625F0A4DD2046414624F0D2D8A2
:10946000236893F83B304BB1D5F83C335968D4F8B6
:10947000C035994202D0204620F03CDA20461DF04B
:109480003DD8204606F1380120F016DDD34524D022
:10949000236A204639465A682B4673F03DDA236822
:1094A000206A93F84F30503013F0030307F13C016A
:1094B00008D03B69D3F8EC3003F48053D3F10103B7
:1094C00038BF00237F228DE80C00002213466CF089
:1094D000EBDA2046394673F053DF02230021009374
:1094E000284632460B463AF075DE1BB0BDE8F08FD9
:1094F000A9B885000DBA85000B89F0B5C48F03F0BB
:10950000F0060419360934F81650428FB0F83CE0E2
:10951000013634F81670CC688218864487B0521928
:109520000EEBC50E2CB14E69C4EB060C8E69664479
:1095300000E026467D1BADB2CDF800E00195C06885
:109540000290086804940390059648681946002321
:109550004FF084DF07B0F0BDF0B50C460989C58E29
:1095600001F0F006878E4519360935F81630C7190F
:109570004FF00C0E0EFB037787B0428E013600973A
:1095800035F816508218ED1AADB201958068D218E0
:109590000290206800230390A0690490E069059080
:1095A00060684FF041DE07B0F0BDF0B50C460989A8
:1095B000C58E01F0F006878E4519360935F816304C
:1095C000C7194FF00C0E0EFB037785B0428E0136A3
:1095D000009735F816508218ED1AADB201958068E3
:1095E000D218029020680023039060684FF0F6DEE6
:1095F00005B0F0BD2DE9F341B0F81280878AC68A24
:1096000084798044C7198619F4B9254605F00F03FB
:1096100036F81310013336F813208A420ED00C4B63
:10962000521A181980884FF00C0E009092B208EB75
:109630000100E3580EFB01714FF0CEDF0135083415
:109640000D2DE3D1002001E06FF01600BDE8FC8194
:10965000685901000378FF2B01D018467047437802
:1096600013B18078FF3070474FF6FF70704791E874
:109670000C0009895268B02902D11268032A08D067
:1096800090F8420630B1D3F86433587810B1023004
:1096900070470020704706207047036873B5044682
:1096A000D0F82454D4F81C1498680AF061DA26E043
:1096B000EE690BBBD4F8243405F10E029D4208BFBD
:1096C000C4F824642068214673F0F6DA024640B1FB
:1096D000012102238DE80A0020682146002372F050
:1096E00053DF23682946586851F088DC94F8203409
:1096F000013B84F8203401E0013BAB6135461DB1EC
:10970000AB695A1CD4D116E02368D4F82424986895
:10971000D4F81C143AB90AF097DAC4F81C5484F847
:10972000205402B070BD42F210722B4602B0BDE868
:1097300070400AF0F799FEE77FB5D0F824040E4692
:1097400015461C4698B104AB43F8040D0020009365
:10975000014632462B4651F09FDC40B94EF660235D
:109760005C4342F21073B4FBF3F4039B9C6104B0BE
:1097700070BD00002DE9F0410546D0F80080D0F81A
:109780001441FDF357F2D8F82030064618695EF010
:1097900099D8D5F808315B8E834259D113F4404FE4
:1097A00009D1D8F8003093F8693123B1404640F030
:1097B0000FD800284CD0A36C002B53D0E16C721A48
:1097C0009A424FDB94F850301BB122695BB293424E
:1097D00048DB94F84430FBB12769EFB1FF1AD8F8A1
:1097E000C4366FF0C7029742B8BF174613B19F4205
:1097F000B8BF1F46B4F90E30002B03DA1A483246C0
:10980000F8F3AEF6002213462846394654F026D81F
:10981000D5F80831228A5A8594F8453013B3676920
:1098200007B3FF1AB4F93A3027EAE777002B04DAD6
:109830000E48E16C3246F8F393F62846394600228A
:1098400054F05AD8D5F80831A48A9C85BDE8F08137
:10985000D5F80831DA8DE36CD318E3649B1B002B39
:10986000C8BFE664BDE8F081AEC58900DFC58900E8
:1098700010B5002012F04004187002D012F0800FD2
:1098800015D011F4007005D012F0800F02D0012025
:10989000187010BD490501D5130605D530B9D4F1AE
:1098A000010038BF002010BD002010BD012010BDF8
:1098B0002DE9F04F836B0D46596C044640F2395048
:1098C00087B09246002281428DF8172003D040F2E3
:1098D0008B50814208D1B4F8522002F44042A2F5E4
:1098E00040414A4242EB01021869039268F072D883
:1098F00028B3D4F8E4235AB1D4F8F803012169F06D
:109900007FDE28B9A36BD4F8E413986869F0A8DC6B
:1099100094F8943083B9D4F8F803B4F852100122C3
:1099200069F038DEC4F8E40330B1BAF1000F03D1B6
:1099300020465EF04FDD46E10023C4F8E433B4F87E
:109940005210A36B01F46051B1F5005F986805D027
:10995000A1F5C052514241EB020100E0022169F041
:1099600071DC0646002800F02E8135B120462946DC
:10997000B4F8522033465EF007DDB4F85290484602
:10998000FAF350F209F46057A36BB7F5005F9868DB
:1099900005D0A7F5C053594241EB030100E0022175
:1099A00069F050DCA36B054610B99868314617E0A2
:1099B000B7F5005F986806D0A7F5C058D8F1000148
:1099C00041EB080100E0022169F03CDC804650B91F
:1099D000A36B3146986869F043DCA36B294698680D
:1099E00069F03EDCEFE0D4F8E403B8B169F044DCA0
:1099F000B7F5005F06D0A7F5C05CDCF1000343EBD0
:109A00000C0300E00223984208D0A36BD4F8E413BF
:109A1000986869F025DC0023C4F8E433D4F8E43313
:109A2000FBB9A36BB7F5005F986806D0A7F5C05ED9
:109A3000DEF1000141EB0E0100E0022169F002DCE1
:109A4000C4F8E40368B9A36B3146986869F008DC90
:109A5000A36B2946986869F003DCA36B41469868BC
:109A6000BEE7D4F8E40369F02DDB20465EF04CD865
:109A7000284694F97B1069F017DD00230DF11702D9
:109A800000932046434649465FF09CDC4046314601
:109A900069F054DB404694F9651369F0ADDC41464A
:109AA000284669F04BDB94F85810632902D8284601
:109AB00069F0B6DC284669F0DDDB284669F014DC85
:109AC00094F8673307469B0098426FF07F01284661
:109AD000B8BFDFB269F01EDCFFB25FFA80F9A36B9A
:109AE00084F87E7084F87F908346186967F072DF8F
:109AF000B8B1D4F8F803B4F8521069F02DDE01289B
:109B00000FD1B4F8521000224B46D4F8F80369F094
:109B1000D5DDD4F8F803B4F8521000223B4669F0C2
:109B2000BDDD002384F891B084F8963084F880304D
:109B3000BAF1000F03D02846514669F019DB94F8BA
:109B4000823028460BB1039B23B194F97E1069F053
:109B5000C7DA03E094F97F1069F04EDCD4F8E4032F
:109B6000294669F0D1DAA36B186967F033DF98B141
:109B7000D4F8F803B4F8521069F0EEDD012803467A
:109B80000AD1D4F8E403A16B00908868B4F852209D
:109B9000D4F8F81369F054DDA36B3146986869F086
:109BA0005FDBA36B2946986869F05ADBA36B4146DB
:109BB000986869F055DBBAF1000F04D1D4F8543A33
:109BC0000BB12046984707B0BDE8F08F10B590F86C
:109BD0006330002B3CD0DB07C9B22CD5836E8B429F
:109BE00023D190F8253A3BB10023846BE41801336C
:109BF000082B84F82021F8D1836BD3F828411B1956
:109C000083F82021836BD3F82841072C01D001343D
:109C100000E00024C3F8284190F8253A2BB190F8D1
:109C2000263A13B1002380F8253A90F8633023F0E8
:109C3000010380F8633090F8633013F0020F07D00F
:109C400023F0020380F86330836B186967F0BADE93
:109C5000002010BDF8B590F863300446002B3AD1CF
:109C6000012902D0022939D100E08266A36B80F875
:109C700063101A6A94F8D900626618BB94F86C20D5
:109C8000002A2DD118698E2167F072DE400087B25C
:109C9000062502E00A20FDF341F1A36B07F17406EB
:109CA0001869314667F064DE08B1013DF2D1A36B5B
:109CB00001221869314667F067DE204601F012F88C
:109CC000024600E0A122B4F85210204652B2BDE88C
:109CD000F840FFF77BBF6FF01800F8BD6FF002008F
:109CE000F8BD10B504465DF0EDDD0221C2B220469C
:109CF000BDE81040FFF7AEBF30B5026CCB8892F8DC
:109D000029463CB9846B64690A2C03D94C8A14F443
:109D1000807F14D0846B6569272D03D10C8A14F4DD
:109D2000006F0CD18C88DBB214F0030F01D09D2B97
:109D300005D0232D07D14D8A15F0200F03D0012324
:109D40008B7700230AE090F92C031B18E00444BF32
:109D500092F91E269B180022CB778A770B77002377
:109D60004B7730BDC369043B082B06D8DFE803F00E
:109D70001805090709050B050D000020704717207D
:109D80007047042070470720704790F83E03012871
:109D900008D0032814BF4FF483704FF48B707047C2
:109DA000012070474FF48B707047836B13B51A6AAC
:109DB000044601321A6290F86020002A00F0AC805C
:109DC000B0F8C8222AB1D0F8F013A1F83622A1F8D1
:109DD0003A22B4F8CC222AB1D4F8F013A1F8282200
:109DE000A1F82422B4F8CA222AB1D4F8F013A1F8B9
:109DF0002222A1F82622216F40F606220A402AB923
:109E000093F82C3113B120465DF0F8DDA36B1A6A8C
:109E10001B6EB2FBF3F103FB1123A3B920465FF0E5
:109E200085DC236F40F60202A16B1A4000320869FC
:109E300018BF0122B4F85210C3F3800367F0D2DDDB
:109E400020465FF081DC226F40F60E231340B3B949
:109E5000A36BD4F88C21196AD2F89020D3F818316A
:109E60008A1A9A420BD394F8522020460121FFF718
:109E7000F1FEA26BD4F88C31126AC3F8902094F8EA
:109E8000633043B1A36B1A6A636ED31A052B02D9F0
:109E9000002384F86330D4F8F4202AB1A36B196A44
:109EA0001B6E8A1A9A420CD3226F40F602031340AB
:109EB0003BB920465DF016DE18B1A36B1B6AC4F8EF
:109EC000F430226F40F60F2313402BBB20465EF088
:109ED000B5DA20465EF054DAD4F88C31D3F8882015
:109EE00012B1013AC3F88820D4F8B43A0BB1204635
:109EF0009847A36B186967F023DD68B1A36B01A9CC
:109F000018690DF1070267F01FDD20469DF8071064
:109F1000BDF804205DF0D4DD00201CBD0346002107
:109F2000986B40180131082980F82021F8D19A6BEC
:109F30000021C2F82811D16E032907D1D3F8C4102B
:109F4000C90703D5126A0832C3F8B820002299184D
:109F500002324FF6A470202AA1F8040AF7D100209B
:109F6000012283F8240A83F8EC2A7047836B10B52A
:109F70009A69044692001BD590F8ED2A012A17D160
:109F8000B0F8522012F4404F12D1186967F004DD86
:109F9000636CB3F8B42692B242F00302A3F8B4267D
:109FA000636CB3F8B82692B242F0C002A3F8B826A8
:109FB00010BD80F8ED1A704730B5056C044687B0C7
:109FC00028464FF4007141F21C1260F047DB002874
:109FD00000F09D80072303932023059380230293A1
:109FE00000230190049340F8043B0133802BFAD105
:109FF000204601A965F0E8DE4FF43073204601A940
:10A00000049365F0E1DE206C41F22F1160F04CDB2F
:10A010002046012164F086DC20463E4936225DF070
:10A02000F7D9D5F8C434204640F6F4114FF48042F5
:10A030006BB113465DF0B4D9B5F85824B5F8563471
:10A040002046D31840F20C5140F2FF129BB25DF053
:10A05000A7D91E22304920465DF0DAD9204661F0AA
:10A0600011D8204663F014DA9921012200232046FA
:10A070005DF068D996210222002320465DF062D966
:10A08000A2210122002320465DF05CD9A5214022B7
:10A09000002320465DF056D9A62101220023204648
:10A0A0005DF050D9A1210122002320465DF04AD95C
:10A0B00030220023204602215DF044D96F21204642
:10A0C0004FF4005200235DF03DD94FF48052134607
:10A0D00020466F215DF036D904221346204640F217
:10A0E000D7415DF05DD940F2D7414FF470624FF433
:10A0F000807320465DF054D9204662F0DBDB2046B9
:10A1000040F275514FF4007200235DF049D907B059
:10A1100030BD00BFBE5A01002A5B0100F0B5072325
:10A1200087B0066C029320230493012304460D4656
:10A130000193304605AB4FF4007141F27332009346
:10A1400060F08CDA002849D0D6F8B8650746014699
:10A150000023B3422CBF9E46B64605EBCE0292F8D2
:10A1600003C015F83EE001334EEA4C5E92F802C09F
:10A1700052784EEA4C3E4EEA4212802B059241F84C
:10A18000042BE6D18DE809006946C02320460393DD
:10A1900065F01ADE0023B3422CBF1A46324605EBA7
:10A1A000C20210795179400240EA4140D17901332D
:10A1B00040EA0102802B059247F8042BEBD14FF4C3
:10A1C000107320466946039365F0FEDD236C41F26F
:10A1D0009F31C3F8BC55206C60F066DA07B0F0BD63
:10A1E000F0B5076C89B0002304460D4638464FF49D
:10A1F00000714FF4965205930693079360F02EDAA0
:10A200000646002834D04DB9204605A906AA07AB5A
:10A210005EF028DB03953746002510E097F83336CB
:10A22000002BF8D0B4F9283A0693B4F92A3A0793E8
:10A23000B4F92C3A05934FF430730393EBE705A977
:10A2400028460EC964F0B0DE0135802D47F8040BB6
:10A25000F5D10723029320462023694604930096F4
:10A26000019565F0B1DD206C41F2DF2160F01CDA70
:10A2700009B0F0BD2DE9F047571A7E1C1FFA86F988
:10A280004FEA89034FF6FC7186B004461940006C12
:10A2900041F6DE3260F0E2D90546002871D0102385
:10A2A0004FF0600ADFF8E0808DE8080404AA02237A
:10A2B00020460021CDF808805EF0CCD8BDF81020F3
:10A2C000BDF8123092059B059B0D920D43EA822248
:10A2D000C246002308E055F8231001F07F611143C6
:10A2E00045F8231001339BB2BB42F4DD20234FF429
:10A2F000A0788DE80801DFF894802A46334620468E
:10A300000721CDF808805EF0B3D8206C41F6F23119
:10A3100060F0CAD94FEA49094FF6FE71206C09EA8C
:10A32000010141F6F53260F099D9054648B3102392
:10A330004FF0620C8DE808102046012300210DF13A
:10A340001602CDF808A05EF085D8002305E0BDF820
:10A35000162025F8132001339BB2BB42F7DD1023F2
:10A360004FF4E07E8DE80840204607212A46334618
:10A37000CDF808805EF07CD8206C41F6024160F098
:10A3800093D906B0BDE8F087CD21870061498700E9
:10A3900010B5044660F098D92046012200234FF4FE
:10A3A00030615CF0FDDF2046042200234FF4306171
:10A3B0005CF0F6DF2046082200234FF430615CF0A9
:10A3C000EFDFF022204613464FF430615CF0E8DF07
:10A3D0004FF47062204613464FF430615CF0E0DFCA
:10A3E000204600234FF430614FF480525CF0D8DFF8
:10A3F00020460622042340F607315CF0D1DF2046D8
:10A400003822082340F607315CF0CADF20460023DB
:10A4100040F607314FF4E0725CF0C2DF2046302294
:10A42000102340F60B315CF0BBDF40222046134680
:10A4300040F60B315CF0B4DF204640F60B314FF4B0
:10A44000F0624FF480635CF0ABDF204640F60B31E6
:10A450004FF4F0424FF400535CF0A2DF94F8FC3963
:10A460002046012B14BF4FF480534FF4105340F695
:10A470000C314FF6FF725CF093DF204640F60C3152
:10A480004FF6FF724FF480535CF08ADF204640F6AF
:10A490000D314FF6FF724FF450435CF081DF2046E0
:10A4A00040F60E314FF6FF724FF478435CF078DFE0
:10A4B0002046102340F60F314FF6FF725CF070DF3C
:10A4C00020464FF431614FF6FF724FF478435CF051
:10A4D00067DF204640F611314FF6FF724FF47D439F
:10A4E0005CF05EDF20460F22002340F612315CF064
:10A4F00057DF2046F022002340F612315CF050DF97
:10A500002046002340F612314FF470625CF048DFC1
:10A5100020460F22002340F613315CF041DF204635
:10A52000F022002340F613315CF03ADF204600238E
:10A5300040F613314FF470625CF032DF20460F2298
:10A54000002340F614315CF02BDF2046F02200237C
:10A5500040F614315CF024DF204640F614314FF40D
:10A56000706200235CF01CDF20460F2240F615319C
:10A5700000235CF015DF2046F022002340F6153161
:10A580005CF00EDF2046002340F615314FF4706278
:10A590005CF006DF20460322012340F616315CF012
:10A5A000FFDE20460C22002340F616315CF0F8DE78
:10A5B00020463022102340F616315CF0F1DE2046B2
:10A5C000C022402340F616315CF0EADE204600232C
:10A5D00040F616314FF440725CF0E2DE204640F661
:10A5E00016314FF440624FF480635CF0D9DE2046B0
:10A5F0000322002340F617315CF0D2DE20460C2205
:10A6000040F617314FF6FC735CF0CADE204630226C
:10A6100040F617314FF6F0735CF0C2DE2046C022E0
:10A62000002340F617315CF0BBDE204640F61731C0
:10A630004FF440724FF47F435CF0B2DE204640F6A8
:10A6400017314FF440624FF47C435CF0A9DE2046A2
:10A650000122002340F606315CF0A2DE1F222046D4
:10A66000134640F605315CF09BDE4FF6FF72204644
:10A67000134640F604315CF093DE4FF6FF7220463D
:10A68000134640F608315CF08BDE204640F6093177
:10A690004FF6FF7247F6FF735CF082DE2046082318
:10A6A00040F60A314FF6FF725CF07ADE20463F2317
:10A6B00040F602314FF6FF725CF072DE2046FF2357
:10A6C00040F603314FF6FF725CF06ADE0F2220463F
:10A6D000134640F601315CF063DEF022204613465B
:10A6E00040F601315CF05CDE0122204613464FF457
:10A6F00030615CF055DEA36B2046D96EBDE810409A
:10A700005FF0029A2DE9F043044689B00F46904667
:10A71000006C4FF4806141F2366299465FF09EDF33
:10A72000064600284ED001221346204640F29C41A6
:10A73000C4F8D0705CF034DE20469DF840105FF025
:10A7400041DB28222046394661F09CDFB0F5807F4E
:10A75000054603D9206C41F2526131E0204640F2B7
:10A76000D661032200235CF01BDE0822134620463C
:10A7700040F2DA615CF014DE282342468DE82800BE
:10A7800020463346394665F061D915230396059373
:10A7900000262023204603A907930495069665F01A
:10A7A00013DB9DF844302046019329464FF6FF7293
:10A7B0003346CDF8009062F0F1DF206C41F2666123
:10A7C0005FF072DF09B0BDE8F08300002DE9F04FC3
:10A7D00000218FB0076C90F85250ADF83210ADF8F0
:10A7E00034100446002109A80C22F7F393F6002345
:10A7F000ADF8363097F8153613B197F8161601E014
:10A8000097F81416D4F8DC002A465FF0BDDC8046C9
:10A81000002800F06081204601215FF0D3DAB8F80B
:10A82000005045B12DB24FF47A726A43204601219F
:10A8300063F098DE0125B8F8023063B10135EDB25E
:10A840001BB24FF47A725A432046294663F08ADEDF
:10A85000012D0AD100E0DDB1022300930121002384
:10A860000193029320460A4608E002230121009347
:10A8700001930023029320460A460B4663F014DF3F
:10A88000204605214FF486720DF1320361F01CDE83
:10A8900000252E46A94638F8051029B304200B23BD
:10A8A0008DE8090009B20DAA4FF4FA73204661F051
:10A8B0007BDBBDF83420BDF832301C3AD21AB7F930
:10A8C000181613B299420FDC0EA9062303FB0613D8
:10A8D00038F80510013623F8141C23F8122C23F83D
:10A8E000100CB6B24FF001090235042DD3D102236A
:10A8F0000693102308930DF13603049300250123DA
:10A90000204604A90593079562F094DE10238DE894
:10A910002800724B02210293204601230DF13602DA
:10A9200001355DF0A5DD402DF0D1002520462946FA
:10A930002A462B4600950195029563F0B5DEB9F1E4
:10A94000000F40F0B180C2E00EAB4FF0060909FBEA
:10A95000053939F8148C0135EDB20FFA88FA4FF445
:10A960007A7202FB0AF22046294663F0FBDDB7F952
:10A970001A2639F9123C9A4201DD002006E0B7F9A7
:10A980001C269A4201DD012000E002205FF0F4DB8A
:10A9900029460246204663F039DEBAF1000FB8BFFF
:10A9A000CAF1000A4FEA8A0A4FF0000940F2712307
:10A9B0009A450ADD09F101095FFA89F9AAF59C6A4D
:10A9C000B9F1200FAAF1020AF0D10FFA88F3002B97
:10A9D000D8BFC9F100095FFA89F94FFA89F34FEA44
:10A9E00048086FF41C7202FB0388002BB8BF5B425F
:10A9F000022B59DD4FF0000A002150465FF058DC71
:10AA00000FFA88FB8BEAEB73A3EBEB73984244D10C
:10AA1000012150465FF04CDC0221804650465FF039
:10AA200047DCBBF1000F82464FFA89F30ADA002BAC
:10AA3000DBBF5FFA89FB0BF1400909F1FF3B0BF12A
:10AA40003F0B09E0002BDBBF5FFA89FB0BF14009EC
:10AA500009F1010B0BF1410B4FFA89F3204604A9D0
:10AA6000079362F0E7DDBDF836302046984404A92C
:10AA7000ADF8368065F0A8D94FFA8BF3204604A9CB
:10AA8000079362F0D7DDBDF8363020469A4404A91A
:10AA9000ADF836A065F098D906E00AF1010A5FFA30
:10AAA0008AFABAF1060FA7D1B542FFF44DAF4FF0C5
:10AAB0000003012E00930193029320464FF00501FD
:10AAC00001D1324601E00122134663F0EDDD20465C
:10AAD00000215FF077D90FB0BDE8F08F61498700A2
:10AAE0002DE9F743904608220F461E4640F607011F
:10AAF00013460446056CBDF828905CF051DC012239
:10AB00001346204640F607015CF04ADC4FF4005241
:10AB10001346204640F646015CF042DC204640F6F3
:10AB200039013A465CF06EDC94F86D33204640F60D
:10AB300035010BB1802200E020225CF063DC20466E
:10AB40004FF4046100225CF05DDC204640F63401E5
:10AB50007F2233465CF024DC20464FF401614FF441
:10AB600080434FF440425CF01BDC94F86D33204688
:10AB700040F6360113B14FF4807200E040225CF0E1
:10AB800041DC204640F646010F2208235CF008DC39
:10AB900094F86D63204640F64601F02256B19023AA
:10ABA0005CF0FEDB204640F646014FF470624FF445
:10ABB000106308E033465CF0F3DB204640F64601C4
:10ABC0004FF4706233465CF0EBDB204640F6330115
:10ABD0007F2243465CF0E4DB4FEA0923204640F63F
:10ABE00033014FF4FE4203F47F435CF0D9DB0126CE
:10ABF00020463B496422002300960196FFF782FD20
:10AC00004FF480521346204640F6A5115CF0C8DB95
:10AC10003246334640F6881120465CF0C1DB4FF4E3
:10AC20009670FCF37BF13246204640F637015CF02B
:10AC3000E9DB44F6216602E00A20FCF36FF12046CE
:10AC400040F637015CF0CCDB30B1013EF4D103E0DB
:10AC50000A20FCF363F101E044F62166204640F649
:10AC600037015CF0BDDB08B1013EF1D140F63701A0
:10AC700020465CF0B5DBC10705D594F8153343F0E9
:10AC8000010384F815330023204640F6A5114FF444
:10AC900080525CF085DB20465FF09CD92046002383
:10ACA00040F2A66141F6FF725CF07ADBD4F88C3199
:10ACB0002046B3F98C20B5F9043C40F609019A42CC
:10ACC000B4BFB5F8065CB5F848554FF68072ED0193
:10ACD00005EA020303B0BDE8F0435CF0619B00BFEE
:10ACE000A0252600F0B54F4B91B0044602AA03F10F
:10ACF000200618685968154603C50833B3422A462A
:10AD0000F7D118689B882860AB80012384F8263A25
:10AD1000A36B8E21186966F02BDE400086B2972562
:10AD200002E00A20FCF3FAF0A36B06F17401186943
:10AD300066F01EDE08B1013DF3D1A36B4FF4427102
:10AD4000186966F015DEA36B074640F20A311869F0
:10AD500066F00EDEA36B05464FF44371186966F08A
:10AD600007DEA36B064640F20E31186966F000DE7E
:10AD7000BE1936042D1876190AD194F8253A4FF6E3
:10AD80007862ADF83820002B31D084F8266A2EE0A6
:10AD90004FF48673ADF83C3006F580760023760AD2
:10ADA00000930FAB360201930DAA0EAB20460CA9FF
:10ADB0000C965DF0BDDFBDF938201B4B9B1A002BB4
:10ADC000B8BF5B42702B94F8EC2A02D85AB1282BFA
:10ADD00009D94FF67863ADF8383094F8253A13B1B5
:10ADE000002384F8263A12B1002384F8EC3A236C4D
:10ADF000BDF9381093F83536891008467BB14AB250
:10AE000012F1560F0BDA12F1690F08DB6FF05603DF
:10AE10009B1A10AA02EB430313F8380C401840B2F7
:10AE200011B0F0BD1839010078FEFFFF436C2DE929
:10AE3000F041D3F82031044603F001030D4683F0BE
:10AE400001061BB9836B186966F0B4DD2046276CD8
:10AE50005EF0C2DF40F27F41A7F802042046276C73
:10AE60005CF0BEDAC005C00D4010A7F80404226FE4
:10AE700041F6062313402BB944F62062102D08BF7B
:10AE8000FA2200E0FA22A36BB821186966F07CDD93
:10AE9000A36B41F60627186966F098DD2046FFF798
:10AEA00065F8236F1F407FB9A36B20461B6A012101
:10AEB000C4F8D430D4F88C815FF00CD9D4F88C313C
:10AEC000A8F88C00C3F88870082D01D0E80606D5D4
:10AED00003210A22204660F0B1D9082D01D0A9062D
:10AEE00004D5204664F0D0DC082D01D06A0604D5D4
:10AEF000204662F071DE082D01D0EB0506D5236CEB
:10AF000093F8173613B12046FFF760FC204660F037
:10AF1000BBDD2046FFF72AF8082D01D028060BD507
:10AF2000256C95F8643523B1204666F0F1DBC5F851
:10AF30005405204665F074D820465CF053DB1EB9FA
:10AF4000A36B186966F036DD20460021FFF748F94B
:10AF5000236C93F8333673B120460121FFF740F993
:10AF6000204640F237614FF440424FF40043BDE8C1
:10AF7000F0415CF0159ABDE8F081816BD0F8D430D7
:10AF80000A6A10B59A42044601D3D31A01E0DB43A2
:10AF90009B18D4F82823934200D302BB8A6E9342B5
:10AFA0001FD3D4F88C31D3F88830D3B9012120468F
:10AFB0005FF090D8D4F88C21B2F88C3019B2884266
:10AFC000CCBFC3EB0000C0EB030094F8661300B2E3
:10AFD000884208DAA36B9B6EC2F8883001E001203A
:10AFE00010BD002010BD012010BD012070470000E1
:10AFF00001290BD1012B09D8013B064902EB830241
:10B0000051F822305A1C03D0C018704700207047F6
:10B0100000207047745B0100142303FB010070479C
:10B020008369DA688A4218BFD960704738B5044628
:10B030002569006835B105F5077115F031DC284642
:10B04000FCF390F2E06C0025256108B1FCF38AF274
:10B05000E56438BDF8B5846905460668E06A08B15C
:10B06000FCF380F2E969B068002708F081DD002177
:10B070002846FFF7D5FF284684F83D70FFF7D6FF36
:10B08000304623F0F9D827826762A762E7622783F8
:10B09000F8BD10B550B1D0F8400238B1072905D835
:10B0A0003C2404FB01018858C3188B5010BD2DE9C6
:10B0B000F0410C4616460546002831D0D0F8403203
:10B0C000002B2DD03C2202FB013318221F6A33468D
:10B0D000FFF7DFFF284621461C220123FFF7D9FF97
:10B0E000BE422846214601D2242214E0B6EB470F87
:10B0F00001D228220FE0B6EB870F01D22C220AE002
:10B10000B6EBC70F01D2302205E0B6EB071F01D224
:10B11000342200E038220123BDE8F041FFF7B9BF37
:10B12000BDE8F08173B504680325204601214FF482
:10B130008062002300951DF099DA002120460A461E
:10B14000012300954DF084DB0026D4F864329D592C
:10B150009DB1AB798BB9D5F818315A6C22F0010248
:10B160005A641A78012A01D15B7F33B12846002145
:10B1700022F0BCDD284667F0B1DA0436202EE4D197
:10B18000204602B0BDE8704023F07698F8B5D0F8BC
:10B19000B0550446AE69F368002B30D0012B30D097
:10B1A00028460121FFF73CFFA068E96908F0E0DCD0
:10B1B00028B128460021FFF733FF012700E00746AA
:10B1C000338A83B1236A18695CF07CDB338A83425B
:10B1D00009D0204623F0E4DE2046318A22F012DA3C
:10B1E00020461BF08BD9D4F8B005FFF79BFF204613
:10B1F00024F0CED92846FFF72DFF3846F8BD0120B0
:10B20000F8BD0020F8BDFFF7C1BF002070472DE951
:10B21000F843DDF820800446D8F800700E46154645
:10B2200099460FB91FE01F463B68A3B1BCB1204649
:10B23000F9683246F7F3D6F028B9284679684A46C5
:10B24000F7F3D0F018B17B69002BECD10BE0C8F814
:10B250000070BDE8F8836FF00100BDE8F8836FF07F
:10B260000100BDE8F883C8F800706FF01D00BDE86C
:10B27000F8831FB50C46416B81B104A840F8041D4A
:10B28000009019461046BDF81C30069AFFF7BFFF24
:10B2900030B92CB1039B1B68236001E04FF0FF30F5
:10B2A00080B204B010BD10B50C4699B10B6863B103
:10B2B0000846F5F3CFF7E068FCF354F16068FCF35F
:10B2C00051F100232360E36063602046BDE8104035
:10B2D000FCF348B110BD2DE9F84F476B04460D460D
:10B2E00016469B46DDF828A0BDF82C90002F33D0E1
:10B2F000B1B9AAB930E07DB976B1BAF1000F0BD07F
:10B300003046F9685A46F7F36DF028B95046796827
:10B310004A46F7F367F050B17B691BB9BDE8F88F77
:10B32000B84601E0B8461F46AF42E4D1A7B1636B0F
:10B3300039469F427B6908BF6363C8F814302368AD
:10B340005868FFF7B0FF94F83030013B84F8303094
:10B35000636B0BB984F83030BDE8F88F10B5044644
:10B3600005E04B69636323685868FFF79CFF616BD6
:10B370000029F6D184F8301010BD2DE9FF471E4694
:10B380000023039390F830300446102B884617466C
:10B39000DDF83090BDF8345009D9416B39B14A68B5
:10B3A0000B7C00920A890192CA68FFF794FF636BD5
:10B3B0000393B8F1000F65D0002F63D0B9F1000FEF
:10B3C00060D003AB0093384631464A462B46FFF720
:10B3D0001EFF824628B9039B41461868F5F31EF705
:10B3E00055E01E3053D11820FCF3B0F082460028FF
:10B3F0004BD02069F5F3C0F6CAF80000B0B1304672
:10B40000FCF3A4F0CAF80C0018B95046F5F322F783
:10B410000CE02846FCF39AF0CAF8040050B95046F4
:10B42000F5F318F7DAF80C00FCF39CF05046FCF347
:10B4300099F02AE0636B2BB9012384F83030C4F80B
:10B4400034A007E094F83030013384F83030039BA7
:10B45000C3F814A0DAF80C0039463246CDF80CA037
:10B46000F6F3D4F7039B49461E7458682A46F6F350
:10B47000CDF7039B41461D811868F5F3C1F64FF0E7
:10B48000000A04E06FF0010A01E06FF01A0A50466A
:10B4900004B0BDE8F087F8B51E4614460D460CE032
:10B4A000FEF7D8F8B04215D07A78931C9C420ED99A
:10B4B000ED186FF001039B1AE41854B12846214699
:10B4C000FF22F7F321F407460028E9D102E0002724
:10B4D00000E027463846F8BD08B511461A464FF435
:10B4E000AE73FFF7D8FF58B14378A3F12102D2B26F
:10B4F000202A04D8029A013B1370033008BD0020B3
:10B5000008BD2DE9F0470468A0B0D0F804800646D5
:10B5100002200F688946F4F761FA002501212A46C6
:10B5200020238246606A1F95F1F3A2F501212A4685
:10B5300020231D90606AF1F39BF501212A46202308
:10B540001E90606AF1F394F501212A4620231A9097
:10B55000606AF1F38DF5202301212A461B90606A71
:10B56000F1F386F5143729461C9052460FA808F1CE
:10B57000E205F6F3CFF7062238462946F6F332F70E
:10B58000002817A807DD39460622F6F33FF70DF12C
:10B590006200294606E029460622F6F337F70DF148
:10B5A000620039460622F6F331F717AA01920C22FF
:10B5B000002307AD0FA902922027524602200093D4
:10B5C00003950497F4F730FB1B98F2F3ABF22A468D
:10B5D00001213B461A98F2F379F2A3691C9861693C
:10B5E0001B9AF1F7C8FF1A981C9A0146F1F7F6FF6B
:10B5F0001A981B9A0146A3690836F1F77AFF30467C
:10B6000098F81850F7F332F080B201901FA9204645
:10B6100008F119022B460096FFF72BFE08B91F9B75
:10B62000A3B11A99D9F8D4201F98F5F349F71DA9A9
:10B630001EAAD9F8D400F5F32BF61AA8F1F356F6A2
:10B640001BA8F1F353F61CA8F1F350F620B0BDE8A7
:10B65000F08770B5456892B004460026286801A9B5
:10B66000202211961BF0CEDB2023012101AAD4F861
:10B67000C000F2F32BF2286809A920221BF0C2DBDC
:10B68000686A012132462023F1F3F2F4119000B3ED
:10B69000012109AA2023F2F319F26B69D4F8B8004A
:10B6A000D4F8C010119AF1F724FFD4F8DC201199D6
:10B6B000D4F8D400F5F304F7D4F8DC000146F5F330
:10B6C000B9F6D4F8DC0004F1C40104F1C802F5F3C2
:10B6D000DFF511A8F1F30AF60021202209A8F6F3FC
:10B6E00019F701A800212022F6F314F712B070BD5B
:10B6F000F0B5C1B007AD0C461746114628460222E8
:10B70000F6F384F601210DF11E022023D4F8BC00CB
:10B71000F1F302F601210DF13E022023D4F8CC0012
:10B72000F1F3FAF501210DF15E022023D4F8D000E7
:10B73000F1F3F2F501210DF17E022023D4F8B800D7
:10B74000F1F3EAF501210DF19E022023D4F8C400A3
:10B75000F1F3E2F501210DF1BE022023D4F8C80077
:10B76000F1F3DAF500238DE82800C22220250292A9
:10B7700038AE04F118012A46022003960495F4F726
:10B7800053FAB81C31462A46F6F32CF6D0F10100E4
:10B7900038BF002041B0F0BD30B590F88C318DB08D
:10B7A00004460D68002B3FD0D0F8D40008A909AAA0
:10B7B000F5F36EF5202301216A460998F1F3ACF503
:10B7C000D4F87031E31893F893219DF81F3053405B
:10B7D000D80724D501210022EB69686AF1F348F407
:10B7E000EB690A9001210022686AF1F341F401211A
:10B7F0000B900A9A2869F5F3A9F600230B980A9989
:10B80000099AF1F7B8FE08990B9AD4F8D400F5F329
:10B81000D9F50AA8F1F36AF50BA8F1F367F520460C
:10B82000FFF717FF002501E04FF0FF35E43404F186
:10B83000A000F1F35BF504F19C00F1F357F504F17E
:10B84000A400F1F353F504F1AC00F5F303F504F1B2
:10B85000B00000212022F6F35DF628460DB030BD81
:10B860002DE9FF410546006832F8066F0C46D0F816
:10B870000080FFF73DFF002833D06968A4F86460BA
:10B880008F7904F138068FB9D8F8D00632462023D4
:10B8900076F0ACDC2368696814338DE888003246A2
:10B8A000D8F8D006202376F0B5DB17E010230093FC
:10B8B00023684FF480271433019308462022314631
:10B8C00004F10803029750F095DE48B921686868D2
:10B8D00014313A46D5F88C30FDF72EFF012000E0F8
:10B8E000002004B0BDE8F0812DE9FF41D688B1F811
:10B8F000643005460068B3420C46D0F800803BD85F
:10B900004FF6FF739E4237D00632FFF7F1FE002854
:10B9100033D06968A4F864608F7904F138068FB970
:10B92000D8F8D0063246202376F060DC23686968B8
:10B9300014338DE888003246D8F8D006202376F0FC
:10B9400069DB17E01023009323684FF4802714333A
:10B95000019308462022314604F10803029750F073
:10B9600049DE48B92168686814313A46D5F88C3008
:10B97000FDF7E2FE012000E0002004B0BDE8F08108
:10B9800073B5002304460B99006801931646089D81
:10B9900041F01CDB079B032B04D901A80699042264
:10B9A000F6F334F50C3E032E1CD8DFE806F00A0F40
:10B9B0000204A36A08E0019B5A1E272A15D8A36235
:10B9C0000EE0E36AC3F340032B6009E00198E36AE9
:10B9D00018B923F00203E36209E043F00203E362D3
:10B9E000002004E06FF0160001E06FF001007CBD64
:10B9F000F8B5876805464FF4E0700E46FBF3A6F5F0
:10BA00000446002878D000214FF4E072F6F382F566
:10BA1000266065600023F451686AA4F8AC30012107
:10BA200000222023F1F324F3C4F8BC00002866D0E0
:10BA3000686A012100222023F1F31AF3C4F8B80048
:10BA400000285CD0686A012100222023F1F310F362
:10BA5000C4F8CC00002852D0686A012100222023BB
:10BA6000F1F306F3C4F8D000002848D0686A012139
:10BA700000222023F1F3FCF2C4F8C00000283ED0DD
:10BA80002869F5F379F3C4F8D400002837D0286981
:10BA9000F5F372F3C4F8D800002830D02869F5F324
:10BAA0006BF3C4F8DC0050B31323A4F866302B68A2
:10BAB000174998683246002308F0DED82B68A06644
:10BAC000144998683246002308F0D6D82B68C4F889
:10BAD000B000114998683246002308F0CDD82B6891
:10BAE000C4F8B4000D4998683246002308F0C4D861
:10BAF000C4F8E000002408E06FF01A0401E04FF001
:10BB0000FF34284631466DF0D5DC2046F8BD00BF35
:10BB100085D1870079D187000DD187005DDF87004F
:10BB2000F8B547680646CD590C46DDB1436B0BB1FD
:10BB3000FFF714FCD5F89C1049B13368986808F0F9
:10BB400017D83368D5F89C10986808F07DD8D4F8D9
:10BB5000243413B120464FF02FDA2846FBF302F5C8
:10BB60000023E351F8BD00002DE9F041D0F89830F2
:10BB7000D0F89010013344688B4225688EB002469D
:10BB8000C0F8983009D1D0F894307BB1D2F89C102D
:10BB90004FF47A72A8685A4304E007D2D2F89C1096
:10BBA000A868214A002307F0BDDF39E0D5F8D006A8
:10BBB000214675F037DF237A002B31D0D4F8080105
:10BBC000F7F314F3074658BB227E04F1DC080EAEEF
:10BBD00004F1190106A846F8242DF6F317F42146BE
:10BBE0004246284671F068D804F1E203019302232B
:10BBF00002460293214643462846CDF8008020F0B5
:10BC0000F5DC3946204639F0C9D92146284640F0AE
:10BC100059DF28461A21324624230097F6F76EFA98
:10BC20000EB0BDE8F08100BF80EE36002DE9F04F88
:10BC30000D68ADB004460121A86922AA2023D5F8D9
:10BC400000B0F1F369F34FF0080AD4F8683194F8C2
:10BC50006C11E21804F1E40682F8E31006F18C029C
:10BC60000C210DF16809019206F190003246CDF8E1
:10BC70000090F9F343F2D4F8701140480591F6F3BF
:10BC8000F5F422AA03464FF02008009206AF05996A
:10BC90003A4A4846CDF804800297CDF80C80F9F373
:10BCA00007F201213A464346D4F88801F1F30EF732
:10BCB00058466EF017DAD4F88801A969F1F39CF2BE
:10BCC000002836DAD4F88431CDF808B000932C4B34
:10BCD000D4F8881101932869D4F89021D4F88031E0
:10BCE000F5F3E8F228BB94F88C3113BB2869D4F83B
:10BCF0009011F5F3C7F4E0B1012384F88C31494683
:10BD0000D4F8702106F1B000F6F380F3D4F8900176
:10BD10002AA92BAAF5F3BCF22A992B9AD4F8D400BD
:10BD2000F5F350F3D4F8682128683146013A1BF046
:10BD300069D894F86C310133DBB284F86C31AA6AAB
:10BD4000934207D80AF1FF3A5FFA8AFABAF1000F74
:10BD50007FF47BAF0021502206A8F6F3DBF300212D
:10BD600020221AA8F6F3D6F394F86C01AB6A984235
:10BD700034BF002001202DB0BDE8F08F62E68900BD
:10BD800075EA87002DE9F04F4368CFB0CB580446E1
:10BD900003F1080948468846F6F368F4074602208E
:10BDA000F3F71CFE00234EA941F8043DBBB208F195
:10BDB000190207930692079A8346019298F8183061
:10BDC0002046069ACDF80090FFF753FA18B94D9B1C
:10BDD000002B40F00A81012100222023606AF1F348
:10BDE00047F10121002220234290606AF1F340F1E3
:10BDF0000121002220234390606AF1F339F10121EF
:10BE0000002220234490606AF1F332F101210022E4
:10BE100020234590606AF1F32BF1012100222023B9
:10BE20004690606AF1F324F101210022E369479012
:10BE3000606AF1F31DF10521024649902069F5F38E
:10BE400085F3E36901210022606AF1F311F1042115
:10BE5000024648902069F5F379F32069F5F38CF1F7
:10BE60004A902069F5F388F14B902069F5F384F14D
:10BE700008AD002180224C902846F6F34BF33A4659
:10BE800028464946F6F3C2F2012100223023606AB7
:10BE9000F1F3EEF00121002230234090606AF1F3CB
:10BEA000E7F0002633460DF1E00A419098F818209B
:10BEB0000195022028AD069902970096CDF80CA0B6
:10BEC000CDF810B0F3F7B0FE302231462846F6F335
:10BED00021F34748F6F3CAF3454B3027009301900E
:10BEE000514602205A46334602950397F3F7BCFEAB
:10BEF00001213B462A464098F1F3E8F54098A269B3
:10BF00000146F1F76BFB429B48990093439B499A8A
:10BF100001934098A369F1F779FF4299439A4B98AE
:10BF2000F5F350F231463A462846F6F3F3F231483B
:10BF3000F6F39CF32F4B0190009351465A4633463B
:10BF4000022002950397F3F78FFE3B4601212A4614
:10BF50004198F1F3BBF54198A2690146F1F73EFB28
:10BF6000449B48990093459B499A01934198A36942
:10BF7000F1F74CFF4499459A4C98F5F323F24C990C
:10BF80004A9A4B98F5F3A2F0079A98F81830019264
:10BF90004A99069A2046CDF80090FFF7EEF946A997
:10BFA00047AA4A98F5F374F142A8F1F39FF143A828
:10BFB000F1F39CF144A8F1F399F145A8F1F396F15E
:10BFC00048A8F1F393F149A8F1F390F140A8F1F3F7
:10BFD0008DF141A8F1F38AF14BA8F5F33BF14CA8A0
:10BFE000F5F338F14AA8F5F335F14FB0BDE8F08F1D
:10BFF000B85B0100D25B0100C06A00F0010070472D
:10C0000021B18368CB5893F8BC017047084670474C
:10C010002DE9FF41476804460023D0F800803846E8
:10C020000E46A2F168050393FFF7E6FF90B138468C
:10C030004146FFF7E5FF68B103AB009321462B466D
:10C04000386806F16002FFF747FA039D014610B910
:10C050009DB100E03146A5F12003202B0DD8B4F8A6
:10C06000AC309D4209D104F16C002A46F6F3BAF1D6
:10C07000002814BF0520002000E0052004B0BDE822
:10C08000F08100002DE9F0419846B8B000233593C7
:10C0900036937F4B07460C4630AE03F1100E1868FE
:10C0A0005968354603C5083373452E46F7D13D68B8
:10C0B0000121202302F10806686A0022F0F3D8F774
:10C0C00035902869F5F358F0B8F1680F369015D916
:10C0D0007B689B79002B00F0B9802846FFF78CFF26
:10C0E00020B128462168FFF78BFF48B9A8F16808FE
:10C0F0001FFA88F8A4F8AC80464401E040F0A8801C
:10C10000D4F8BC00012132462023F1F3DFF4D4F847
:10C11000BC00F1F3F9F2002840F09C80D4F8BC0098
:10C120006969F1F369F0002880F29480012106F139
:10C1300020022023D4F8CC00F1F3C8F40121D4F874
:10C14000D00006F140022023F1F3C0F4D4F8BC0083
:10C15000D4F8B810F1F350F070B9D4F8CC00D4F89A
:10C16000C410F1F349F038B9D4F8D000D4F8C810AD
:10C17000F1F342F000286FD0D4F8D800D4F8CC10F6
:10C18000D4F8D020F5F31EF1002867D0D4F8BC1005
:10C19000D4F8D400369AF5F393F13698D4F8D81041
:10C1A0000246F4F393F73698D4F8C010024620AE56
:10C1B000F5F386F1369834A90022F5F369F032469A
:10C1C000202301213498F1F3A7F00021202228A890
:10C1D000F6F3A0F1202137AB324618AF019328A81F
:10C1E0000B460097F8F38AF7D4F8B810D4F8BC20BF
:10C1F0006B693598F1F77DF9202332460121359896
:10C20000F1F38AF03146102204F10800F6F3FEF053
:10C2100030A8F6F32BF22025402203460096039225
:10C2200004AE294630AA384601950296F8F340F745
:10C2300004F1180031462A46F6F3E8F004F138001C
:10C240000CA92A46F6F3E2F0002408E0FF2406E0F9
:10C25000042404E0032402E0012400E0022435A8C1
:10C26000F1F344F036A8F4F3F5F70021202218A8E2
:10C27000F6F350F10021502204A8F6F34BF120A868
:10C2800000212022F6F346F1204638B0BDE8F081C7
:10C29000FEE589002DE9F04F1D46836889B0EF580F
:10C2A00043688046CB580E46079318469146394658
:10C2B000129A139BFFF7E6FE0328044601D1009073
:10C2C00005E0022801D0042816D10323009301239E
:10C2D00001930293002303930493D6F80831304668
:10C2E000B3F8623005F11401C3F3401305934A46D5
:10C2F0002B46F7F70BFB65E0012862D0002861D1DF
:10C30000B7F8623040460133A7F86230FFF774FE99
:10C3100040B140462946FFF773FE002814BF7E2037
:10C32000002000E0204601234FF0000A4FF0030BED
:10C330000193D6F80831CDF800B00290CDF80CA0EA
:10C34000CDF810A0B3F8623005F1140CC3F340131C
:10C35000614605934A462B463046CDF818C0F7F79C
:10C36000D5FACDF800B0D6F808314FF0020BCDF871
:10C3700004B0CDF808A0CDF80CA0CDF810A0B3F80B
:10C380006230DDF818C0C3F34013614605934A4696
:10C390002B463046F7F7BAFAD9F80030B96EC7F82D
:10C3A0005930B9F80430A7F85D30D8F800309868F3
:10C3B000079BD3F88820534607F0B4DB87F858B0C2
:10C3C00000E0FF24204609B0BDE8F08F2DE9F04FD2
:10C3D000D0F804A087B09AF8063005460C4693467C
:10C3E0000768D1F8009043B390F8A93013B1013B2E
:10C3F00080F8A930D4F8B43138460093D4F8B83175
:10C40000514601935A464B46FFF744FF0646D4F87F
:10C41000B40168B10021D4F8B821F6F37BF0D4F868
:10C42000B401FBF39FF00023C4F8B431C4F8B83171
:10C43000002E14BF022000202DE03846FFF7DCFD5F
:10C4400038B138464946FFF7DBFD002814BF7E208F
:10C45000002003234FF001088DE808010026029018
:10C4600003960496DAF8083109F11401B3F8623042
:10C470005A46C3F34013059350464B46F7F746FA26
:10C480003B68A16E9868D5F88820334607F04ADBF0
:10C4900084F85880304607B0BDE8F08F052B10B502
:10C4A00003D1BDE81040FFF791BF43689B792BB1E2
:10C4B00090F8A93013B1013B80F8A930022010BDDB
:10C4C0002DE9F0419846436805469B790C4616468F
:10C4D000069F8BB190F8A930013380F8A930384617
:10C4E000FBF334F0C4F8B401002834D041463A4696
:10C4F000F5F38CF7C4F8B8710023A4F86030A4F801
:10C500006230A4F864303368C4F85930B388A4F8B2
:10C510005D302868FFF770FD90B128682168FFF74B
:10C520006FFD68B121462846FEF7EBFF2046FFF776
:10C5300090F8284621463246BDE8F041FFF746BF55
:10C54000204629466CF04EDD20B9042384F858308B
:10C55000BDE8F0810220BDE8F0812DE9F04387B00D
:10C5600015460F9A0646012A0C461F46DDF838800C
:10C57000D0F804C0D1F8009059D19B88072D8CBF0A
:10C58000FA88FF220BB17E2B59D100217E2B84F833
:10C59000BC1103D1012384F8BC3104E01BB96368EA
:10C5A000DB6A98074BD5132A16D0032101224D23AD
:10C5B0008DE80E00002303930493DCF808316046F5
:10C5C000B3F8623009F11401C3F3401305934246F6
:10C5D0004B46F7F79BF932E096F8A80007F10801FF
:10C5E00096F8A99040B9012386F8A830B9F1000F58
:10C5F00028D1682D0AD904E0B9F1000F12D1682DB5
:10C600000AD920462A466DF00FDAD8B90E95304681
:10C61000214642463B460DE0304621466DF042D869
:10C6200048460FE0304621466DF03CD809E042B95B
:10C630000E95424607B0BDE8F043FFF741BF022028
:10C6400000E0002007B0BDE8F0832DE9FF41056858
:10C650000C46A3F10807D1F80080A4F8AC700021C3
:10C660002846039102F10806FFF7C6FCA0B1284650
:10C670004146FFF7C5FC78B103AB009332463B4619
:10C6800028682146FEF728FFBDF80C300646A4F8BE
:10C69000AC3018B913B90FE0A4F8AC70B4F8AC2002
:10C6A000A2F120039BB2202B06D804F16C00314686
:10C6B000F5F3ACF6002001E04FF0FF3004B0BDE828
:10C6C000F0812DE9F04F90E8C00089B00792139AED
:10C6D0008046012A0C469A46DDF848B00D6840F0C5
:10C6E000AC803368896E986807F042DA04F16C0315
:10C6F0000021402218460693F5F30CF70021A4F818
:10C70000AC100799BAF8042007298CBFBAF80610B4
:10C71000FF214C2A069B3CD14FF0000918464946A0
:10C720004022A4F86090F5F3F5F6A4F8AC904046EA
:10C7300021465246079BFFF788FF3046FFF75CFC17
:10C7400078B130462946FFF75BFC50B10322012344
:10C750004FF07E0C8DE80C10CDF80C90CDF81090B9
:10C7600008E003234FF0010E8DE8084000230293F8
:10C7700003930493D7F808313846B3F8623005F1D3
:10C780001401C3F3401305935A462B46F7F7BEF83E
:10C7900049E04D2A04D1B4F866308B4218D042E00B
:10C7A0000AB17E2A3FD113290ED1079A3046019251
:10C7B00039465A462B46CDF800A06CF0D5DF00284C
:10C7C00014BF0220002076E0B4F86030052B01D9B8
:10C7D00000233BE0032201234FF04D098DE80C02BA
:10C7E0004FF00009CDF80C90CDF81090D7F8083133
:10C7F00005F11401B3F862305A46C3F340130593B0
:10C8000038462B46F7F782F8B4F86030A16E013352
:10C81000A4F860303368D8F8882098684B4607F051
:10C8200081D9484647E03368A16E9868D8F88820D7
:10C83000002307F077D900203DE0931E012B4FF035
:10C84000000337D8B1F86010052903D984F85830AF
:10C85000022030E0032A09D132680131A4F86010C7
:10C860009068A16ED8F8882007F05CD93046FFF7B1
:10C87000C3FB38B130462946FFF7C2FB002814BF7E
:10C880007E200020032301248DE81800002402905C
:10C8900003940494D7F808313846B3F8623005F1B0
:10C8A0001401C3F3401305935A462B46F7F72EF8AD
:10C8B000204600E0184609B0BDE8F08F2DE9F347A7
:10C8C0000B6882685B680646D3F808A0D3F804902A
:10C8D000B3F810801B680D46032B5AF80240DAF8B3
:10C8E00010701DD1FFF788FBD0B130465146FFF7DD
:10C8F00087FBA8B1B4F8AC3093B1B9F1010F0FD1F7
:10C90000B8F14C0F01D0BA7952B9AA69FF20009250
:10C910005D2104F16C02DBB2F1F70EFD002001E0B5
:10C920006FF01600BDE8FC872DE9F8430B688268BC
:10C930005B680446D3F808905F681E8A1B6859F844
:10C940000280032BD9F8105013D1FFF755FBA0B18B
:10C9500020464946FFF754FB78B1B8F8AC0060B107
:10C96000012F06D14C2E01D0AB792BB90330BDE895
:10C97000F8830020BDE8F8830020BDE8F8832DE9A6
:10C98000F04F0B6882685B68B9B0D3F808805E68C6
:10C990001F8A1B688146032B58F80240D8F810A064
:10C9A0008D69D1F81CB040F09F80012E48D137B17D
:10C9B000A7F14C039BB2012B01D97E2F0FD1B4F804
:10C9C000663038A9284621F8043D0222F5F31EF509
:10C9D00002350FB17E2F02D19AF806300BB14C2FE1
:10C9E00013D14846FFF708FB20B148464146FFF700
:10C9F00007FB50B9B4F8AC203AB1284604F16C01F9
:10CA0000F5F304F5B4F8AC30ED180FB17E2F6ED10C
:10CA100001212A462023D4F8B800F0F37DF4012147
:10CA200005F120022023D4F8C400F0F375F4D4F803
:10CA3000C800012105F140022023F0F36DF456E017
:10CA4000022E54D1B4F8623038A921F8023D2846AC
:10CA50003246F5F3DBF4BDF8DE3038AF27F8C83DD9
:10CA600001210DF11A022023D4F8B800F0F354F498
:10CA700001210DF13A022023D4F8C400F0F34CF464
:10CA800001210DF15A022023D4F8C800F0F344F438
:10CA900001210DF17A022023D4F8BC00F0F33CF41C
:10CAA00001210DF19A022023D4F8CC00F0F334F4E4
:10CAB00001210DF1BA022023D4F8D000F0F32CF4B8
:10CAC0004FF00008C22302930235304604F11801EA
:10CAD00020224346CDF8008001970395CDF810B091
:10CAE000F3F7A2F8404603E06FF0160000E00020E4
:10CAF00039B0BDE8F08FF8B50B6804465A68836812
:10CB000096685168F558138A12683769032A2DD13F
:10CB1000012926D10BB17E2B12D1BB796BB92046EE
:10CB2000FFF76AFA20B120463146FFF769FA20B9CB
:10CB3000B5F8AC0008B1023000E002206030F8BD6A
:10CB40004D2B15D04C2B11D1FFF756FA20B12046B2
:10CB50003146FFF755FA58B9B5F8AC0050B102307C
:10CB6000F8BD02290CBF22200020F8BD0020F8BD2E
:10CB70000220F8BD0220F8BD19B18368CB5883F8B4
:10CB8000BC21704770B50C680D4606461022084659
:10CB90000021F5F3BFF42C6020460021F268F5F384
:10CBA000B9F404F52473C4F8EC3004F52C73256053
:10CBB000C4F8243170BD2DE9F0470D4698462B6826
:10CBC000BDF82060099C0768896B95F82CC073B18B
:10CBD00093F8009093F801A049EA0A29A5F81C905F
:10CBE00093F81690DB7D49EA0323A5F87E303B6875
:10CBF000B5F81C9093F8D130002B5AD197F927350E
:10CC0000B3F1FF3F03D190F8A43313B151E0012BEE
:10CC10004FD0C9F38027B5F87E9019F00F0901D1E4
:10CC200027B987E027B94FF0010904E0012702E0A6
:10CC30004FF000094F460123002204F5227004F54D
:10CC4000237176F017DAD4F88832984505D1D4F8F4
:10CC50008C32F31A18BF012300E001233FB933B12E
:10CC6000C4F88872C4F88C72A4F886725CE0B9F1DA
:10CC7000000F08D00020C4F88802C4F88C02A4F881
:10CC80008602BDE8F087B5F87E50C4F88882C4F803
:10CC90008C62A4F886524846BDE8F08706D18F889A
:10CCA000B74294BF0027012700E00127F8B2BDE892
:10CCB000F087BCF1000F13D04B6B03EBC20153F8AC
:10CCC0003230984506D307D18888B04294BF0026F9
:10CCD000012602E0012600E00026F0B2BDE8F08760
:10CCE000D1F8E03052019A18136998451CD302D14B
:10CCF000938AB3421BD89369984506D307D1908B8A
:10CD0000B04234BF0020012002E0012000E00020FA
:10CD100070B106F07F06F308D05C06F007063041DC
:10CD200000F00100BDE8F0870120BDE8F087012098
:10CD3000BDE8F0874B6B03EBC20153F832309845E6
:10CD4000ACD2B2E72DE9F04F1C4693F860B05F68B3
:10CD5000D368ADF5117D064605919146156933B14D
:10CD60001B7A0B2B03D13B7803F0010301E0FB7826
:10CD70009B09E36394F82C304946009330462A46D9
:10CD8000E36B4FF023DB0146A06320B12A6D40F234
:10CD9000371313402BB9304621464A4671F002DA68
:10CDA000E2E090F90E2090F90F30D318A2689A4271
:10CDB000C0F0DA80A269138A13F0080F0DD0007A50
:10CDC0000B280AD196F8DC0538B18879032804D8F5
:10CDD00023F008031B041B0C13820B7A042B59D07D
:10CDE0000B2B00F0AE80022B40F0C080BB7897F890
:10CDF00000A097F8068043EA0A2A7B794FEA0848A0
:10CE000048EA03283B7948EA0308FB79A76E48EA19
:10CE1000036817F0010740F0AC80284621465A46C7
:10CE20004346CDF800A0CDF80490FFF7C4FE0028DB
:10CE300000F09F80AB79002B40F067823368D3F815
:10CE40008830D3F8DC210132C3F8DC2194F82C209F
:10CE500022B1D3F8B4220132C3F8B422D3F8E821C6
:10CE60000132C3F8E821D5F8183193F834301BB1FA
:10CE70002846002165F0E0DB94F82C70002F00F0CC
:10CE800044823368D3F88830D3F8C0220132C3F823
:10CE9000C02269E03B7897F801A097F8068043EA42
:10CEA0000A2AFB794FEA084848EA03683B7948EACE
:10CEB00003087B7948EA03282B7C13B9EB6DDB0769
:10CEC00057D4A76E17F0010753D1284621465A467A
:10CED0004346CDF800A0CDF80490FFF76CFE002883
:10CEE00047D0AB79002B40F010823368D3F88830FC
:10CEF000D3F8DC210132C3F8DC2194F82C2022B1D4
:10CF0000D3F8B4220132C3F8B422D3F8F0210132AD
:10CF1000C3F8F021D5F8183193F834301BB1284606
:10CF2000002165F089DB94F82C70002F00F0ED8172
:10CF30003368D3F88830D3F8C8220132C3F8C82246
:10CF400012E00237C83110223846F5F383F5002885
:10CF50000CDA8D4839461022F5F3ECF6A16B8B48BC
:10CF6000C8311022F5F3E6F60027CEE14FF00008B5
:10CF7000C24696F8B03293B92B6D1F070FD4A06B41
:10CF8000037A022B02D1F6F331F140B963699B6950
:10CF9000980004D4A3691B8A190700F1FB80636918
:10CFA0009B695A06E0D4A3691A8A42F008021A82E1
:10CFB000A16B0B7A013B0A2B00F2CE80DFE813F065
:10CFC00035000B0035006C00CC00CC00CC00CC0050
:10CFD000CC00CC00AE000846F6F308F108B12B7C7B
:10CFE0004BB1A36BD3F88820904504D80FD093F8A9
:10CFF0008C205A450BD0A16B226804F140073846BB
:10D0000014310A32434601F0C3D9E76501E06433C5
:10D01000E365A16B04F14A0738461431E26D5346CB
:10D0200001F080DA3846102110E06168032284A8FC
:10D03000F5F3ECF1A36B84A803F114011A69033032
:10D04000F5F3E4F1A36B84A81969033107AAFBF394
:10D050008DF1A36B606893F90E30A168C018C91AEE
:10D0600007AAFBF3A5F1A36B606893F90E30A168E2
:10D07000C018C91A4FF0FF32F6F3F4F0444BA2691E
:10D080009842138A04D123F010031B041B0C01E007
:10D0900043F0100313827DE06368DF7817F0200708
:10D0A0001FD00A6948A81431D200FBF303F600230D
:10D0B00021686269484670F0A5DC0027A36B0190E7
:10D0C0000097196948A82368E268EEF3C7F3831C48
:10D0D00005D1A3691A8A42F010021A825AE001307F
:10D0E00058D13368D3F88830D3F8DC210132C3F843
:10D0F000DC21D3F8F4210132C3F8F42194F82C2078
:10D10000002A00F0FF80D3F8B4220132C3F8B42221
:10D11000D3F8CC220132C3F8CC22F6E001F114009E
:10D12000E2682431236800F0F9DF00287FF41CAFA7
:10D13000A26BD2F8D8300133C2F8D83033F07C4338
:10D1400028D1F2220192D6F89401294609F114025D
:10D15000009376F05DDE1DE0AF79002F7FF404AF21
:10D160003368D3F88830D3F8DC210132C3F8DC21EE
:10D1700094F82C20002A00F0C580D3F8B4220132A4
:10D18000C3F8B422C1E000BFA2ED8900A8ED890078
:10D19000E320BBDEA36B616893F90E208A186260FE
:10D1A00093F90E1093F90F208A18A1688A1AA260C9
:10D1B00093F90E1093F90F208A1821698A1A2261B7
:10D1C000A269128A02F01802182A64D1AB79002BE6
:10D1D0007FF4CAAE95F94420009301930293304640
:10D1E0003123D5F8081170F0A7DA3368D3F8883006
:10D1F000D3F8DC210132C3F8DC21D3F8EC21013271
:10D20000C3F8EC21D3F8F4210132C3F8F42194F8E7
:10D210002C2072B1D3F8B4220132C3F8B422D3F86F
:10D22000C4220132C3F8C422D3F8CC220132C3F89D
:10D23000CC22A26B127A022A05D0032A12D0012A2C
:10D240007FF492AE0EE0D3F808220132C3F8082230
:10D2500094F82C70002F58D0D3F8E0220132C3F894
:10D26000E02281E6D3F800220132C3F80022D3F88D
:10D27000FC210132C3F8FC2194F82C70002F44D01B
:10D28000D3F8D8220132C3F8D822D3F8D4220132FD
:10D29000C3F8D42268E661698A89E26094F82D2097
:10D2A0009AB993F90F20059892B2FAF329F16369BC
:10D2B000DA89900402D5B3F850308BB9A36BE268D9
:10D2C00093F90F30D31AE3600AE00598F6F3F4F00F
:10D2D000A36B014693F90F20059892B2FAF310F16F
:10D2E000A36BC4F86480A4F862A01B7A042B01D05D
:10D2F000022B09D1A36ED90706D43046214670F01F
:10D300009DDF01E0174600E0012738460DF5117D4D
:10D31000BDE8F08F2DE9F341099F00230D990446E4
:10D320009046089E0A9D009301933FF04FDE032F25
:10D330000BD9042268463146F5F368F0072F04D96B
:10D3400001A8311D0422F5F361F0A8F14C08B8F1F1
:10D35000050F2AD8DFE808F00A03160F231BD4F8BC
:10D360008434BDF80020A3F8922016E0D4F8843469
:10D37000B3F8923017E0D4F88434BDF80020A3F855
:10D3800096200AE0D4F88434B3F896300BE0D4F851
:10D390008434BDF80020A3F89E20002007E0D4F8D4
:10D3A0008434B3F89E302B60F7E76FF01600BDE8C9
:10D3B000FC81D0F884242DE9F843B2F89280044629
:10D3C0004145D4BF00200120B2F84A50B2F89690EF
:10D3D000B2F89460B2F898C010B1C8EB010701E050
:10D3E000C1EB0807B2F89030BFB2002B75D0BCF18A
:10D3F000010FADB2334607D1002851D02BB203FB49
:10D4000008F393FBF1F346E0BCF1020F2BD131B2EC
:10D41000B8B10FFA89F3994203D10423A2F89830E6
:10D4200062E0132F02D9A6F1140339E0092F02D9C3
:10D43000A6F10A0334E0042F01D9731F30E0B31EB4
:10D440002EE00FFA85F841451DD0132F02D906F1C1
:10D45000140325E0092F02D906F10A0320E0052F65
:10D460001CD9731D1CE0BCF1040F39D133B238B1A3
:10D470000FFA89F18B4237D0052F38D9731F0AE094
:10D4800029B28B4204D10123A2F89830BDE8F88379
:10D49000052F2DD9731D4FF0020C01E04FF0040C45
:10D4A0001BB229B28B4204DC0FFA89F5AB42A8BF4C
:10D4B0001D462368A2F89450A2F898C02DB22946C0
:10D4C000012220461B7E72F0B1DC236820462946EB
:10D4D00000221B7E72F0AADC06E01846BDE8F88345
:10D4E0004FF0FF30BDE8F8830020BDE8F88300204E
:10D4F000BDE8F883D0F8843413B5B3F8902004461F
:10D500006AB1036A0DF1060118695BF0BFD980B1F9
:10D510002046BDF906100122FFF74BFF09E0642108
:10D52000012372F083DC012220466421134672F04D
:10D530007DDC1CBD08B5036AD3F8D80079B1437807
:10D540004A789A4208D102300231F4F34BF7D0F115
:10D55000010038BF002000E00020C0B208BD08462E
:10D5600008BD2DE9FF4799464369D0F820808246DF
:10D570001B680446174602695AF8180B0E464146C6
:10D58000D55801F055FA2169206852466FF096DCB3
:10D590000123C8F800302B680146023B012B03D859
:10D5A0002369DB6DC8F8D0300C9B2068029342469B
:10D5B00033468DE8800201F058FA48B12B68022BFF
:10D5C00005D1636AD888003018BF012000E001202F
:10D5D00004B0BDE8F0872DE9F04FC368044600F1C0
:10D5E000180799B01646056A8A46006821693A46C6
:10D5F00003936FF063DC013E0290062E00F2388147
:10D60000DFE816F007003601BC003601DB0036010A
:10D61000FF00EE68002E00F02C81D5F8D03013F416
:10D62000804B0CD023682169D3F8D4060368CB580B
:10D630001B781BB14AF04ADB834600E09B466368D7
:10D6400093F86231A3B1D5F8D000F0F78BFE88B122
:10D650002368D3F86008FEF7CFFC58B1236802991D
:10D66000D3F86008FEF7CCFC20B1B5F8DC8002E00E
:10D67000984600E08046B5F806C02068DC44C44403
:10D680001FFA8CFC0CF1710321693A469BB2CDF86C
:10D6900004C077F07BD9DDF804C00646002800F00E
:10D6A000E8800CF15F0CD0F808901FFA8CFC4FEA70
:10D6B0001C2343EA0C2C09F11207A9F810C0002121
:10D6C0005F223846F4F326F74AF484731A0A89F87D
:10D6D000132089F814302B8B05F13C011A0A89F8C4
:10D6E000152089F81630202209F11F00F4F38EF678
:10D6F000EA8809F171009344D8441FFA88F84FEA88
:10D70000182343EA0828A9F86F80E968F4F37EF645
:10D71000636893F86231F3B1D5F8D000F0F722FED8
:10D72000C8B12368D3F86008FEF766FC98B1236897
:10D730000299D3F86008FEF763FC60B1EB68002B38
:10D7400000F09B80E888D5F8E01038185F30B5F815
:10D75000DC20F4F35BF6D5F8D030580440F18D802E
:10D7600023682169D3F8D4060368CB581B78002BB3
:10D7700000F083803A464AF0FFD97EE020682169B4
:10D780003A46712377F002D90646002871D0D0F8C6
:10D7900008905F22002109F1120789F8112089F809
:10D7A00010103846F4F3B6F64AF480731A0A89F872
:10D7B000132089F814302B8B1DE0206821693A462C
:10D7C000712377F0E3D80646002852D0D0F80890AD
:10D7D0005F22002109F1120789F8112089F8101041
:10D7E0003846F4F397F64AF440731A0A89F813207E
:10D7F00089F81430EB8A1A0A89F8152089F816304E
:10D800003BE0206821693A46712377F0BFD806468D
:10D8100078B3D0F8089000215F2209F1120789F847
:10D82000101089F811203846F4F374F64FEA1A23E1
:10D8300089F8133089F814A01FE0D5F8D000F7F369
:10D840007DF10146484605F18C0204ABF7F386F101
:10D85000044630B9314603982246F9F3A7F6264626
:10D8600007E007F14D0004A91022F4F3CFF500E022
:10D870000026304619B0BDE8F08F032389F80F3039
:10D88000D5F8D000F6F354F505F15C0400280CBF80
:10D89000FE2302233846082200F8053B2146F4F314
:10D8A000B5F508212046F7F34FF11AF00301C9D16D
:10D8B000C3E72DE9F04F91F813800B7D8BB043EA5D
:10D8C000082818F0030904460E4606924769056ABF
:10D8D000CDF8208005D1D5F8D000F7F32FF184469C
:10D8E00000E0CC4605F15C0A06F1170B0120082385
:10D8F00059465246CDF810C0F6F302F68245DDF8DF
:10D9000010C000F0F78318F48071079110D0338AAB
:10D910001A0A42EA03239BB25C2B40F2EB833046A7
:10D92000614605F18C02F6F3E5F7002800F0E2838A
:10D93000338A1A0A42EA03239BB25E2B40F2DA834F
:10D9400096F86F1096F8702042EA01225F329342F7
:10D95000C0F0D08306F112020992594608225046BF
:10D96000F4F354F505F1640059460822F4F34EF53A
:10D97000D5F8D000F6F3DCF4002868D018F4805F06
:10D9800065D096F86F2096F8703043EA0223B3F51D
:10D99000807F0BDD38462169012274F065DC206947
:10D9A00004F11801012277F089D9E7E24FF4807081
:10D9B000F9F3C6F5824630B938462169012274F080
:10D9C00053DCD14698E32020F9F3BAF5834630B909
:10D9D0005046F9F3C7F538462169012208E34FF4B0
:10D9E0008170F9F3ADF5059068B95046F9F3BAF5D1
:10D9F0005846F9F3B7F538462169012274F034DC52
:10DA0000DDF8149078E3B9F1000F04D1D5F8D00017
:10DA1000F7F394F08146059B494605F19C02029379
:10DA2000099800238DE8000CF6F394F781465046E0
:10DA3000F9F398F55846F9F395F50598F9F392F549
:10DA4000B9F1000F03D138462169012220E396F88D
:10DA500015A0B37DD5F8D00043EA0A2AF6F38AF47C
:10DA600010B918F0080326D0BAF10D0F0BD003D867
:10DA7000BAF1050F15D10DE0BAF1100F17D0BAF1B8
:10DA8000200F0ED111E018F0080F13D0384621698D
:10DA9000022271E218F0080F0FD0384621690322E4
:10DAA0006AE238462169042266E2022106E0042285
:10DAB000059204E00323059301E00121059118F08C
:10DAC000080900F026822B8A059A934203D0384633
:10DAD0002169052250E2079B002B40F0C7800323F9
:10DAE0002B60D5F8D0305A0606D4626892F86221CD
:10DAF000002A37D0580335D513F4804932D196F82F
:10DB00006F1096F87030042206F1710043EA01218B
:10DB1000F6F3F8F70246002833D04378132B03D8E6
:10DB2000384621690422B3E2636A216948330093CD
:10DB30004FF020092046063201F1DC03CDF80490B5
:10DB400073F054D88246E0B9636AA3F8069094F85B
:10DB50000834B3B1A068D4F8041406F009D884F8E6
:10DB600008A40EE019060CD5616AB1F8E42042B1B0
:10DB700001F14800C431F4F349F4636AB3F8E410E6
:10DB8000D980636ADB882BB920463146069A72F049
:10DB9000DFDFAFE205F11C0906F11F012022484634
:10DBA00005F13C06F4F332F420222068314619F0E6
:10DBB00029D9D5F8D0305A040AD522682169D2F87B
:10DBC000D40602688A58127812B149F0FFDF3BE0B0
:10DBD00021690A6D100508D413F4922F05D1D1F8EC
:10DBE000083193F883309A0612D5636A04F118005D
:10DBF00003F148020092DB88E231019305F18C03C6
:10DC00000293AB8A4A4603933346F6F30DF41BE0C6
:10DC100004F1180A5046E2310622F4F3E3F3002837
:10DC200000F06882636A216903F148020092DB8890
:10DC30005046019305F18C030293AB8AE2310393C2
:10DC40004A463346F6F3F0F540F63B623846216922
:10DC500008EA0202012374F04BDB08B1042356E109
:10DC6000384621690D2274F0FFDA43E2069A4AB978
:10DC700097F81690B9F1000F0CBF4FF400794FF0F0
:10DC8000000901E04FF00009D5F8D000F6F350F399
:10DC900041F2C833002808BF4FF4E47303EA0802D6
:10DCA00018BF4FF000099A4240F0248219EA080F89
:10DCB00040F020822B68033B042B00F21B82294694
:10DCC000052341F81C3B06F11F002022F4F38AF3E0
:10DCD000002840F00F8296F86FA096F87030D5F8C3
:10DCE000D00043EA0A2AF6F323F300283FD006F1D6
:10DCF000710B584651463022F5F306F08146C8B103
:10DD0000D5F8D03042785B0440F1FA81236821696C
:10DD1000D3F8D4361B68CB581B78002B00F0F08169
:10DD2000123A92B2ECE1A86809F102010230F4F370
:10DD300059F318B138462169072215E00AEB0B01A7
:10DD400099F80120C9EB010189B2901C81421CDDC8
:10DD50006FF001039B1A4844C9183022F4F3D4F73A
:10DD600098B121693846062274F07EDA09E0AB8862
:10DD7000534506D1A86806F171015246F4F332F317
:10DD800018B1206904F1180142E0D5F8D000F6F38B
:10DD9000CFF278B106F171005146F6F3A7F648B913
:10DDA00038462169092274F05FDA206904F118010C
:10DDB00001222EE02068036893F8623163B304F116
:10DDC000180921694A466FF079D88346D5F8D00002
:10DDD000F0F7C8FA00B32368D3F86008FEF70CF92F
:10DDE000D0B1BBF1000F17D023685946D3F86008B3
:10DDF000FEF706F980B1514606F17100F422F4F302
:10DE000083F701462046FFF795FB28B9206949466C
:10DE1000112276F053DF6DE140F20B223846216982
:10DE200008EA0202032374F063DA814628B106236C
:10DE300018F040092B6004D116E0384621690D2204
:10DE400026E12A8A04F1180B2B8B20688DE8040840
:10DE5000216905F1AC0276F0D1DED5F8D000F6F3F9
:10DE600067F2002834D003E03846216908220FE128
:10DE7000514606F17100F6F339F642788046063ACB
:10DE800092B2EA82837905F16C0903F0030385F805
:10DE9000CC3008F108014846F4F3B8F295F8CC20EC
:10DEA0000599EB8A009206F14F020191029298F8CF
:10DEB0000620216902F00402039220684A4676F0A7
:10DEC00021DE23682169D3F87C06324654F0ECDE6B
:10DED000D5F8D000F6F32CF2C0B108232B603846F9
:10DEE0002169002274F0C0D923695A46DB68206892
:10DEF000009379210623F4F701F923682269D3F806
:10DF0000D4361B68D35800221A70F3E006232B6026
:10DF1000F0E02B68052B40F2ED80236A05995A8AC0
:10DF20008A4208D0D3F8D000F6F324F218B138466C
:10DF300021690A22ACE008F46073B3F5607F40F019
:10DF4000D98007232B60D5F8D000F6F3F1F1814694
:10DF5000002841D018F4805F0BD096F86F1096F827
:10DF6000703006F1710043EA0121F6F3BFF58146F6
:10DF700038B9216938460B2274F076D94FF0000980
:10DF8000BAE0427805F16C0A063A92B2EA828379E5
:10DF900009F1080103F0030385F8CC305046F4F38F
:10DFA00035F295F8CC20EB8A00926A8A21690192B9
:10DFB00006F14F02029299F80620206802F004024E
:10DFC0000392524676F09EDD23682169D3F87C06E1
:10DFD000324654F069DE70E0BAF1200F55D84FF4A4
:10DFE0008070F9F3ADF2834630B9216938460C22CE
:10DFF00074F03AD9D9467FE02020F9F3A1F20690D7
:10E0000050B95846F9F3AEF2384621690C2274F043
:10E010002BD9DDF818906FE04FF48170F9F390F28E
:10E02000844680B95846CDF810C0F9F39BF20698A3
:10E03000F9F398F2384621690C2274F015D9DDF80D
:10E0400010C0E14658E0069B05F16C02079241467C
:10E0500005F19C0201930290079B0998CDF810C02E
:10E06000CDF800B0F6F370F481465846F9F37AF231
:10E070000698F9F377F2DDF810C06046F9F372F212
:10E08000A5F816A0B9F1000F05D1216938460C2278
:10E0900074F0EAD830E0089A08F030031B110599B3
:10E0A000009302F0400301914F36039320682169E9
:10E0B000079A5346029676F025DD3846216908F026
:10E0C0000B02052374F014D928B108232B603846BD
:10E0D0002169002202E0216938460D2274F0C4D87B
:10E0E00023692068DB687921009304F11802062374
:10E0F000F4F704F84FF0010948460BB0BDE8F08F83
:10E10000A988931C99427FF415AE0CE62DE9FF47D0
:10E1100090E810028E7905460F46002E63D140F23A
:10E120001440F9F30DF2804600285FD03851314693
:10E1300040F21442F4F3EEF1AB8AD9F8D02608EBA2
:10E14000030448F803902B694FF0010AE360EB6881
:10E150006261A360AB6827616360E420C8F8006077
:10E1600088F804A0C4F8FC63F9F3EAF120620028FF
:10E1700041D03146E422F4F3CDF1E820F9F3E0F1A7
:10E180006062002837D03146E822F4F3C3F1D4F8B6
:10E190002480E868C8F8009019492246334605F003
:10E1A0006BDDC8F86800002825D0E86815492246CC
:10E1B000334605F061DD6063E8B1E8681249224644
:10E1C000334605F059DDC4F80404A0B1236A286A77
:10E1D0000193636A6946009702938DF80CA0F3F3EC
:10E1E00013F4304604E06FF0060001E04FF0FF301A
:10E1F00004B0BDE8F0872846394672F099DBF5E7B0
:10E20000E1578800E9588800C958880038B51D468C
:10E2100090B10368848ACB5873B11C19114604F17C
:10E2200030001022F4F3F2F004F1400029462022DD
:10E23000BDE83840F4F3EAB038BDD0F88404F0B556
:10E2400003F15605A83300EB430300EB8505B3F952
:10E250000A60AF6890F8E940BE1B7618AE602641B0
:10E260005E81B0F95E31D0F86811CB1A9B18C0F806
:10E2700068312341A0F85E31F0BD10B50A7AD0F8BC
:10E2800084342AB390F82922D1F808012AB190F8F1
:10E290006000904228BF024601E090F86020D1F86B
:10E2A0001801047864B1007AD1F8081118B1C98D49
:10E2B0004A43002101E0CA8D012183F8291105E0BC
:10E2C000012283F82921D1F80821D28D0A3203E0F6
:10E2D00083F829214FF49B72C3F8242110BD2DE946
:10E2E000F04F8BB0D0F884449A469DF85C3090464D
:10E2F00008939DF85420B4F8C63007920393189AF7
:10E3000094F8E9300F4609920593B4F8F020D4F858
:10E31000D81094F81C3106469DF950B09DF858501D
:10E3200004920691002B00F0AB81036893F86931E9
:10E3300023B13BF04DDA002800F0A281336893F856
:10E3400064312BB194F86D3113B1002384F86D3131
:10E3500094F828313BB1B068D4F8301105F008DCEE
:10E36000002384F828318E2130693CF069DA4300BB
:10E370004E334FF6FE71194030693CF061DA94F883
:10E3800058318146FF2B08D094F8E830012212FA68
:10E3900003F300EA03091FFA89F994F8AF30AB429E
:10E3A00013D0002305F1320204EB8202E91A9360D4
:10E3B0004A4242EB0102323204EB820284F8AF504F
:10E3C000C4F8CC30C4F8C8309360BAF1000F00F044
:10E3D0005781079AC2B9022F40F35281C7EB0A0155
:10E3E000B4F9F22009B204EB45039142A8BF0A46F2
:10E3F000A3F8EA20D6F884345B79012B2AD9C8EB3C
:10E400000B03A4F8EE3025E0049F04EB45023BB279
:10E41000B2F9EA70C7EB0A07FF1A022F03DD1C2FBF
:10E42000A8BF1C2700E00327D6F884245279012ACC
:10E4300010D9B4F9EE80C8EB0B08C3EB0808B8F1AB
:10E44000020F05DDB8F11C0FA8BF4FF01C0801E05A
:10E450004FF00308D6F868329B792BB9089A1AB1A5
:10E4600030460999FFF709FF05F1320204EB8202F9
:10E470009368304601339360C4F8CC30D4F8383117
:10E4800051460133C4F8383105F14E0304EB8303E0
:10E490005A6801325A605A462B46FFF7CEFED4F82E
:10E4A000E030D4F8E420934203D9039B1BB20493D9
:10E4B00007E0D4F8DC00013301210690C4F8E03015
:10E4C00004910598012212FA00F3D4F8CC10994275
:10E4D0002DD3D5F1010B38BF4FF0000B0BF1A80C79
:10E4E00004EB4C0C04EB4500B0F85A01BCF80AC030
:10E4F000C0EB0C0C0FFA8CFC94F86C018CEAEC7AF3
:10E50000AAEBEC7A8245ACBF00210121844503913E
:10E510000EDB94F8E8000BFA00F1894509D005F10B
:10E520003C0104EB810148688018486001E00392D7
:10E53000002205F1540B05F12C0004EB800004EBE4
:10E540004B01B1F90AC0D0F808A0CCEB0A0C674423
:10E550008760059807414F81D4F8C000B4F9B61020
:10E56000059F411A4144C4F8C0103941A4F8B610BF
:10E5700004EB8501D1F8D010B4F9C400994204EB42
:10E580004B01B1F90A1028BF84F8B150884244DB2E
:10E59000D4F8CC00069FB8420CD9D5F1010194F80B
:10E5A000E82038BF002111FA02F291452FD005F181
:10E5B0003C0225E0039F4FB394F844713DB1B4F998
:10E5C000B2C07FB2C1EB0C0107EBC10106E0B4F9A8
:10E5D000B4C07FB2C1EB0C01C900C91B049FB1EBF1
:10E5E000C70F13DB984211D3D5F1010194F8E8204D
:10E5F00038BF002111FA02F2914508D005F13E0220
:10E6000004EB820251680131516000E02AB101201F
:10E61000002D14BF0321022106E0002D0CBF284667
:10E62000002014BF0221032194F8AF2084F849216F
:10E6300094F81D215AB1D6F8682292793AB938B1C6
:10E6400030690B46009201923DF0C6D804E018B93B
:10E65000D4F8CC209A4213D294F81D3183B1D6F865
:10E6600068329B7963B9012284F82821B068D4F814
:10E670003011D4F824210BB0BDE8F04F05F0529AC8
:10E680000BB0BDE8F08F2DE9FF41D0F88454064669
:10E6900095F81C310C4695F8E970002B00F081804C
:10E6A000036993F80A31002B7BD0036893F8693132
:10E6B00053B13BF08DD8034630B9B068D5F834116A
:10E6C000142205F02FDA6CE0336893F8643133B12B
:10E6D00095F86D311BB1002385F86D3161E0D6F8F6
:10E6E0003C33022B0AD0D5F8E020D5F8E4309A422A
:10E6F00094BF4FF000084FF0010801E04FF0000810
:10E7000095F81D31002B4CD0D6F868329B79002B40
:10E7100047D1336A0DF10F0118695AF00BDD9DF8EE
:10E720000F3085F8AF30002B14BF03210221B8F160
:10E73000000F25D003F1020E05EB8E0E05EB430210
:10E74000DEF8B0C0B2F9B200C0EB0C00CEF8B000F9
:10E75000384103F12C0EA2F8B20003F1540205EB8C
:10E760008E0E05EB4202B2F9B200DEF8B0C0C0EB8B
:10E770000C00783850FA07F7CEF8B000A2F8B27063
:10E7800085F84931002201238DE80C0030690B46E1
:10E790003DF022D89DF80F3054F82320013244F880
:10E7A0002320BDE8FF8110B5D0F8844494F81C31D3
:10E7B00023B104F58671FFF766FF002384F8283142
:10E7C00010BD70B5D0F88444054694F81C3103B3ED
:10E7D000D4F8CC20D4F8C8309A4203D104F58A7119
:10E7E000FFF751FFD4F8CC30C4F8C83094F81D318D
:10E7F0007BB1D5F868329B795BB994F8292142B195
:10E80000A868D4F834114FF4FA72BDE8704005F0EE
:10E81000899970BD38B5D0F884440546D4F83411D0
:10E82000806805F0A5D9D4F8CC20D4F8C8309A4235
:10E8300004D1284604F58A71FFF725FFD4F8CC30BF
:10E84000C4F8C83038BDD0F8843400224FF6A27125
:10E85000C3F8B820C3F8BC20C3F8C020A3F8B22086
:10E86000A3F8B420A3F8B620C3F86021C3F864214C
:10E87000C3F86821A3F85A21A3F85C21A3F85E210C
:10E88000A3F8EA10A3F8EC10A3F8EE10C3F8CC201C
:10E89000C3F8D020C3F8D420C3F83821C3F83C21F2
:10E8A000C3F84021C3F8E020C3F8F420C3F8F820EF
:10E8B000C3F8FC20C3F80021C3F80421C3F80821E1
:10E8C000C3F80C21C3F81021C3F81421C3F8182190
:10E8D00083F829217047D0F88434D3F8CC208A609B
:10E8E000D3F838218A6493F81D2112B193F8AF2030
:10E8F00001E093F8AC204A6093F81D210A6093F878
:10E9000048214A654A688A65D3F8D0200A64D3F85A
:10E91000D4204A64D3F83C21CA64D3F840210A6564
:10E92000B3F9B220CA60B3F9B4200A61B3F9B620D2
:10E930004A61D3F8F4208A61D3F8F820CA61D3F889
:10E94000FC200A62D3F800214A62D3F804218A62CB
:10E95000D3F80821CA62D3F80C210A63D3F8102136
:10E960004A63D3F814218A63D3F81821CA63D3F811
:10E970004C21CA65D3F85021D3F854310A664B664E
:10E980007047F7B5D0F88444D4F84C518D4207D184
:10E99000D4F85051954203D1D4F854219A423CD036
:10E9A00001F00F05042D3AD8022D38D003F00302F0
:10E9B000022A34D01F0907F00307022F2FD00A09BB
:10E9C00002F00F02042A2AD8022A28D09E0806F054
:10E9D0000306022E23D09E0906F00306022E1ED047
:10E9E000C4F85431036AC4F84C111B68C4F85011C0
:10E9F000022B04BF3E462A46042A14BF1146314664
:10EA000084F8AD10D0F88434012283F846110092C6
:10EA1000019200690B463CF0DFDE002001E06FF060
:10EA20001C00FEBD7047000000487047946601005E
:10EA300010B50C46C1B1886808B1F8F393F5E068E9
:10EA400008B1F8F38FF5D4F8D80008B1F8F38AF5D7
:10EA5000D4F8E00008B1F8F385F520460021E4225F
:10EA6000BDE81040F3F356B510BD2DE9F74F05464C
:10EA7000D2F8D000019114469846DDF830B0DDF8A8
:10EA80003490DDF838A0F5F353F428B140465946E8
:10EA90003022F4F339F103E040465946F5F3E0F251
:10EAA0000646002800F0D880D4F8D000F5F340F4F2
:10EAB00028B1484651463022F4F326F103E0484697
:10EAC0005146F5F3CDF20746002800F0C6802B68CA
:10EAD00093F86231002B4FD0D4F8D000EFF742FC0E
:10EAE000002849D0D5F86008FDF786FA10B3D5F8AC
:10EAF00068329B792BB9D5F860080199FDF780FA47
:10EB0000C0B148465146F422F4F3FEF08146002895
:10EB100000F0A28040780230A4F8D400F8F310F599
:10EB2000C4F8D800002800F097804946B4F8D420F3
:10EB3000F3F36CF4D5F86008FDF75EFAE0B1D5F8B0
:10EB400060080199FDF75CFAB0B140465946F422DD
:10EB5000F4F3DAF0054600287ED040780230A4F8BD
:10EB6000DC00F8F3EDF4C4F8E000002874D0294686
:10EB7000B4F8DC20F3F34AF4022323826382D4F84E
:10EB8000D000F5F3D5F310B1042323826382D4F8C7
:10EB9000D000F5F3CDF350B106F10A0004F11001F5
:10EBA0000022F5F3A7F4002856D0002513E073786F
:10EBB0000A2B0FDDD4F8D05006F10E00A5F10802A3
:10EBC000554245EB020504F110012A46F5F3B6F66D
:10EBD00008B941E005462046218A2A4676F088D8C1
:10EBE000002839D0D4F8D000F5F3A2F330B1301DAD
:10EBF00004F112010122F5F37DF413E07378092B7F
:10EC000011DD06F1080045B9F27A012A06D0A2F119
:10EC100005035A4242EB030200E0012204F1120113
:10EC2000F5F38CF6C0B178780230A080F8F388F460
:10EC3000A06088B13946A288F3F3E8F37078023017
:10EC4000E080F8F37DF40746E06030B13146E288B9
:10EC5000F3F3DCF3012700E007463846BDE8FE8FFA
:10EC600001320103323D00904C3300AAAA03000098
:10EC70000088B4000100000001010000010050F212
:10EC800001000050F20000409600000FAC00000FA1
:10EC9000AC0600AAAA03000000AAAA030000F8001C
:10ECA0000FAC00050400C9BF05F000CEBF00000096
:10ECB0000101000001011C7040002D02F0000A015A
:10ECC000280028013801480158015501500150031E
:10ECD0006666E2016666E3016666E4016666E50172
:10ECE0006666E6016666E7016666E8016666E90152
:10ECF0006666EA016666EB016666EC016666ED0132
:10ED00006666EE01CDCCF0010A0005000800400661
:10ED10000800050008000800770008008A000800C5
:10ED20000100050001000A0001000500400610096D
:10ED30001E091F0924092509260920092109270977
:10ED40002809290922092309300931093209120940
:10ED50000F09000901090609070908090209030941
:10ED600009090A090B09040905090C090D090E090D
:10ED700011096502340284007400560065023402F1
:10ED80000400040004000300030003000300020069
:10ED90000100010000000000FFFFFFFFFFFFFFFF79
:10EDA000FFFFFFFFFFFF0000372E39352E343920DB
:10EDB0002832323731626236204359290072656346
:10EDC0006C61696D2073656374696F6E2025733A99
:10EDD0002052657475726E656420256420627974B2
:10EDE000657320746F2074686520686561700A001F
:10EDF0004D656D6F72792075736167653A0A000918
:10EE0000546578743A20256C6428256C644B292C51
:10EE100020446174613A20256C6428256C644B2978
:10EE20002C204273733A20256C6428256C644B298E
:10EE30002C20537461636B3A2025644B0A0009410E
:10EE400072656E6120746F74616C3A2025642825A8
:10EE5000644B292C20467265653A20256428256478
:10EE60004B292C20496E207573653A20256428258E
:10EE7000644B292C2048574D3A2025642825644BA3
:10EE8000290A0009496E20757365202B206F76656D
:10EE900072686561643A2025642825644B292C201A
:10EEA0004D6178206D656D6F727920696E20757384
:10EEB000653A20256C6428256C644B290A00094DAD
:10EEC000616C6C6F63206661696C75726520636F3D
:10EED000756E743A2025640A0009537461636B20CF
:10EEE000626F74746F6D20686173206265656E2057
:10EEF0006F7665727772697474656E0A000953746F
:10EF000061636B20626F74746F6D3A203078257086
:10EF10002C206C776D3A20307825702C2063757228
:10EF2000723A20307825702C20746F703A20307837
:10EF300025700A00094672656520737461636B3A37
:10EF4000203078257828256429206C776D3A203088
:10EF5000782578282564290A0009496E757365208B
:10EF6000737461636B3A20307825782825642920F2
:10EF700068776D3A2030782578282564290A0009B9
:10EF8000496E2075736520706F6F6C20256428258D
:10EF900064293A2025642825644B292C20772F6F7B
:10EFA000683A2025642825644B290A0009496E2007
:10EFB000757365202D20706F6F6C3A2025642825AD
:10EFC000644B292C20772F6F683A2025642825640C
:10EFD0004B290A0009506B74496420546F74616CAA
:10EFE0003A2025642C20467265653A2025642C2041
:10EFF0004661696C65643A2025640A006D77006D8E
:10F000006400554E494D504C3A2072613D25700ABE
:10F01000005443414D3A20256420757365643A20BD
:10F020002564206578636565643A25640A000A46AC
:10F030005749442030312D25780A666C616773206A
:10F0400025780A000A54524150202578282578292D
:10F050003A2070632025782C206C722025782C2093
:10F0600073702025782C20637073722025782C20F3
:10F07000737073722025780A002020723020257862
:10F080002C2072312025782C2072322025782C20DB
:10F0900072332025782C2072342025782C2072356C
:10F0A0002025782C2072362025780A0020207237FF
:10F0B0002025782C2072382025782C2072392025A4
:10F0C000782C207231302025782C20723131202587
:10F0D000782C207231322025780A000A20202073F3
:10F0E000702B302025303878202530387820253096
:10F0F000387820253038780A00202073702B313082
:10F100002025303878202530387820253038782070
:10F11000253038780A0A0073702B2578202530387E
:10F12000780A00686E6461726D5F61726D72206151
:10F130006464723A20307825782C206372345F69D9
:10F1400064783A2025640A0062757373746174737D
:10F1500000535357553A207072696D6520646F658E
:10F1600073206E6F7420686176652070203D2033B7
:10F17000206D6F64203400000100000000010000D9
:10F1800020010000A1418000B9538000212C8000A3
:10F19000795780006D3D8000609D8800A09E8800AA
:10F1A000549F88008C9B8800409C8800FDFFFFFFD7
:10F1B000D89A8800020000008001000030010000A1
:10F1C000DD418000E5538000492C8000AD57800070
:10F1D000993D8000749D8800C09E8800749F8800BF
:10F1E000AC9B8800609C8800FDFFFFFFF89A8800B8
:10F1F00004000000FF00000020080000253E800001
:10F20000B1518000ED2B800035578000253D8000F6
:10F21000549D8800809E8800349F88006C9B8800E5
:10F22000209C8800066D0700B89A88000300000043
:10F230000902000044010000F941800001548000EF
:10F24000892C8000F5578000ED3D8000889D880066
:10F25000F09E8800A49F8800DC9B8800909C88001A
:10F26000FDFFFFFF289B8800706125643D307825F5
:10F27000257800706425643D307825257800706419
:10F280006825643D30782525780070646C25643DE0
:10F2900030782525780067637225643D3078252510
:10F2A00078002530325825303258253032582530F4
:10F2B00032582D25303258253032582D25303258CD
:10F2C000253032582D25303258253032582D2530F2
:10F2D00032582530325825303258253032582530B2
:10F2E00032582530325800556E646566696E656423
:10F2F000206572726F7220256400000060010400B6
:10F30000050001036401040000002700240104003B
:10F310000400000028010400000000002C0104008B
:10F32000000000003001040000000000340104006F
:10F330000A04700034010400EFBED400340104005C
:10F34000050000FF3401040001FF02FF300104004A
:10F3500018000000340104000A04E0003401040035
:10F36000EFBE480034010400050000FF3401040032
:10F3700001FF02FF340104000010180134010400F1
:10F38000020300103401040018F1F2F33401040008
:10F39000BBCC000030010400380000003401040040
:10F3A0000000000030010400580000003401040097
:10F3B00000000000300104003800000034010400A7
:10F3C0000F20000734010400000094003401040001
:10F3D0000000009034010400747576773401040055
:10F3E00000000000340104000000050034010400A6
:10F3F000FFFFFFFF30010400680300003401040038
:10F400006E84330034010400DCBA5000340104007F
:10F41000D40000AB34010400BADABADA34010400D3
:10F42000001018F134010400F2F30010340104005C
:10F4300018F1F2F33401040010000000340104005C
:10F44000000000003401040000000A003401040040
:10F450000100000E340104004252434D3401040007
:10F460005F54455334010400545F53533401040086
:10F47000494401043401040082848B963401040061
:10F480000301010634010400020000003001040001
:10F4900068000000340104000A042802340104005A
:10F4A000DCBA8000340104000000FFFF34010400D6
:10F4B000FFFFFFFF34010400001018F134010400C5
:10F4C000F2F300103401040018F1F2F334010400E7
:10F4D000D0AF00003401040000000000340104003B
:10F4E00000000001340104000200000E3401040099
:10F4F0004252434D340104005F544553340104002B
:10F50000545F53533401040049440104340104009E
:10F5100082848B9634010400030101063401040047
:10F5200002010000300104006806000034010400FC
:10F530000A04280234010400DCBA8000340104000B
:10F540000000FFFF34010400FFFFFFFF340104004F
:10F55000001018F134010400F2F30010340104002B
:10F5600018F1F2F334010400D0AF000034010400BC
:10F570000000000034010400000000013401040018
:10F580000200000E340104004252434D34010400D5
:10F590005F54455334010400545F53533401040055
:10F5A000494401043401040082848B963401040030
:10F5B00003010106340104000201000000010400FF
:10F5C000000000019004020000000000A0040200FE
:10F5D000F1F30000B0040200EFFD0000A8040200F7
:10F5E000FFFF0000A804020000000000A2040200C7
:10F5F00001000000B2040200FBFF0000AA040200A8
:10F60000FFFF0000AA04020000000000A4040200A2
:10F61000CF1A0000AC04020000000000BC0402008D
:10F6200000000000A6040200D7020000B604020099
:10F63000FFFD0000AE040200FFFF00000604020010
:10F640000100000006040200000000000C0402009B
:10F650001800000006040200000000004804020038
:10F66000000C000002040200200600000205020057
:10F67000000000000005020000400000020502003A
:10F680000400000000050200004000000205020026
:10F690000800000000050200004000000205020012
:10F6A0000C000000000502000040000002050200FE
:10F6B000C000000080050200FFFF0000820502007C
:10F6C000FFFF000084050200FFFF00008605020026
:10F6D000FFFF000088050200FFFF00008A0502000E
:10F6E000FFFF00008C050200FFFF00008E050200F6
:10F6F000FFFF000090050200FFFF000092050200DE
:10F70000FFFF000094050200FFFF000096050200C5
:10F71000FFFF000098050200FFFF00009A050200AD
:10F72000FFFF00009E050200FFFF0000A005020091
:10F73000FFFF00009C050200F0FF000040050200F2
:10F740000080000020050200060F000040050200B6
:10F75000008000004005020000810000200502003A
:10F7600000FF00002C05020001010000400502001E
:10F770000081000040050200008200002005020018
:10F780001E2800002C0502000000000040050200B9
:10F7900000820000400502000083000020050200F6
:10F7A00029310000400502000083000040050200EE
:10F7B0000084000020050200323F000040050200E6
:10F7C00000840000400502000085000020050200C2
:10F7D00040410000400502000085000012060200C2
:10F7E000010000002E060200CDCC00003006020011
:10F7F0000C000000000602000480000096060200D3
:10F80000080000009A060200E400000088060200DA
:10F81000000000009C0602000200000088060200B2
:10F82000001000009C060200020000008806020092
:10F83000002000009C060200020000008806020072
:10F84000003000009C060200020000008806020052
:10F850000B0F00009E0602000700000010050200CA
:10F860000B00000050040200014E00005204020090
:10F870005B010000E40402009000000004040200A8
:10F88000B400000054050200FFAF0000FE040200B7
:10F89000000000005E05020000100000600104008E
:10F8A000040001036401040000000000640104007E
:10F8B000B400000064010400470047006401040034
:10F8C000000064006401040030094000600104008D
:10F8D0000D00010364010400020002006401040041
:10F8E0000100C00064010400050000006401040080
:10F8F0000000C000640104006400640064010400AE
:10F900000E004700640104000005000060010400CF
:10F91000150001036401040040003C086401040078
:10F9200000000700640104000A00000060010400F8
:10F930001A0001036401040000C00000600104001B
:10F940001D00010364010400102700006001040091
:10F950001F0001036401040000001C0C640104008A
:10F960000600102760010400250001036401040063
:10F97000000032006001040028000103640104005B
:10F9800000004C0A6401040000003F01640104000F
:10F99000FFFF00046401040046041E076401040024
:10F9A0000200EC09600104002E0001036401040060
:10F9B0000000008060010400920101036401040062
:10F9C00064040000640104000000400064010400BD
:10F9D0009607000060010400970101036401040020
:10F9E0001A08000060010400BF0101036401040063
:10F9F0000000050060010400080401036401040024
:10FA00000702000060010400100401036401040007
:10FA100000000100600104001C0C010064010200F0
:10FA2000FFFF0000600104001D0C010064010200E2
:10FA3000FFFF0000600104001A00010364010400DC
:10FA40000000200C60010400230001036401040095
:10FA50000000A607640104000000A20A600104007F
:10FA600026000103640104000A0E0B09640104006E
:10FA70000E02000060010400320001036401040072
:10FA80000000900B640104000000A0046401040065
:10FA900000007C06600104005800010364010400BA
:10FAA0004252434D640104005F5445536401040015
:10FAB000545F535364010400494400006001040092
:10FAC00060000103640104003900000064010400C7
:10FAD0005000000064010400C00000006001040048
:10FAE0007000010364010400BE03BE03640104004E
:10FAF000BE03BE0364010400BE03BE036401040030
:10FB0000BE03BE03640104000004EA0364010400B0
:10FB1000D403BE03640104000B04F5036401040074
:10FB2000DF03C90364010400BE03BE0364010400D3
:10FB3000BE03BE0364010400BE03BE0364010400EF
:10FB4000BE03BE03640104000004EA036401040070
:10FB5000D403BE03640104000B04F5036401040034
:10FB6000DF03C903640104001604160464010400E1
:10FB7000160416046401040022041604640104003F
:10FB800016042E0464010400160416046401040023
:10FB9000160416046401040016041604640104002B
:10FBA0003A041604640104001604160464010400F7
:10FBB00016041604640104002204160464010400FF
:10FBC00016042E04640104001604160464010400E3
:10FBD00016041604640104001604160464010400EB
:10FBE0003A0416046401040000001F0064010400CC
:10FBF000FF031F0064010400020000006401040010
:10FC00000200000060010400980001036401040088
:10FC100000001F0064010400FF031F0064010400D2
:10FC20000100000064010400010000006001040004
:10FC3000A00001036401040000001F00640104002F
:10FC4000FF031F00640104000100000064010400C0
:10FC50000100000060010400A80001036401040029
:10FC600000001F0064010400FF031F006401040082
:10FC700001000000640104000100000060010400B4
:10FC8000C000010364010400372437246401040028
:10FC90003724372460010400BA0101036401040021
:10FCA0000100070264010400070207036401040065
:10FCB0000700000060010400DF010103640104008B
:10FCC0002000CB0164010400000054006401040022
:10FCD0000000AB086401040000001004640104008B
:10FCE00084000200640104000000140064010400A8
:10FCF000CF0102006401040044000000640104001C
:10FD0000AF080200640104001004640064010400F0
:10FD100002020000640104001000CA016401040032
:10FD200002003C00640104000000AA086401040011
:10FD3000020010046401040054000208640104007D
:10FD40000000080064010400CE010000640104000A
:10FD50003400000064010400AE08000064010400E7
:10FD60001004440064010400020A0000640104005D
:10FD70000800C901640104000200300064010400AD
:10FD80000000A908640104000200100464010400DA
:10FD90003C0002106401040000000400640104003F
:10FDA000CD010000640104002C0000006401040087
:10FDB000AD08000064010400100434006401040074
:10FDC00002120000640104000400C8016401040080
:10FDD00000002C00640104000000A8086401040075
:10FDE00000001004640104003000021964010400E2
:10FDF0000000000064010400CC0102006401040062
:10FE00002C00000064010400AC080200640104003E
:10FE10001004300064010400021A000064010400B0
:10FE2000C0000A04640104007000000064010400C2
:10FE30003A010A046401040028022CC06401040091
:10FE4000F2020A04640104000000000164010400DD
:10FE50006000140464010400380000006401040020
:10FE6000020114046401040014012CC064010400A4
:10FE7000DE01140464010400000080006401040039
:10FE8000220037046401040015000000640104002E
:10FE9000DF0037046401040065002CC06401040025
:10FEA0002E0137046401040000002F0064010400E7
:10FEB00011006E84640104000B0000006401040062
:10FEC000D4006E846401040033002CC0640104007B
:10FED000FC006E846401040000001800640104004A
:10FEE00002008A9D64010400FB0002086401040012
:10FEF000C54EFA0064010400020A83346401040060
:10FF0000FE000210640104006227F900640104008D
:10FF10000212421A64010400FD0002196401040087
:10FF2000B113F80064010400021A81116401040095
:10FF3000FC00021C64010400C10FFC006401040009
:10FF40000000C10F64010400FC0000006401040013
:10FF5000C10FFC00600104005002010364010400B1
:10FF60000000000064010400010071146401040039
:10FF70000402000060010400540201036401040053
:10FF80000100000064010400010071146401040018
:10FF9000040200006001040058020103640104002F
:10FFA00002000000640104000100711464010400F7
:10FFB00004020000600104005C020103640104000B
:10FFC00003000000640104000100711464010400D6
:10FFD00004020000600104006002010364010400E7
:10FFE00000000100600104006C02010364010400D0
:10FFF00020000000600104001204010364010400F9
:020000041003E7
:1000000000000C00600104005005010364010400BD
:100010001800000064010400983A983A6401040052
:10002000A60E6400640104000000F40164010400F1
:100030000400000064010400C8AFA861640104006A
:10004000204E1E006401040000000300640104004F
:10005000030000006401040050C3000060010400BC
:100060005B05010364010400000014056401040041
:10007000E2040000600104005F0501036401040064
:10008000204E00006401040000000F006401040021
:10009000F40103006001040065050103640104002C
:1000A0000000130064010400000003006401040068
:1000B0000100070064010400C8AF000064010400EF
:1000C00088130000640104002C17DF406001040065
:1000D0006C0501036401040000002C0164010400AC
:1000E0000000A00F600104006F050103640104001B
:1000F000000002006401040000002C0164010400FF
:10010000C000000064010400C04400006401040059
:100110006400000064010400DC05401F6401040069
:100120000000460064010400500050006401040017
:100130000200000064010400F50A000060010400F0
:100140007A050103640104002010409C640104004E
:10015000204E000064010400B80B000060010400A0
:100160007E050103640104000000204E64010400C8
:100170000000050064010400DC053F006401040088
:100180007102000064010400307500006001040089
:100190008605010364010400C409A00F6001040086
:1001A00089050103640104000000D0076001040018
:1001B0008B05010364010400204E204E6001040001
:1001C0008E050103640104002000804064010400E6
:1001D00000000A0064010400E803E81C6401040054
:1001E000384A000060010400930501036401040023
:1001F00000006400600104009F0501036401040025
:100200000200940260010400A105010364010400DE
:10021000E100000060010400A40501036401040082
:100220003075000060010400A705010364010400AB
:10023000DC05000064010400581B0000600104009C
:10024000AF0501036401040000000F006401040015
:10025000C800000060010400B2050103640104004D
:10026000000002006401040000006400600104005A
:10027000BB05010364010400A8617017600104005C
:10028000C405010364010400BE0000006001040015
:10029000380C01006401020000000000600104004D
:1002A00003000200640104001F000000600104005C
:1002B0000400020064010400FF0300006001040068
:1002C00005000200640104001F000000600104003A
:1002D0000600020064010400070000006001040041
:1002E0000700020064010400040000006001040033
:1002F0000800020064010400FFFF00006001040028
:100300000900020064010400000000006001040014
:100310000A00020064010400000000006001040003
:100320000B000200640104000000000060010400F2
:100330000C000200640104000000000060010400E1
:100340000D000200640104000000000060010400D0
:100350000E000200640104000000000060010400BF
:100360000F000200640104000000000060010400AE
:1003700010000200640104001F000000600104007E
:10038000110002006401040000000000600104008C
:10039000120002006401040000000000600104007B
:1003A000130002006401040000000000600104006A
:1003B0001500020064010400000000006001040058
:1003C000160002006401040000000000FFFF0000AE
:1003D0000000000086060200D0090000800602002E
:1003E0003E3E0000820602003E02000000070200BE
:1003F0003C000000840602001202000060010400BC
:100400000300010064010200C0000000600104005C
:1004100003000100660102000A0000006001040000
:1004200004000100640102001400000060010400E7
:100430000700010064010200830100006001040064
:100440002500010064010200F401000060010400C5
:10045000C5050100660102002B04000060010400D4
:10046000C6050100640102000001000060010400F3
:10047000E1010100640102003C0000006001040091
:10048000E601010066010200340000006001040082
:10049000EC01010064010200300000006001040072
:1004A000F1010100660102002C000000600104005F
:1004B000F7010100640102002C000000600104004B
:1004C000FC01010066010200280000006001040038
:1004D0000202010064010200280000006001040023
:1004E000070201006601020028000000FFFF000073
:1004F00000000000ED9F8000C1AD8000DDAE8000F7
:10050000F9AB8000B5B0800065AF8000C9B0800055
:10051000DDB0800071AD800085AD800009AC800049
:1005200005B18000FDAA8000A1B0800065AE80000A
:1005300035AA800081A18000C5A1800031A880007B
:100540008DA8800019A8800079AF8000B1A6800036
:10055000ADAB80008DAB8000E5AB80008DA380004B
:100560007DAB800079A28000F5A3800045A78000C4
:1005700045A0800039A1800065A3800039A08000DB
:1005800055A080002D9F8000399F80000000000052
:10059000000000000000000075A3800061A880003A
:1005A00039A8800071A2800095A78000219F80005B
:1005B000199F8000B9A0800085A08000E59E800082
:1005C000280000000F0000000401000008070000E0
:1005D00000070700000704000000040400000400F6
:1005E0000000000101000000000000000303000003
:1005F000000000000000000000000000B108000042
:10060000000000000404040404010400E2040008E3
:100610000A0000006A100000000000000000000056
:1006200031060000DDC88D00040404040401040048
:10063000E20400080A0000006A1000000000000048
:1006400000000000310400008C2EBA0004040404F1
:1006500004010400E20400080A0000006A1000001F
:10066000000000001818000000000000000606004E
:100670000000000000000000000000003119000030
:100680000000A0000C0C0C0C0A030400E20400089B
:100690000A0000006A1000000000000000000000D6
:1006A000B1120000277662000C0C0C0C0A03040047
:1006B000E20400080A0000006A10000000000000C8
:1006C00000000000B10C00001443FD000C0C0C0CE9
:1006D0000A030400E20400080A0000006A10000097
:1006E000E02E01010150000000000000C8320201AC
:1006F00001490000899DD8004038030101420000F3
:10070000AAAAAA00003C0401013E000000008000EB
:10071000483F0501013B0000D05E4200A0410601B8
:100720000139000049922400004B0701013200000A
:1007300000000000584D080101300000071F7C0038
:10074000204E09010130000000000000C05D0A01D8
:100750000128000000000000A8610B010126000034
:100760006666660090650C0101240000C44EEC0032
:1007700030750D01012000000000000040830E01D3
:10078000011C00002449920018920F02013300005E
:10079000F93E5600009610020132000000000000F1
:1007A000409C1102013000000000000080BB1202DA
:1007B000012800000000000020CB130201240000EB
:1007C000C44EEC000000000000000000000000002B
:1007D000626F617264666C61677333007370757207
:1007E000636F6E6669670000000000000000000093
:1007F000B1190000ABAA0A000B0C0C0C0A03040090
:10080000E20400080A0000006A1000000000000076
:1008100000000000B1120000143BB1000B0C0C0CE6
:100820000A030400E20400080A0000006A10000045
:100830000000000000000000310D00007A053400C7
:100840000B0C0C0C0A030400E20400080A00000070
:100850006A100000000000001210000000000000FC
:100860000000000000000000B1190000000040007E
:100870000C0C0C0C0A030400E20400080A0000003F
:100880006A1000000000000000000000B11200002B
:10089000FF88D8000C0C0C0C0A030400E2040008CA
:1008A0000A0000006A1000000000000000000000C4
:1008B000B10D0000F0FF4E000C0C0C0C0A030400FC
:1008C000E20400080A0000006A10000006000000B0
:1008D000BC010000C5420000314200008945000013
:1008E0007800000001000000394000003F40000097
:1008F000414000008000000068000000FB44000050
:10090000F7440000D144000067E6096A85AE67BB82
:1009100072F36E3C3AF54FA57F520E518C68059BE1
:10092000ABD9831F19CDE05B982F8A429144377170
:10093000CFFBC0B5A5DBB5E95BC25639F111F15962
:10094000A4823F92D55E1CAB98AA07D8015B8312A4
:10095000BE853124C37D0C55745DBE72FEB1DE8050
:10096000A706DC9B74F19BC1C1699BE48647BEEF7F
:10097000C69DC10FCCA10C246F2CE92DAA84744A0A
:10098000DCA9B05CDA88F97652513E986DC631A880
:10099000C82703B0C77F59BFF30BE0C64791A7D55F
:1009A0005163CA0667292914850AB72738211B2EE7
:1009B000FC6D2C4D130D385354730A65BB0A6A76CF
:1009C0002EC9C281852C7292A1E8BFA24B661AA8DB
:1009D000708B4BC2A3516CC719E892D1240699D6EB
:1009E00085350EF470A06A1016C1A419086C371E64
:1009F0004C774827B5BCB034B30C1C394AAAD84E42
:100A00004FCA9C5BF36F2E68EE828F746F63A5787C
:100A10001478C8840802C78CFAFFBE90EB6C50A40F
:100A2000F7A3F9BEF27871C60123456789ABCDEF14
:100A3000FEDCBA9876543210F0E1D2C31420304074
:100A40001C2010776C2564002530347800776C25E5
:100A5000643A2025732025732076657273696F6E62
:100A600020257320465749442030312D25780A002F
:100A70004E6F7620323920323032310032323A3401
:100A8000393A303900617020007374612000776D4D
:100A90006520003830322E31316420003830322E5B
:100AA0003131682000726D20006361632000616D48
:100AB0007064752000616D7064755F7478200061EA
:100AC0006D7064755F72782000616D736475727803
:100AD0002000616D73647574782000726164696FC1
:100AE0005F70777273617665200070327020006DE0
:100AF0006368616E2000646672747320007478709D
:100B0000777263616368652000737462632D747823
:100B10002000737462632D72782D31737320007717
:100B20006E6D20006273737472616E7320006D6667
:100B3000702000736165200069646175746820002D
:100B4000746B6F2000776C63006770696F6F7574EA
:100B500000000000E15601000200008008000000D3
:100B60003D6F8900E200000001000000000000006D
:100B70000000000000000000020000000000313111
:100B8000640031316800313175005458204D4353B1
:100B900020203A0020202564282564252529000AE4
:100BA00020202020202020203A000000A18789005A
:100BB00007008000010000000000000000000000AD
:100BC000000000005258204D435320203A0061702D
:100BD000707300615F77706100615F7770616900B9
:100BE00025733A20686F73745F656E6162202564B7
:100BF0000A00627373636667006274630062746301
:100C00005F646F735F73746174757300955701004F
:100C10000E000000070000000000000000000000BF
:100C200000000000636D005F5F004B520000000099
:100C3000BC580100E0ED880000000000000000004A
:100C4000B058010000000000AA580100A45801009B
:100C50000000000000000000805801002C59010035
:100C6000885801007FB20000000000000000000072
:100C70000000000000000000000000000000000074
:100C80000000000000000000000000000000000064
:100C9000905801000000000000000000000000006B
:100CA0000000000000000000000000000000000044
:100CB0000000000000000000000000000000000034
:100CC0000000000000000000000000000000000024
:100CD0000000000000000000000000000000000014
:100CE000000000000000000001000000B1580100F9
:100CF0000000000000000000323032312D31312D73
:100D000032392032323A34323A3434000000FF00B3
:100D100000000000FF00000000236E000000FFFF45
:100D2000F00000000000000000000000434C4D20D7
:100D30004441544100000C000200392E31302E3362
:100D40003900000000000000000000000000312E0B
:100D500032392E3400000000C4580100C857010089
:100D6000436C6D496D706F72743A20312E33362E9C
:100D7000330000000000000000000000000042728C
:100D80006F6164636F6D2D302E3000000000000035
:100D9000000000000000000000000000636E74729C
:100DA000790064756D705F696E666F0013858900E8
:100DB00000000040080000000000000000000000EB
:100DC000000000006576656E747100666274000054
:100DD000115A010016000000775A010018000000A7
:100DE0008F5A01001B000000275A01001C00000060
:100DF0009CEF88000E000000DA590100330000006B
:100E0000DA59010033000000435A010034000000A9
:100E1000435A010034000000435A0100340000002E
:100E20009BEF880001000000D05901000A0000007B
:100E30009AEF88000100000003103036373839F48B
:100E4000FFDD0001020304060708092025282923E5
:100E50002A32300B0C424746333F4043363A3C3B44
:100E60002D3D484A7F596145626B6C6F70BFC0C3AE
:100E7000C4C744F4DD69656D000001322124302EC1
:100E800046363B2D487F595E6BBFC74485F4DD0174
:100E9000320C354146303637393A382D3D484A7F95
:100EA0005A5F58646EBFC0C744F4DD0001020304FA
:100EB000060507080920252829232A32300B0C2E85
:100EC000333F4043424746363A3C3B2D3D484A7FFC
:100ED0005659456B6C6F70BFC0C3C4C744F4DD0185
:100EE000320C35414636373A382D3D484A7F5A5FF5
:100EF0006EBFC0C744F4DD0001322124302E4636D7
:100F000037393B2D487F595E57636BBFC744859C7B
:100F1000F4DD696572006C71004449524543542DFB
:100F2000007068790000A40400400000A404008060
:100F30000080D00420000000A404FF010000A404ED
:100F400000040004A504FF032C01A50400E000A098
:100F5000A504001C00000D04FF0340000D040070F8
:100F60000040A204FF034000A20400700040A80457
:100F7000FF000100D004C07F00000C05FF0100004D
:100F8000A60400800080A604FF01FF009A04FF0170
:100F9000FF00F40900800080F40900380020F40903
:100FA000FF0337009904FF0378009F0400C000404E
:100FB0009F04FF039001D70408000800D7040070C5
:100FC0000020AC093C001400F80904000400706B18
:100FD000745F66696C746572000000000C000000AC
:100FE000FFFFFFFFFFFFFFFFFFFFFFFF70726F7448
:100FF0005F670070726F745F6E000000EC5B010051
:101000000700000007000000FD5B01000600000073
:1010100001000000000000000000000000000000CF
:10102000534145204861736820746F20456C656D9D
:10103000656E742075312050310053414520486160
:10104000736820746F20456C656D656E7420753211
:10105000205032007361655F6D61785F7077655F06
:101060006C6F6F70007361655F7077655F686E703D
:101070005F656E61626C6500405C010027000000E6
:1010800007000000585C0100280000000700000075
:101090006E5C010026000000070000000000000058
:1010A00000000000000000007374665F74656D70DE
:1010B0005F6D696E5F647574795F6379636C6500F9
:1010C0007374665F74656D705F6D6F6E69746F7257
:1010D0005F74696D65007374665F74656D705F74CD
:1010E000687265736800696473757000747063007A
:1010F00074786300776170690000000000000000F0
:101100000000000000000000600A000080380100BC
:10111000736470636D646576000000000000000079
:10112000005D010000000000000000000000000061
:10113000000000000000000000000000C5DF80008B
:1011400045F6800059F68000C9DF8000BDDF8000D1
:1011500089DF800051DD80000000000055F680002E
:101160000000000000000000C57C0100A17C01001F
:101170008B7C0100E1F6800000000000A5F68000F5
:10118000F9F68000C1F68000EDF680000000000056
:1011900000000000000000001588010069880100BF
:1011A0000000000011880100258C0100F589010074
:1011B000598901000000000000000000000000004C
:1011C0000000000000000000C589010000000000D0
:1011D0001D1E1C0B80BA8C0100C20100F200000031
:1011E0008100000010000000C0AD3A0200C2010002
:1011F000EC0000008100000022000000776C00007D
:10120000000000000000000000000000C05D0100C0
:1012100000000000000000000000000000000000CE
:10122000000000000000000035E201001D8E81007A
:10123000E9898100298F810000000000B58C8100C0
:1012400000000000FD8D8100000000000000000093
:101250000000000000000000010003000300060081
:1012600000000300030003000E000D000E000E003E
:101270000E00020009000C000A0008000D00010029
:1012800009000C000A0008000D00010009000C0014
:101290000A0008000D00010009000C000A00080007
:1012A0000D0001000A000D000B0009000E000200F5
:1012B0000A000D000B0009000E00020009003900B1
:1012C00016000E000E0005000900390016000E0081
:1012D0000E0005000A000D000B0009000E000400BE
:1012E0000A000D000B0009000E0002000A000D00AC
:1012F0000B0009000E0002001400BF00C000150022
:10130000110005001400BF00C00015001100050009
:101310001400BF00C0001500110005001400BF003C
:10132000C0001500110005001400BF00C00015002A
:10133000110005000900390016000E000E0005001E
:101340000900390016000E000E0005001400BF0051
:10135000C0001500110005000900390016000E003C
:101360000E0005000900390016000E000E000500F1
:101370009600DE00DF001500110005001400BF001C
:10138000C0001500110005000900390016000E000C
:101390000E0005000900390016000E000E000500C1
:1013A0000900610016000E000E000500090039005A
:1013B00016000E000E0005000C00B600190011000A
:1013C000110008000900390016000E000E0005008B
:1013D0000900B60019001100110008000900B6004C
:1013E00019001100110008000900B60019001100D1
:1013F000110008000900390016000E000E0005005B
:101400000900B6001900110011000800080037009B
:1014100016000E000E0005000900B60019001100AC
:1014200011000800000000000000000000000000A3
:1014300000000000000000000000000000000000AC
:10144000000000000000000000000000000000009C
:10145000000000000000000000000000000000008C
:10146000000000000000000000000000000000007C
:10147000000000000000000000000000000000006C
:10148000000000000000000000000000000000005C
:10149000000000000000000000000000000000004C
:1014A000000000000000000000000000000000003C
:1014B000000000000000000000000000000000002C
:1014C000000000000000000000000000000000001C
:1014D000000000000000000000000000000000000C
:1014E00000000000000000000000000000000000FC
:1014F00000000000000000000000000000000000EC
:1015000000000000000000000000000000000000DB
:1015100000000000000000000000000000000000CB
:1015200000000000000000000000000000000000BB
:1015300000000000000000000000000000000000AB
:10154000000000000000000000000000000000009B
:10155000000000000000000000000000000000008B
:10156000000000000000000000000000000000007B
:10157000000000000000000000000000000000006B
:10158000000000000000000000000000000000005B
:10159000000000000000000000000000000000004B
:1015A000000000000000000000000000000000003B
:1015B000000000000000000000000000000000002B
:1015C000000000000000000000000000000000001B
:1015D000000000000000000000000000000000000B
:1015E00000000000000000000000000000000000FB
:1015F00000000000000000000000000000000000EB
:1016000000000000000000000000000000000000DA
:1016100000000000000000000000000000000000CA
:1016200000000000000000000000000000000000BA
:1016300000000000000000000000000000000000AA
:10164000000000000000000000000000000000009A
:10165000000000000000000000000000000000008A
:10166000000000000000000000000000000000007A
:10167000000000000000000000000000000000006A
:10168000000000000000000000000000000000005A
:10169000000000000000000000000000000000004A
:1016A000000000000000000000000000000000003A
:1016B000000000000000000000000000000000002A
:1016C000000000000000000000000000000000001A
:1016D000000000000000000000000000000000000A
:1016E00000000000000000000000000000000000FA
:1016F00000000000000000000000000000000000EA
:1017000000000000000000000000000000000000D9
:1017100000000000000000000000000000000000C9
:1017200000000000000000000000000000000000B9
:1017300000000000000000000000000000000000A9
:101740000000000000000000000000000000000099
:101750000000000000000000000000000000000089
:101760000000000000000000000000000000000079
:101770000000000000000000000000000000000069
:101780000000000000000000000000000000000059
:101790000000000000000000000000000000000049
:1017A0000000000000000000000000000000000039
:1017B0000000000000000000000000000000000029
:1017C0000000000000000000000000000000000019
:1017D0000000000000000000000000000000000009
:1017E00000000000000000000000000000000000F9
:1017F00000000000000000000000000000000000E9
:1018000000000000000000000000000000000000D8
:1018100000000000000000000000000000000000C8
:1018200000000000000000000000000000000000B8
:1018300000000000000000000000000000000000A8
:101840000000000000000000000000000000000098
:101850000000000000000000000000000000000088
:101860000000000000000000000000000000000078
:101870000000000000000000000000000000000068
:101880000000000000000000000000000000000058
:101890000000000000000000000000000000000048
:1018A0000000000000000000000000000000000038
:1018B0000000000000000000000000000000000028
:1018C0000000000000000000000000000000000018
:1018D0000000000000000000000000000000000008
:1018E00000000000000000000000000000000000F8
:1018F00000000000000000000000000000000000E8
:1019000000000000000000000000000000000000D7
:1019100000000000000000000000000000000000C7
:1019200000000000000000000000000000000000B7
:1019300000000000000000000000000000000000A7
:101940000000000000000000000000000000000097
:101950000000000000000000000000000000000087
:101960000000000000000000000000000000000077
:101970000000000000000000000000000000000067
:101980000000000000000000000000000000000057
:101990000000000000000000000000000000000047
:1019A0000000000000000000000000000000000037
:1019B0000000000000000000000000000000000027
:1019C0000000000000000000000000000000000017
:1019D0000000000000000000000000000000000007
:1019E00000000000000000000000000000000000F7
:1019F00000000000000000000000000000000000E7
:101A000000000000000000000000000000000000D6
:101A100000000000000000000000000000000000C6
:101A200000000000000000000000000000000000B6
:101A300000000000000000000000000000000000A6
:101A40000000000000000000000000000000000096
:101A50000000000000000000000000000000000086
:101A60000000000000000000000000000000000076
:101A70000000000000000000000000000000000066
:101A80000000000000000000000000000000000056
:101A90000000000000000000000000000000000046
:101AA0000000000000000000000000000000000036
:101AB0000000000000000000000000000000000026
:101AC0000000000000000000000000000000000016
:101AD0000000000000000000000000000000000006
:101AE00000000000000000000000000000000000F6
:101AF00000000000000000000000000000000000E6
:101B0000000000002DE9F84305468846FBF33EF24D
:101B100000212846FBF382F3044628466E69AF692C
:101B2000F3F3F0F30A2E814616D90F2E16D028466D
:101B3000FAF31EF5142E054603D9A36823F0080313
:101B4000A360A368142E43F00103A36014D9A36813
:101B500043F00803A3600FE0022E0FD92846FAF3E2
:101B600075F5D4F8A430054623F0FF0343F00203D3
:101B7000C4F8A430022303E0012301E0104D302318
:101B8000A268D20707D407F01802082A0CBFB5FBD9
:101B9000F3F54FF4E11507F0030700260BE004F519
:101BA0004073B8F1000F05D03002181849462A4694
:101BB0000023C0470136BE42F1DBBDE8F88300BF19
:101BC00000C63E052DE9F8431646984604460D46E4
:101BD000FAF374F5002107462046FBF31FF30022B9
:101BE00081461346134988184068B0B90C22534304
:101BF000CA18CE505560C2F808802046FBF3C6F1E3
:101C0000D9F824300C4D1E432E602046FBF3BEF164
:101C10002B680125C9F8243004E001330C32052B70
:101C2000E0D1002520463946FBF3F8F22846BDE80E
:101C3000F88300BFBC5F0100E403000038B5124C1C
:101C4000002148222046F0F365F4104A012384E87D
:101C50000C0000250E491F2204F10C00F0F332F5B0
:101C600084F82B50F5F31CF34FF40023A3634FF4D7
:101C70000003E363074B20632364074B6563DB6961
:101C80006564A36038BD00BF186001004445424749
:101C9000403901001C2B0900706001004369142BBE
:101CA00001DDFAF317B57047436910B50A2B0446F6
:101CB0000ADD064901220346FFF784FF2046012181
:101CC000BDE8104007F096BA10BD00BF89160000AD
:101CD000C36910B5590704460CD5074B0022196893
:101CE000FBF3B4F00549204610222346BDE810401E
:101CF000FFF768BF10BD00BF2C040000FDB18000DD
:101D0000134B13B51360134601E0114C1C600433F0
:101D1000ADF17C04A342F8D3C41C24F003040D4BA2
:101D2000091B0D481960002303600C480839036043
:101D30000B4884E80A0003600A4802600A4802F57A
:101D400000520260094A1360EAF7C6FE44601CBDF7
:101D50004B415453F40300001404000048040000F5
:101D6000046001006860010010600100F0030000E1
:101D700008B500211420EAF7BDFE054B00211860CC
:101D80001422F0F3C7F3BDE80840F5F301B100BF3A
:101D9000300400002DE9F0474D1C2946824605F02D
:101DA000A1FB134C206000B34FEA8509484600218F
:101DB000EAF7A0FE0F4F804638600F4E68B14A46E2
:101DC0000021F0F3A7F320680021F0F33FF73B6810
:101DD00000221A603560BDE8F0875046216805F0A2
:101DE000D5FBC6F80080C4F80080BDE8F08700BFCE
:101DF000F8030000E803000004040000F0B5184FE9
:101E000085B00F21386805F0C3FA0F2803903E46CD
:101E100024D184200021EAF76DFE124C2060D0B15D
:101E200000218422F0F376F30025012304AA42F86E
:101E3000043D00950195386821684FF4F06305F082
:101E4000D5FA0130206803D03221ECF751FA05E0D1
:101E5000EAF7D8FE2560306805F0B8FA05B0F0BDA5
:101E60002C04000044040000B1F5E06F73B5044693
:101E70000E46154606D103690091002101911E68A6
:101E80000A460CE00D4B00221868FBF3B9F101463D
:101E900080B123690022009601921E6820462B46DD
:101EA000B04738B1064BA0611A68656122621C60B8
:101EB000002001E04FF0FF307CBD00BF00040000B7
:101EC000F85F01002DE9F84310200C4600219146EF
:101ED0009846EAF70FFE054620B3144E3068FAF331
:101EE000EDF3099B074623B9306821464A46FBF3C8
:101EF00087F13068FAF35CF501238340089AEB60C0
:101F0000AA600B4AC5F8048011681560094A296067
:101F1000116830680B4313603946FBF37FF10020F2
:101F2000BDE8F8836FF01A00BDE8F88300040000F4
:101F30003C0400001004000013B500210446FBF32C
:101F40006DF1174B1860174B00F5706018606369EE
:101F5000222B12DDE36958060FD540F62701002237
:101F60002046FAF311F501462046FBF357F10E4BDC
:101F7000002118602046FBF351F100204FF400616E
:101F800002460A4B00900190FFF79CFF28B1012008
:101F900002B0BDE81040F4F377B602B010BD00BF48
:101FA000240400009460010034040000E9B18000C2
:101FB00073B5374B374C0193374B00212022204615
:101FC0001D682669F0F3A6F201232360334B2661D6
:101FD0001B68E36145F8044C00F048FCADF5FE5188
:101FE0003C390A462E48FFF78BFEF4F33DF3F4F339
:101FF000A5F700F073F8FFF721FE002006F0D4FDEE
:10200000284D294C286007F00FFA2060FFF794FF55
:10201000FFF7AEFE206800F029FB206806F0E8FD1F
:10202000224B20681A6802F580321A60204B1A6829
:1020300002F580321A601F4B1A6802F580321A606E
:1020400000F0C0F800221C481C49F5F3E7F002221A
:102050001B481C49F5F3E2F000221B481B49F5F32D
:10206000DDF000221A491B48F5F3D8F02068FFF78D
:1020700015FE2068FFF718FE2068FFF729FE286884
:1020800040F28F11FFF786FEFFF7B8FE20687CBD97
:10209000ADDEADDE70600100945C01009060010077
:1020A0008C6A03002C04000000040000F40300000C
:1020B00014040000046001008DDA89008919000011
:1020C0001385890041B48000943B010091B68000E3
:1020D0001DB28000973B01007047000070B5174D9E
:1020E0002C682CBBB0202146EAF704FD286010B311
:1020F0002146B022F0F30EF24FF4806021462E68A4
:10210000EAF7F8FCB060286886681EB9EAF77AFD3D
:102110002E600DE04FF48062C26021463046F0F33D
:10212000F9F12B68064A20461360064A536170BDD8
:102130004FF0FF3070BD4FF0FF3070BDA860010060
:10214000500400007060010070B5184C054623680B
:1021500033B9174E33680BB9FFF7C0FF33682360FC
:10216000206808B300230360C0F89C30436001235B
:1021700080F8A4306B6C0E3B012B03D928460D4927
:10218000FFF7C0FC0C4B9A6812B12268C2F89C3071
:1021900020680123C0F89C30F5F31EF00748084979
:1021A0002268F5F33BF0206870BD00BF50040000CA
:1021B000A8600100716C010098600100242B870069
:1021C00011BE800010B50023044610220A49FFF713
:1021D000F9FC00212046FAF365F7002220464FF46F
:1021E000A051EDF76DFF054B002220469A60BDE837
:1021F0001040FFF7A9BF00BFE5BC80009860010058
:1022000038B504460D4651B11020F5F39FF1044B4B
:10221000186020B180E830004FF4F063836038BD6F
:10222000AC600100134B02461B68006810B500F457
:102230007041DC1E090B042C08D800F47060000A01
:102240000E30012313FA00F0484310BD072B0CD8C1
:10225000002010BD43F480741461146C013304F049
:102260007F0401346403001901E0002318468B4207
:10227000F0D110BD5014000003684068181823F016
:102280000703083398428CBF0020012070470000EC
:10229000044B054A186890421ABF00F108021A6000
:1022A00000207047A05C0100001000002DE9F34100
:1022B00090E8480023F00704083413F0070202D125
:1022C0009D19AC424AD035468068002203E0875C05
:1022D0000DF802700132B242F9D19E18A64204D91B
:1022E00000293DD0361B951B00E0002623F0070790
:1022F000C7EB030C002204E012F8078000F802800C
:1023000001326245F8D18218002003E01DF8007008
:1023100017540130A842F9D15B195219E71A00206D
:1023200004E013F800C002F800C00130B842F8D150
:10233000002E18DD00AB5D190023EA5CCA5401339E
:10234000B342FAD1C918E4180022C3F1080302E02D
:10235000A05C885401329A42FAD104E0104603E0AE
:102360004FF0FF3000E00020BDE8FC812DE9F04790
:102370001C4B1D4C0026C4EB03081C4B4FEAA8085D
:1023800003FB08F8474629E02368D4F808A023F0A7
:10239000070900251AF8052015F809309A4202D0DD
:1023A0000120F4F371F40135082DF3D12046FFF735
:1023B00063FF88B90E4B054603EBC70A013705EBEF
:1023C00009031AF805201B7A9A4202D00120F4F37F
:1023D0005BF40135082DF2D101360C344645D3DBD0
:1023E000BDE8F0879013000000100000ABAAAAAA75
:1023F00000080000144B2DE9F0471B68134D9B6843
:10240000134F03F00F097F1B0123124A03FA09F946
:10241000BB1002FB03F80026444606E02846FFF7FF
:102420002BFF00B9013401360C354645F6DB224658
:10243000BB104FF0553404FB032307484946BDE861
:10244000F047F0F38DB000BF4C1400000010000006
:1024500090130000ABAAAAAAA93B010041F40031E5
:1024600038B5426304460163652502E00A20F4F3AF
:1024700055F5236B002B01DB013DF7D138BD836A95
:1024800043F0004383627047836A23F00043836212
:102490007047F8B58668054601240F4606F00F061A
:1024A000FFF7F2FF14FA06F6AC62EF62002405E0D3
:1024B000A1B228460022FFF7D1FF0134B442F7DB76
:1024C000F8BD00002DE9F041FFF7E2FE194E1A4B6E
:1024D000DFF87080194FF61A194BC8EB0707002870
:1024E00014BF05461D4604465D1BFFF783FF47B139
:1024F000002140463A46F0F30DF040463946F4F3E9
:1025000083F146B100210C483246F0F303F00A484B
:102510003146F4F379F155B1002120462A46EFF314
:10252000F9F720462946BDE8F041F4F36DB1BDE866
:10253000F08100BF901300000010000000080000B0
:1025400000100000C5040000424B2DE9F74F1D6844
:1025500041492846FFF79DFF404A414BA968D31ADD
:10256000404A9B105A43019271D0012001F00F01A3
:1025700010FA01F18A4201DDF4F386F32846FFF7F1
:1025800051FE394BA0F1040B1A6899460E2A01D866
:10259000861000E001264FF00008314C4CE06368E3
:1025A000013B072B01D8A36813B90120F4F36CF3A6
:1025B0002046FFF761FE38B9FFF76AFE074620B9EB
:1025C0000120F4F361F300E0002720463946FFF7CD
:1025D0006DFE10B10120F4F357F3DFF87CA0A16881
:1025E0002268D9F80030CAEB010122F00702C910B5
:1025F0000E2B96BF02EA0B02324346EA920289B2E0
:102600002846FFF72BFFA7B12268D9F8003022F047
:102610000702CAEB07010832C9100E2B98BF02EA65
:102620000B0289B28CBF324346EA92022846FFF77A
:1026300015FF08F101080C34019B9845AFDB2846D3
:10264000FFF71DFF03B0BDE8F04FFFF78FBE03B0EB
:10265000BDE8F08F4C14000000080000901300004B
:1026600000100000ABAAAAAA501400002DE9F743FD
:102670000446FAF38BF4204600F008FA6B48EAF7B8
:102680001DF92046F2F334F600F578704FF47A73B2
:102690000730674FB0FBF3F038602046F2F328F6BE
:1026A000644B654AC3186169B3FBF2F3634A22299C
:1026B0001360634E634D04DDE369580601D533684A
:1026C00000E02B6803F5C2630433D3F800E0306800
:1026D0002B68222905DDE269520602D500F5C262A7
:1026E00001E003F5C262043212689645F1D0222956
:1026F00005DDE269520602D500F5C26301E003F58B
:10270000C2630433D3F80080EAF7B8F83168814631
:1027100060692A681025222805DDE3695B0602D579
:1027200001F5C26301E002F5C26304331B689845FA
:10273000F1D0222805DDE3695E0602D501F5C2630A
:1027400001E002F5C2630433013DD3F80080E2D119
:10275000EAF794F83A68C9EB0006B2FA82F39A40B5
:10276000191FB2FBF6F2384B01321A604FF47A733C
:10277000A2FB03233548CA400160C1F1200113FACE
:1027800001F08018ECF742FB396804230FE0B5FA3A
:1027900085F2B6FA86F0013A8242A8BF0246964018
:1027A00095409B18B6FBF1F201FB1266551915F026
:1027B000404FECD0264A1360264B40F2FF321D609A
:1027C000236A002B244BC8BF6FF07F421A606369F5
:1027D000222B0CDDE369580609D5002040F62701BD
:1027E00002461E4B00900190FFF76CFB05E020466F
:1027F0001A4920220023FFF7E5F900201849F0F3D9
:1028000001F5184D286078B10120F4F36DF22046EF
:102810002D68F2F36DF5B5FBF0F04FF47A75454392
:10282000114BA5F5FA651D60BDE8FE83E91E0000A9
:10283000A45C01003F420F0040420F00B4030000BF
:102840003404000024040000A8030000AC030000CE
:10285000A4030000A0030000B003000019B9800029
:102860008C85020084040000800400000D4B0021D0
:102870001A6842F010021A601A6822F400721A6094
:10288000094A136843F0807343F480331360074BA5
:1028900007221A6043F8041C59685A60044B20222E
:1028A0001A60704714ED00E0FCED00E0241000E039
:1028B00000E400E070B504460E46FAF367F32046E4
:1028C000F9F3FCF60546EAF75BFD40F62A010246FD
:1028D0002046FAF395F48269436926B142F000423A
:1028E00043F0004303E022F0004223F00043826102
:1028F000294643612046BDE87040FAF38FB42DE9C4
:10290000F84304461E4690460D46FAF33FF3204630
:10291000F9F3D4F64146324607462046FAF370F4FE
:102920002046FAF345F00646EAF72AFD40F62A016A
:1029300002462046FAF364F44FF00108814685B15F
:1029400008FA06F5836933EA050502D14046E9F73E
:1029500087FF01360120B040E9F774FFC9F818502D
:102960000EE0701C08FA06F608FA00F0E9F778FFA6
:102970004046E9F767FFD9F818301E43C9F81860D8
:1029800020463946BDE8F843FAF348B4034630B16F
:10299000002000E01046421C5B08FBD170477047E6
:1029A0000346032B10B510460C461DD8FAB1022B76
:1029B0000BD0032B14D0012B03D0FFF7E7FF0D4BF7
:1029C00006E0FFF7E3FF0C4B02E0FFF7DFFF0B4BE6
:1029D000186043F8044C5A6804225A60002010BD65
:1029E000FFF7D4FF064BF3E76FF0010010BD6FF067
:1029F000010010BD241000E0341000E0441000E09D
:102A0000541000E050B1431E034207D0002300E001
:102A100013465A1C4008FBD1012098407047000023
:102A200070B5EAF7E3F90446EAF7DAF9164E241826
:102A300026F4FE4626F0FF0606F50046A41B1ED02F
:102A40000125B4F5004F0FD3284631464FF400421C
:102A5000FFF7A6FFB0B90135EDB2042DA4F500448F
:102A600006F50046EDD170BD20465CB1FFF7CAFF08
:102A7000314602462846BDE87040FFF791BF4FF04F
:102A8000FF3070BD70BD00BF8C6A03002DE9F843B4
:102A90000446FAF37BF2204640F60E010022FAF3D8
:102AA000AFF30546002838D02046FAF36BF2014612
:102AB00018B920460A46F9F3F5F520462F68D5F8EF
:102AC0000080F9F303F60428064605D825D108F45A
:102AD000E028B8F5403F20D100205049F0F392F3B0
:102AE000D8B907F0F0073F090FE0013F072E2F612B
:102AF00008D90C2E06D02B6C03F44063B3F5406F5D
:102B000000D010B1464B01206B61002FEDD1D5F8FC
:102B1000E83123F01003C5F8E831EAF731FC40F65C
:102B20002A0102462046FAF36BF33E4D0646286022
:102B3000EAF726FC314602463B48EFF311F5204602
:102B4000F9F3C4F5394B18602B681A6842F08072AB
:102B50001A601A6842F002021A600022C3F8E021EB
:102B60006269272A05DDD3F8E02142F04002C3F86C
:102B7000E02140F2DD5602E00A20F4F3CFF12B68A9
:102B8000D3F8E0319B0301D4013EF5D100210B467F
:102B900020464FF40062FFF7B2FE00210B462046AC
:102BA00040F61202FFF7ABFE00210B46204640F62E
:102BB0002902FFF7A4FE20460121FFF77BFE00203B
:102BC0001B49F0F31FF300B32046F9F377F50646EF
:102BD000EAF7D6FB40F62A0102462046FAF310F344
:102BE000D0F814900746D0F898802046F9F366F59F
:102BF0000123834043EA09037B6148F00103C7F8DE
:102C0000983020463146FAF309F32B681A6A42F0ED
:102C100003021A62BDE8F843FFF702BF978502007E
:102C2000FF7F0121B0600100BB3C0100B8600100E2
:102C3000A28502000721C0F8A4114021C0F8A81104
:102C40004FF4F061C0F8C8111821C0F8CC11082168
:102C50000122C0F8D01106210A23C0F89C21C0F837
:102C6000B021C0F8DC11C8221C21C0F89831C0F88E
:102C7000B42120231022C0F8E0110C21C0F8A031AB
:102C8000C0F8BC31C0F8C031C0F8C421C0F8D4319C
:102C9000C0F8E4110323C0F8E8210421C0F8F021B2
:102CA0000022C0F8D831C0F8EC11C0F8F421C0F807
:102CB000FC21C0F80032704741F2E443984206D14B
:102CC00044F2F4300B1A584240EB030070470020E6
:102CD0007047D0F81C1238B5044659B1806804F02A
:102CE000D0FB0546D4F81C02F4F33CF40023C4F8EE
:102CF0001C3200E00D46284638BD7FB50446062349
:102D000084200393F4F31CF4C4F81C02B8B100212E
:102D10008422EFF3FFF300251C23A068D4F81C12D3
:102D200003AA0095019504F061FB0646013008D125
:102D3000D4F81C02F4F316F4C4F81C5201E04FF06E
:102D4000FF36304604B070BD2DE9F04104460D4613
:102D50001646984640F2E93702E00A20F4F3DEF026
:102D600063691A6D002A04DA013FF6D13846BDE8DE
:102D7000F081069A46443602B2F1807F46F0004662
:102D800003D12A7842F08072B6181E6540F2E93607
:102D900002E00A20F4F3C2F063691B6D002B03DB31
:102DA0002B700120BDE8F081013EF2D13046BDE834
:102DB000F08100002DE9F0438BB01D46DDF848900E
:102DC0009F4B0846C3F8009011461746FFF774FF63
:102DD000002800F030814FF40B70F4F3B1F3044697
:102DE000002800F0298100214FF40B72EFF392F3D9
:102DF000A560C4F814902046FFF71CFF914B1E6895
:102E0000C4F818621EB13678003618BF012604F1E6
:102E10002808404602214122F0F382F40023009367
:102E200001930293384629464A46139B06F024FB39
:102E3000E060002800F0FA80F9F338F42060E068E0
:102E4000F9F344F46769804A7B68804903F0010321
:102E500083F00103D4F800C0002B18BF114684F89A
:102E60007A3140F629039C456060D4F808E0E268B6
:102E700007F5007303D110B107F5087701E007F5F6
:102E800004770097D4F8BC010190D4F8C0010290F7
:102E9000D4F8C80103904FF0FF300490D4F8C40177
:102EA00005900820069000200790704604F04EFC24
:102EB0006062002800F0BA80D4F81812644FB9B1EB
:102EC0000B78ABB1D7F8B030984762492246D4F8B6
:102ED0001802F0F32DF3D4F818025F49224604F0EB
:102EE000F1FA2EB12046FFF708FF002840F09E803F
:102EF00002210A46D7F8B830606A98472046002178
:102F0000E2682B4600F06EF92061002800F08E8008
:102F100000210B462046514AF3F336F50023C4F84E
:102F2000940184F87D314E48F5F304F010B3EFF3CB
:102F300047F5012383404B48C4F88431F4F3FAF792
:102F400010B1EFF33DF508B1D4F88401C4F888015D
:102F500045490020F0F356F1030CA4F88C31A4F895
:102F60008E013BB100212046404A0B46F3F30CF59D
:102F7000C4F8900100203E49F0F344F1012808BF55
:102F800084F822022046F6F391F4002835D0002080
:102F90000125C4F8A40184F82A523649F0F332F12D
:102FA00020B184F805523448EFF3DAF200203349B7
:102FB000F0F328F1C0B28DF8260068B100F00F00E0
:102FC0004FF080730AA901F8020D4FF4407200938C
:102FD00020460F23FFF7B8FE0AA9082301F8013D98
:102FE000636900221D6F1A674FF0807300932046BB
:102FF000F023FFF7A9FE63691D6721492246214896
:10300000F4F30CF12048F3F3ABF7204B04F5847292
:10301000511C1A600332DA60D4F8F020596004F5CC
:1030200085719960C3F810805A6105E02046F4F379
:1030300099F2002400E0044620460BB0BDE8F0837E
:103040008804000044040000B9850200CB8502001A
:1030500010A7880051E78000CDE7800091F0800044
:10306000E08502000A86020002860200EDE680008A
:10307000D5850200C1850200E9850200AD85020008
:1030800095E68000E03C0100F9E28000BC600100B0
:1030900038B50025044680F87951006900F0DEF863
:1030A0002046F6F3F5F5E0682946F9F3F9F2D4F88D
:1030B000940128B1F3F3ECF3D4F89401F3F312F490
:1030C000D4F8900128B1F3F3E3F3D4F89001F3F3CB
:1030D00009F4E06805F078FFD4F81C3223B11B78BE
:1030E00013B12046FFF7F5FD2046BDE83840F4F364
:1030F00039B210B58469A068FFF7CAFFE06805F02F
:1031000061FD002010BD000010B58469002134224B
:1031100004F11C00EFF3FEF1034BA068636224622C
:10312000F6F32AF3002010BD91F680002DE9F34755
:10313000274D99462B680646072B0F46924640DCE2
:1031400005F032FD80465020F4F3FAF104460028E1
:103150003AD000215022EFF3DDF12B68A4F814904F
:1031600084E848002761C4F80C80204641F2E4411D
:103170004A4643468DE88004FFF71CFEA06010B36A
:1031800000200A990B9A134B8DE84004FEF79AFE33
:10319000074618B1A068FFF77BFF12E0A068F6F3BE
:1031A00067F12B68A0610F210B4A3046EFF318F24C
:1031B000F7730A483146EFF3D3F12B6801332B60E4
:1031C00002E0002400E004462046BDE8FC8700BF82
:1031D000D4600100C1F6800033860200138602002D
:1031E000F4F3C0B12DE9F0411B4F98463B780546FA
:1031F000072B144626D85420F4F3A2F1064610B348
:1032000000215422EFF386F13B78002286F8443007
:1032100001333B700123B46086E82001A6F84C20FE
:10322000A6F85020A6F84E20A6F85220B364042039
:10323000F4F386F10446306440B100210422EFF338
:1032400069F100E000263046BDE8F0813046F4F335
:1032500089F12646F7E700BFD8600100C26B1AB1BA
:1032600000235362826B5362C068FFF7B9BF00004E
:10327000054A064BD17E1970117F5970517F9970A4
:10328000927FDA70704700BF8C6A03009060010083
:103290002DE9F04F8FB0E9F7A9FD474E474D336850
:1032A000049005932B68B3F5805F00F28180444F52
:1032B00044493868EFF3A6F701287AD02B68DFF885
:1032C0001C910393D9F8003000240693DFF8108195
:1032D0002368DFF810A10793D8F80030DFF808B1B1
:1032E0000893DAF80030384A0993DBF80030D7F851
:1032F00000C00A93354B126819680C920B9134493F
:10330000301D0968039A0D916146CDF808C00193FC
:10331000EFF37CF021462A683868EFF3FBF02D4A82
:10332000019BCAF800202849294A04981C601460AF
:103330000C604FF0FF32311A3C60C9F800402C603D
:10334000C8F80040CBF80040EFF38CF70599019BDB
:10335000CA439042DDF808C029D1039A06992A6031
:10336000C9F8001021681C4AC7F800C01160079A0C
:1033700008992260099AC8F80010CAF800200A9932
:103380000B9ACBF800101A600F490C9B039A0B6044
:103390000D9B0F4960460B60311DEFF337F02A6833
:1033A000301D21460FB0BDE8F04FEFF3B3B0FEE79C
:1033B000FEE70FB0BDE8F08F8C6A03009C5C010053
:1033C000985C0100828602004C1400004814000042
:1033D00050140000DDBAADBB38140000945C01004D
:1033E0004414000034140000401400007047000032
:1033F000774B2DE9F04F1B6891B0043B012B03D8AC
:10340000744B1868FFF7F2FFFEF7D2FD0021044667
:10341000F9F334F720460021F9F300F7054658B1D7
:103420002046F9F3B3F52B6A002B05DA2046F9F3B1
:10343000ADF54FF000432B62E9F7CBFF2046F9F3DF
:10344000CBF00EA90822EFF3F1F202462046D4F8A1
:1034500040B00B92F9F38CF082462046F9F388F0E5
:1034600081462046F9F384F080462046F9F3EEF0D9
:1034700007462046F9F3EAF006462046F9F3E6F05F
:1034800005462046F1F334F7014620460C91F1F34E
:103490002FF784462046CDF834C0F1F329F70B9A74
:1034A0000C99DDF834C0029208F542484A4A05F505
:1034B000424500F542400AF5424A09F5424908F5FD
:1034C000A87807F5424706F5424605F5A87501F5C7
:1034D00042410CF5424C00F5A870B8FBF2F8B5FB80
:1034E000F2F50CF5A87CB0FBF2F00AF5A87A09F524
:1034F000A87907F5A87706F5A87601F5A871B1FBBC
:10350000F2F1DFF8F8E0BAFBF2FA02FB1899B7FB28
:10351000F2F702FB156602FB10C2CDF804E0DFF8FB
:10352000E0E02E4BB2FBFEF2B9FBFEF9B6FBFEF675
:10353000089109922A492B4A2B480093CDF80CB0E8
:10354000CDF810A0CDF8149006970796EFF308F089
:10355000264840F60D0144F2F432FEF785FC38B1FE
:10356000224840F6290144F2F432FEF77DFC20B9EE
:103570001F4A204B1D4D1A6000E00025204605F033
:103580001BFE44F218334FF6FF72904214BF0246FE
:103590001A4640F612011848FEF766FC1649002844
:1035A00018BF00214DB141B1124B28461B685B6822
:1035B00098472B6928465B6898472046F9F3E6F45C
:1035C0002946FEF71DFE204611B0BDE8F08F00BF72
:1035D000501400004C14000040420F007D86020091
:1035E0003F8602007E86020044860200A85C01003D
:1035F000D45C01008C040000945D0100403901009E
:10360000A0860100084670472DE9F04FD1F8FC3044
:1036100091B00B9303F560630446099371E10E22A8
:10362000002320460BA9E8F3DBF50F2807462046C8
:1036300002D1E8F373F56CE100220BA91346E8F31D
:10364000CFF510F00E0F40F061818B4E3A0D3E40E9
:1036500040F23B43360A00F4F8789A4208924FEA67
:10366000181804D140F6FF739E4200F04A8100F41E
:1036700078534FEA532B002B00F0438100F4F82AD3
:1036800000F47803DB0C4FEA9A3A13EB0A02079333
:1036900025D140F267339E4214D10CAB01930DABA0
:1036A00002930EAB03930FAB049320460BA9134672
:1036B0000092E8F335F5002800F023810C9BC4F854
:1036C00058331EE140F2DC539E4208D040F20B53C7
:1036D0009E4204D040F627039E4240F01281D4F867
:1036E000D050314605F1B60344F8237005F1C60306
:1036F00044F823002046FFF785FF04EB8503C3F859
:10370000D40000270BE0012220460BA91346E8F362
:1037100067F500F00E00022840F0F88001374745B9
:10372000F1D10CAB01930DAB02930EAB00270393C9
:103730000FAB049320460BA93A463B460097E8F3AB
:10374000EFF420B1B94627E04FF0010900E08146CF
:10375000402300930CAB01930DAB02930EAB03938C
:1037600000220FAB049320460BA91346E8F3D8F4CC
:103770000028E9D1B9F1010F0ED00D9B002B40F0CC
:10378000C5800F9B002B40F0C1800E9AB2F5805F80
:1037900040F0BC809946DBE70C9A04EB8503C3F844
:1037A00014210E9A0127C3F8D4210CAB01930DAB61
:1037B00002930EAB03930FAB0022049320460BA998
:1037C0003B460092E8F3ACF460B1012F0AD10E9BA6
:1037D000B3F5805F06D10C9904EB8502C2F8941111
:1037E000C2F8143201370028DFD137464FF0010804
:1037F0002E4617E00025002300930CAB01930DAB80
:1038000002930EAB03930FAB049320460BA94246E1
:103810002B46E8F385F408B10135ECE7002D75D0AF
:1038200008F10108D845E5D135463E4600271FE09E
:10383000C02300930CAB01930DAB02930EAB03932B
:103840000FAB049320460BA93A460023E8F368F433
:1038500000285BD00F9B002B58D10E9BB3F5805FE7
:1038600054D127B90C9A05F1A60344F82320013757
:103870005745DDD1002739E000FF0F00802300937A
:103880000CAB01930DAB02930EAB03930FABBBF1EB
:10389000010F0CBF3A467A1C0493204600230BA963
:1038A000E8F33EF4089A40F23B439A420DD140F2CD
:1038B00035139E4209D1D4F870330C9904EB83027E
:1038C0000133C2F87413C4F87033F8B10F9BEBB92D
:1038D0000E9BB3F5805F19D1BAF1000F05D127B95E
:1038E0000C9A05F1A60344F823200137079B9F4259
:1038F000C4D1B9F1000F04D1D4F8D0300133C4F8E9
:10390000D0300B9B099A9342FFF489AE0023C4F890
:10391000D03011B0BDE8F08F10B5D0F8702300237F
:1039200006E0D0F870134FF44C74C1F8004901332D
:1039300004309342F5D110BD2DE9F8430027044629
:10394000154699460E46B84609E030460021042245
:10395000EEF3E0F50137C6F80080B04676194F4522
:10396000F3DBC4F80080BDE8F88370B50D4604466B
:10397000D8B1D1B10E68C6B1B389CBB9738A03F09F
:103980000303012B03D1F06908B1F3F3EBF5738A5C
:10399000201D23F0040373823146EDF361F7238980
:1039A0000020013B2381286070BD6FF0010070BDD5
:1039B0006FF00F0070BD2DE9F74F0C9F0191164677
:1039C0009A46DDF834B0BDF838900546002857D047
:1039D0000F9B002B54D0002952D0002A50D0BBF1AD
:1039E000000F4DD09BF80030002B49D000F10408A7
:1039F0004046EDF341F70446002844D0B9F1010FE9
:103A00000BD157B906FB0AF0F3F39AF5074638B91C
:103A100040462146EDF324F735E04FF0000800E082
:103A20008046002124222046EEF374F5019B0822F3
:103A3000A360638A204623F0030349EA030343F0AB
:103A4000040363825946EEF33DF60023B9F1010FFA
:103A5000E3710CD1A4F814A0C4F81C80A66104F191
:103A60002000394632465346FFF766FF01E0EB6817
:103A700063612B89002001332B810F9B1C6004E0C4
:103A80006FF0010001E06FF01A00BDE8FE8F2DE934
:103A9000F84307460E461546002A2DD000282BD0A5
:103AA000002929DD1020F3F34BF5044640B3002133
:103AB0001022EEF32FF5E760242707FB06F9668155
:103AC0004846F3F33DF5804630B92046F3F34AF516
:103AD0006FF01A00BDE8F88300214A46EEF31AF5AC
:103AE000204640F8048B41463A463346FFF724FF10
:103AF0002C600020BDE8F8836FF00100BDE8F8837A
:103B00006FF01A00BDE8F88370B5064660B104682E
:103B100054B125895DB92068F3F324F52046F3F309
:103B200021F53560284670BD6FF0010070BD6FF063
:103B30000F0070BDFFF719BF1FB50024019203935A
:103B40000A46234600940294FFF735FF04B010BDE7
:103B5000FFF70BBF51B1032902D80423136003E020
:103B6000033121F003011160002070476FF0010064
:103B700070472DE9F04186B005460C461E46DDF83B
:103B80003080174612B31BB1B8F1000F03D11DE00E
:103B9000B8F1000F1AD12846214605AAFFF7DAFF2F
:103BA000B0B92EB1059B7B4398450FD3B3070DD118
:103BB0000D9B28460193012302930E9B21460393FC
:103BC000059A3B460096FFF7F6FE01E06FF0010014
:103BD00006B0BDE8F08110B5044690B1C36823B1CA
:103BE000406804F10C01FFF7A5FFA36823B16068EA
:103BF00004F10801FFF79EFF2046BDE81040F3F3F3
:103C0000B1B410BD2DE9FF41074610200D46164600
:103C10009846F3F395F40446F8B100211022EEF330
:103C200079F4124A27606560019204F108020023CA
:103C3000029228460C2132460093FFF79AFF034672
:103C400058B90B4A0090019204F10C0202922846E6
:103C50000C214246FFF78DFF18B12046FFF7BBFF4E
:103C60000024204604B0BDE8F08100BF9086020029
:103C700088860200FFF7AFBF80697047008A400066
:103C800070470000808ACB69B2FBF0F300FB13227F
:103C9000D2B242F000421B0642EA13438B6100237A
:103CA00000E001338869094A002802DA9342F8D11A
:103CB00006E0934204D0C30005D4C0F340707047BF
:103CC0004FF6FF7070474FF6FF7070478096980070
:103CD00010B58468002364694B61302CC4BFD1F8EF
:103CE000F43003F47E03C1F8F430BDE81040FFF770
:103CF000C9BF2DE9F041002480460F461601254634
:103D000040463946AA19FFF7E3FF4FF6FF73984282
:103D100006D0A84001350443102DA4B2F0D100E034
:103D200004462046BDE8F081BF230B80FF231380AB
:103D30007047013906291DD8DFE801F0040A1C1C70
:103D4000101C17002023438240238382802310E02D
:103D50004023438283824FF480730AE060234382CE
:103D6000402383824FF4C07303E010234382402337
:103D7000838203820020704701390A2919D8DFE8BD
:103D800001F006080A0C0E1810181818130040232A
:103D90000CE060230AE0802308E0A02306E0C023B3
:103DA00004E04FF4807301E04FF4C073438220239A
:103DB0008382838A428A53431B1103820020704707
:103DC0006FF01600704770B50446058A8068F8F3F6
:103DD00075F400210646A068F9F320F2A268536941
:103DE000222B05DDC36C9B059B0D0733DB08A385E8
:103DF00010463146F9F312F2A38D6D00E81A02382D
:103E000070BD70B5044680680D461646F9F394F00F
:103E100030B1204629463246BDE87040FFF769BF01
:103E200006F5806635F8160080B270BDF8B5044618
:103E3000806816460F46F8F341F400210546A06855
:103E4000F9F3ECF13A4601462046FFF7DAFF29463E
:103E50003080A068F9F3E2F10020F8BD01392DE9C6
:103E6000F84F044691461E460E2971D8DFE801F04E
:103E700008187028707070347070707070703B002B
:103E800090F82E20838B0AB1C58C00E0C58BED1A0B
:103E9000A369D9052ED53368AB4233D3A78B36E05F
:103EA00090F82E20038C0AB1C58C00E0458CED1AE9
:103EB000A3699A051ED53368AB4223D3278C26E02D
:103EC00083694FF0020513F4806F13D03368012B20
:103ED00018D9876A02371AE0878CC58C8369ED1B75
:103EE00013F4006F05E0878BC58C8369ED1B13F419
:103EF000407F04D135606FF01D00BDE8F88F336856
:103F0000AB4204D235606FF00D00BDE8F88FA068B9
:103F1000F8F3D4F300218346A068F9F37FF14FF062
:103F20000008824609E008EB070220465146FFF7E9
:103F300068FF08F1010829F8020BA845F3D1A06831
:103F40005946F9F36BF1C6F800800020BDE8F88F00
:103F50006FF00100BDE8F88F73B50023ADF80430B1
:103F6000ADF80630836804465B690D46272B05DDF6
:103F7000CB691B051B0D1B11043B06E01B2B06D850
:103F80004FF492629A4002D50C2383620EE0242BF8
:103F900001D0272B04D1238A7F2B05D80C2304E0E2
:103FA000172B01D0182B01DD1423A362EB6903F456
:103FB000E023B3F5803F0ED04FF00443AB61002304
:103FC00000E00133AA69002A2E4A02DA9342F8D1AE
:103FD00057E0934255D02B69A26AA3610332204671
:103FE0002946FFF70EFF284BA2690009034013433F
:103FF000A36103F440730022B3F5407F84F82E20C0
:1040000002D1012384F82E30A36A0DF10602043395
:10401000A383238A2046E383E38401A9FFF784FE78
:10402000BDF80620BDF80430D61AB6B216B1E38347
:104030006384A284A369DB050AD520462946A26AC7
:10404000FFF7DFFE000980B200B1E083E38B00E000
:10405000A38B2384AEB92046FFF7B5FEA36900EB1E
:10406000D07040106084980509D5A26A2046294680
:104070000132FFF7C6FE00096084A08401E0238CB2
:10408000A3847CBD8096980000FFFF00F8B54369CB
:104090000546152B01D0162B3CDD2846F8F340F7DA
:1040A0000646002836D12846F8F33CF7002833D0DE
:1040B0002846F8F303F3314607462846F9F3AEF0F5
:1040C0000646EAF7FDF86B690446302B04DDF1691A
:1040D00001F47041090B03E0A96901F46011C90CF6
:1040E00091B1F36903F4E0231B0C012B03D12046AB
:1040F000FFF742FE03E013B92046FFF71AFE204601
:104100003146FFF729FF00E00C4628463946F9F30F
:1041100085F002E0002400E004462046F8BD08B522
:104120004368DB68984708BD08B543681B68984733
:1041300008BD73B5002604460196EAF7C1F84C2283
:1041400031460546EEF3E6F16369152B2B6001D08D
:10415000162B02D9EAF7B8F868606B68D3B1AC6087
:104160002046F8F313F7E8602046F8F3DBF606463E
:1041700020B92046012101AAF8F30AF76B6820460E
:104180001B699847054636B92046314601AAF8F31F
:10419000FFF600E01D4628467CBD2DE9F743994611
:1041A000002304460F4690460193F8F3BBF60546FC
:1041B00020B92046012101AAF8F3EAF62046F8F3D7
:1041C000B1F678B12046F8F3ABF658B92046FFF7C0
:1041D000B0FF50B1436839465E6942464B46B0472E
:1041E000064604E06FF0180601E04FF0FF3625B9EF
:1041F0002046294601AAF8F3CBF63046BDE8FE83F7
:1042000082604160016070472DE9F041541A012C31
:104210000F461E46069D0EDD2046F3F391F18046C3
:1042200070B139462246EEF3F1F0C6F80080002066
:104230002C60BDE8F081002018602860BDE8F081A6
:104240006FF01A00BDE8F0810EB4F3B58168044642
:10425000012945D908AB4068079A0193EEF3A8F20B
:10426000431C064603D0A368023B984202DD0020AF
:10427000A06036E060683D21EEF3CAF140B36768A4
:104280002568C71B21E028463A46EEF3ABF0B0B9EB
:10429000EB5D3D2B13D12846EEF3E8F16268471C35
:1042A000731CDB1B521BE919D2182846EEF30EF1E2
:1042B0006368DB1B6360A368DF19A76008E02B4617
:1042C00013F8012B1D46002AFAD161688D42DAD31A
:1042D000A368701C1B1AA36063681B18636000E06E
:1042E0000020BDE8FC4003B0704700002DE9F04F0E
:1042F000BBB01A9019911B921893002B02F01C87E7
:104300004FF48050F3F31CF11290002802F0148750
:1043100037A812994FF48052FFF772FF00214FF433
:1043200080521298EEF3F6F0189A1168D9B10B7812
:10433000CBB1449A1368022B03D814E0013A02600F
:1043400000E0449802688B1813F8014C1CB913F86C
:10435000023C002BF2D01298EEF358F04499389AB0
:104360000B68D318389300238DF89C304FF0FF3240
:104370001593139301231192169302F0A8BE199975
:10438000012251F8046B0023199117921493179985
:1043900049B1F25C5F1C1092013AD2B2FD2A0FD8EB
:1043A000F55D9F1C0DE0F15C4A1ED2B2FD2A109112
:1043B00003D880220D46109200E0179D5F1C00E09C
:1043C00000257B19B3F5607F82F27E86109B202B3F
:1043D00028D005D8152B0BD01B2B42F0708664E03B
:1043E0001099222935D030D3802942F0688667E0C1
:1043F000F3195A78F35D1202D318072B12DDBC1C97
:1044000034192246E14937A8FFF71EFF2046EEF394
:104410002DF1FA1C1218DE4937A8B218FFF714FF65
:1044200002F04DBEF4196278F35D1202D21837A87B
:10443000D849FFF709FFE378A2781B0237A8D649CD
:104440009A18FFF701FF02F03ABEF25D149202F0F3
:1044500036BE149B0C2B02F02D869DF89C30002B51
:1044600042F02D86F35D042B42F0298607F1020805
:1044700006EB08042046EEF3B9F6002842F01F864A
:1044800016F80830DB0702F11A8627A92046EEF35A
:1044900025F31199013142F01286F3199A79DB79EB
:1044A0001202D318119302F00ABEF319DA799B793C
:1044B00037A8BA4943EA0222FFF7C6FE02F0FFBD61
:1044C000F35DF4198F2B02F2FA8501A252F823F062
:1044D000399301006B930100559401001599010077
:1044E000F19A0100D59801005398010071980100DC
:1044F0007B940100199B01008D9B0100B59B01007D
:10450000C99B010057BC01003B9A0100BB98010008
:10451000F7970100619C0100A19C01004B930100F1
:10452000E19C0100EF9C0100119D01001F9D010015
:1045300017930100D992010057BC0100FD940100BE
:104540002D9D01001195010057BC010057BC0100D1
:1045500057BC0100439D0100879D01009B9D010008
:10456000BD9E010081A0010057BC010057BC0100A5
:1045700025A20100C9920100B9920100A99201008F
:104580009FA30100B3A30100C7A30100DBA30100A7
:1045900057BC0100E99B0100EF94010057BC0100EA
:1045A00057BC0100ED930100A7A60100EFA3010095
:1045B0006B9D0100799D0100B5A601001DB40100AD
:1045C00057BC010057BC010057BC010057BC01009B
:1045D0001D95010047A4010071A40100B3A40100CE
:1045E000F1A401002FA501006DA50100ABA50100FC
:1045F000E9A50100FDA5010057BC0100C59501001A
:1046000057BC010057BC010057BC0100D7970100FF
:104610003195010057BC010057BC010057BC010097
:1046200057BC010071B4010057BC01000B98010098
:104630002BA70100FBA7010051A901003BAA010023
:1046400025AB01005FAB0100E7AB010035AC010019
:1046500043AD0100CDAE010079AF010025B00100EE
:104660008FB401007B9601003B97010071B00100FF
:10467000ADB10100B9B20100C5B30100D5B401006C
:10468000AFB60100E7B4010005B5010023B5010094
:1046900041B5010053B5010065B5010077B50100D2
:1046A00089B50100F3B50100FFB501000BB60100AB
:1046B0002FBC010057BC010057BC010057BC0100D2
:1046C00057BC010057BC010057BC010057BC01009A
:1046D00057BC010057BC010011A6010085A60100CE
:1046E00057BC010057BC010001B7010069B70100C8
:1046F000EFB7010075B80100A1B90100B3B901001D
:10470000BFB90100E9B90100E1BA0100D9BB01005C
:104710004FEA950A5FFA8AFA4FF0000801F03CB8B8
:104720004FEA55095FFA89F94FF0000801F005B822
:104730004FEA55095FFA89F94FF0000800F0EBBF26
:1047400007F1010806EB08042046EEF34FF50028B8
:1047500042F0B58416F80830D80702F1B08420463C
:1047600027A9EEF3BBF1119B013342F0A884F319A2
:104770005A799B791202D318119302F0A0BCA37846
:1047800062781B029A18119202F099BCDE93020023
:1047900005890200378F0200748A020043920200EA
:1047A000647837A8A54922461694FFF74DFD02F01C
:1047B00086BCE37822791B0443EA0263627837A857
:1047C0001343A2789E4943EA0222FFF73DFD02F01F
:1047D00076BCA27863781202D2189A4937A8FFF7FC
:1047E00033FD2279E378120237A89749D218FFF7F0
:1047F0002BFD062D42F26384A2796379120237A859
:104800009249D218FFF720FD082D42F25884237AEE
:10481000E2791B0237A88E499A18FFF715FD0A2D79
:1048200042F24D8407F10A0807F1090416F808203E
:10483000335D1202D21837A88649FFF705FD16F836
:104840000830325D1B0237A883499A18FFF7FCFC39
:1048500002F035BC814B0622B5FBF2F21A704FF024
:104860000008994624E0434610217D4A1DA8EDF337
:10487000B7F6434610217B4A2FA8EDF3B1F66378D3
:10488000A2781DA943EA022237A8FFF7DDFC63796D
:10489000A2791B0443EA0263E27837A81343227922
:1048A0002FA943EA0222FFF7CFFC08F101080634E2
:1048B00099F800309845D6DB02F001BC022D06D1F4
:1048C00037A869496278FFF7BFFC02F0F8BBA3780C
:1048D00062781B0237A864499A18FFF7B5FC02F00A
:1048E000EEBBA27863781202042D1A4405D923790D
:1048F000E1781B0609045B181A4337A85B49FFF7E8
:10490000A3FC062D42F2DB83F3199A79597912023E
:10491000082D0A4405D9197ADB7909061B04C91840
:104920000A4337A85249FFF78FFC0A2D42F2C7838A
:10493000F3199A7A597A12020C2D0A4405D9197B77
:10494000DB7A09061B04C9180A4337A84949FFF74F
:104950007BFC02F0B4BB37A847496278FFF774FCD0
:1049600002F0ADBBA37862781B0237A83A499A18C7
:10497000FFF76AFC02F0A3BB01350021EDB21791ED
:1049800002F09DBBA378627837A83C4942EA032233
:10499000FFF75AFC02F093BB94F803A023794FEA87
:1049A0000A4A4AEA036A6378B5F1050B4AEA030A40
:1049B00048BFA5F1020BA3784FEAAB0B4AEA032AE2
:1049C0005FFA8BFB4FF0000824E043441021244A97
:1049D0002FA8EDF305F699F8003010214344214A41
:1049E0001DA8EDF3FDF552462FA937A8FFF72CFCC3
:1049F000E37822791B0443EA0263627837A8134301
:104A0000A2781DA943EA0222FFF71EFC0AF1040A5C
:104A100008F10108DFF844900434D84599F80030D3
:104A2000D3DB9B4489F800B002F049BB0B4BEA088A
:104A30001A704FF0000899464DE000BF2C94020018
:104A400034900200628D02005A9402008E8A0200A5
:104A50008D87020088900200FF8F0200286101000C
:104A6000003E01000B3E01001F930200D98D0200A1
:104A7000238A0200348A0200298B0200AF8D0200D3
:104A800043461021B14A1DA8EDF3AAF54346102173
:104A9000AF4A2FA8EDF3A4F5E37822791B0443EA8B
:104AA000026362781DA91343A27837A843EA022261
:104AB000FFF7CAFBE379227A1B0443EA02636279B7
:104AC00037A81343A2792FA943EA0222FFF7BCFBC0
:104AD00008F10108083499F800309845D0DB02F05D
:104AE000EEBA94F803A023794FEA0A4A4AEA036A25
:104AF0006378B5F1050B4AEA030A48BF05F1020BDA
:104B0000A3784FEAEB0B4AEA032A5FFA8BFB4FF0DC
:104B100000083BE0434410218C4A2FA8EDF360F5D8
:104B200099F80030102143448A4A1DA8EDF358F546
:104B300099F8003010214344874A33A8EDF350F52B
:104B400052462FA937A8FFF77FFBE379227A1B048F
:104B500043EA0263627933A91343A27937A843EA8F
:104B60000222FFF771FBE37A227B1B0443EA026314
:104B7000627A37A81343A27A1DA943EA0222FFF7FB
:104B800063FB0AF1080A08F101080834DFF8CC9148
:104B9000D84599F80030BDDB9B4489F800B002F09D
:104BA0008EBA6E4B0C22B5FBF2F21A704FF0000871
:104BB00099463EE043461021644A33A8EDF310F5D0
:104BC00043461021634A1DA8EDF30AF54346102120
:104BD000614A2FA8EDF304F5E37822791B0443EA38
:104BE0000263627833A91343A27837A843EA02220A
:104BF000FFF72AFBE379227A1B0443EA0263627916
:104C00002FA91343A27937A843EA0222FFF71CFB1E
:104C1000E37A227B1B0443EA0263627A37A81343D8
:104C2000A27A1DA943EA0222FFF70EFB08F1010850
:104C30000C3499F800309845BCDB02F040BAE378B8
:104C400022791B0443EA0263627837A81343A278EF
:104C5000434943EA0222FFF7F7FA02F030BAA37899
:104C6000627837A83F4942EA0322FFF7EDFA02F0E3
:104C700026BA4FF00509B5FBF9F95FFA89F94FF04B
:104C8000000816E063781021374A2FA8EDF3A8F446
:104C9000237962791B0443EA0263A27837A813439D
:104CA000E2782FA943EA0222FFF7CEFA08F10108C1
:104CB0000534C845E6DB02F002BA37A82B49627812
:104CC000FFF7C2FA022D42F2FA8137A82849A278EA
:104CD000FFF7BAFA02F0F3B9002237A82549637842
:104CE000FFF7B2FA022D42F22D82012237A82149A4
:104CF000A378FFF7A9FA032D02F02482022237A835
:104D00001C49E378FFF7A0FA042D02F0D6810322B4
:104D100037A818492379FFF797FA0122139202F076
:104D2000CEB9627837A81249FFF78EFA37A8114931
:104D30000122A378FFF788FA02F0C1B937A80E491B
:104D40006278FFF781FA02F0BAB900BF003E0100B5
:104D50000B3E0100163E0100223E010028610100C9
:104D600045870200299002002E3E01006A8A020057
:104D7000319102009C8702005A8B0200AB1E0E2B61
:104D800002F29D8101A151F823F000BF6199010059
:104D900057BC010057BC010057BC010057BC0100C3
:104DA000D9990100A7990100879901006F99010025
:104DB00057BC010057BC0100D9990100A799010017
:104DC000879901006F99010037A8A9496278FFF718
:104DD0003BFA02F074B937A8A649627AFFF734FAB1
:104DE0000C2D8CBF4FF009084FF0000801E04FF088
:104DF0000008F31937A89E491A7AFFF725FA0C2DF7
:104E000007D9B8F1000F08BF4FF0080801E04FF0D4
:104E1000000807F10709984916F8092037A8FFF795
:104E200013FA002237A8954916F80930FFF70CFA53
:104E30000C2D07D9B8F1000F08BF4FF0070801E0AB
:104E40004FF000084FF00009A27863788C491202F5
:104E5000494437A8D21809F10909FFF7F5F90234D6
:104E6000B9F11B0FF0D10C2D42F22981B8F1000FDE
:104E700008BF4FF00608834CB844B04404F124093D
:104E800098F8022098F801301202214637A8D2186B
:104E90000C34FFF7D9F94C4508F10208F0D102F0C3
:104EA0000EB9142D19D0172D03D0132D42F0078100
:104EB00019E006EB0708744998F8162037A8FFF7A1
:104EC000C3F9724998F8152037A8FFF7BDF937A83C
:104ED0006F4998F81420FFF7B7F9F31937A86D490F
:104EE000DA7CFFF7B1F9A946A2464FF00008254643
:104EF000AA786B7868491202414437A8D21808F1A1
:104F00000908FFF7A1F90235B8F11B0FF0D14D46A2
:104F10004FF00008227AE37960491202414437A831
:104F2000D21808F10B08FFF78FF90234B8F1210FFE
:104F3000F0D100249AF80E209AF80D305849120248
:104F4000091937A8D2180B34FFF77EF9212C0AF182
:104F5000020AEFD102F0B3B8E1786278A378009149
:104F6000217937A8019161790291A1790391E179C1
:104F70000491217A05914B49FFF766F902F09FB839
:104F8000A9464FF00008254615F8013FFF2B04D035
:104F900037A845494246FFF757F908F10108B8F12B
:104FA000040FF1D1B9F10C0F4D4642F2888004EBA9
:104FB00008035B78FF2B04D037A83B494246FFF734
:104FC00043F908F10108B8F10C0FF0D1102D42F2AD
:104FD000768004EB08035B78FF2B04D037A83249B6
:104FE0004246FFF731F908F10108B8F1100FF0D18E
:104FF00002F065B8627837A80AB1A3781BB92B49CB
:10500000FFF722F902E02A49FFF71EF9F31937A842
:105010002849DA78FFF718F902F051B8A3786278D6
:1050200037A8254942EA0322FFF70EF902F047B8F4
:10503000E37822791B0443EA0263627837A81343BA
:10504000A2781E4943EA0222FFF7FEF802F037B8C1
:1050500037A81B496278FFF7F7F8022D42F22F803C
:1050600037A81849A278FFF7EFF802F028B800BF78
:10507000368E0200D38E02009B9302004A89020002
:10508000D38B0200B38F0200BD8D0200E6900200B8
:10509000E7860200C68B0200E98D020096900200AE
:1050A000B7860200A6870200458A020039920200F4
:1050B00084950200A78C02003C8D0200CB87020081
:1050C000A7940200E89402007C1C325D37A8764960
:1050D00002F00F02FFF7B8F8325D37A81209BC1CC6
:1050E0007249FFF7B1F8325D37A8714902F0070243
:1050F000FFF7AAF8325D37A8D2086E4902F0030222
:10510000FFF7A2F801F0DBBF7C1C325D37A86A49CB
:1051100002F00F02FFF798F8325D37A81209BC1CA5
:105120006649FFF791F8325D37A8654902F007023A
:10513000FFF78AF8325D37A8D208624902F003020D
:10514000FFF782F801F0BBBF37A85F496278FFF72D
:105150007BF801F0B4BF627837A85C49FFF774F8B8
:10516000A27837A85A49FFF76FF837A85949E2786B
:10517000FFF76AF801F0A3BF37A857496278FFF735
:1051800063F801F09CBF37A854496278FFF75CF8D8
:1051900001F095BFA2786378120637A8504942EA19
:1051A0000322FFF751F801F08ABF627837A84D4912
:1051B000FFF74AF8A27837A84B49FFF745F823795B
:1051C000E2781B0237A849499A18FFF73DF801F029
:1051D00076BF37A846496278FFF736F801F06FBF0F
:1051E00037A844496278FFF72FF801F068BFA37829
:1051F00062781B0237A840499A18FFF725F801F09A
:105200005EBF94F8028063784FEA082898441FFA3A
:1052100088F83A494FEAD82237A8FFF715F808F47A
:10522000E062120A364937A8FFF70EF808F0F802D4
:10523000D208344937A8FFF707F808F006025208E9
:10524000314937A8FFF700F837A8304908F00102C4
:10525000FEF7FAFF042D41F232872379E4781B022E
:105260001C19A4B2E20A37A82949FEF7EDFF04F49D
:10527000E062120A37A82749FEF7E6FF04F0F802B9
:10528000D20837A82449FEF7DFFF04F006025208CF
:1052900037A82249FEF7D8FF37A8214904F00102B8
:1052A000FEF7D2FF01F00BBFF48702004288020034
:1052B000C68E020039880200BF94020038870200BF
:1052C000558C0200438E020093920200E693020086
:1052D000478D0200D4930200B7930200E78E0200CC
:1052E000AC8E0200048E0200CC8D02000E900200F3
:1052F000438F0200F29402009B8C0200F5880200AA
:10530000CC9402006D870200E4880200D994020068
:1053100076920200888B0200E3890200F18E02007F
:10532000A893020000226378674937A8FEF78CFF34
:105330004FF000086549A27837A8FEF785FFCDF841
:1053400000802279E3781202D31801930222604987
:10535000434637A8FEF778FFCDF80080A27963793D
:105360001202D318019302220123594937A8FEF7EC
:105370006BFFCDF80080227AE3791202D318022263
:10538000019337A852491346FEF75EFF1E2D41F2E6
:105390009686627A37A84F49FEF756FFA27A37A859
:1053A0004D49FEF751FFE27A37A84C49FEF74CFF12
:1053B000227B37A84A49FEF747FFCDF80080A27B41
:1053C000637B1202D31801930522434637A8404954
:1053D000FEF73AFFCDF80080227CE37B1202D3185F
:1053E00001930522012337A83949FEF72DFFCDF897
:1053F0000080A27C637C1202D31801930522022351
:1054000037A83349FEF720FFCDF80080CDF804809F
:10541000227DE37C1202D318029305226C234FF005
:10542000010937A82F49FEF70FFFCDF80090CDF8FE
:105430000480A27D637D1202D318029305226C239F
:105440004FF0020A37A82749FEF7FEFECDF800A06C
:10545000CDF80480227EE37D1202D3180293052248
:105460006C2337A81F49FEF7EFFECDF80080CDF87A
:105470000480A27E637E1202D31802930522682361
:1054800037A81849FEF7E0FECDF80090CDF804806B
:10549000227FE37E1202D3180293052237A86823E5
:1054A0001049FEF7D1FECDF800A0CDF80480A37F0F
:1054B000627F1B029B18029337A80A4905226823C2
:1054C000FEF7C2FE01F0FBBD4A8902002C880200F3
:1054D000A6860200E4910200C292020040900200FF
:1054E0007B94020026920200012263789C4937A82F
:1054F000FEF7AAFE4FF001089A49A27837A8FEF7F6
:10550000A3FECDF800802279E3781202D31801932C
:1055100002220023944937A8FEF796FECDF80080BA
:10552000A27963791202D318019302228E4943466D
:1055300037A8FEF789FECDF80080227AE3791202BF
:10554000D3180222019337A887491346FEF77CFE41
:105550001E2D41F2B485627A37A88449FEF774FEA5
:10556000A27A37A88249FEF76FFEE27A37A881490E
:10557000FEF76AFE227B37A87F49FEF765FECDF86D
:105580000080A27B637B1202D318019305220023C3
:1055900037A87549FEF758FECDF80080227CE37BE2
:1055A0001202D31801930522434637A86E49FEF72D
:1055B0004BFECDF80080A27C637C1202D3180193CD
:1055C000052202234FF0000937A86749FEF73CFE89
:1055D000CDF80090CDF80480227DE37C1202D31830
:1055E000029305226C2337A86449FEF72DFECDF8FF
:1055F0000080CDF80480A27D637D1202D31802934F
:1056000005226C234FF0020A37A85C49FEF71CFE06
:10561000CDF800A0CDF80480227EE37D1202D318DD
:10562000029305226C2337A85449FEF70DFECDF8EE
:105630000090CDF80480A27E637E1202D3180293FC
:105640000522682337A84D49FEF7FEFDCDF80080FE
:10565000CDF80480227FE37E1202D3180293052244
:1056600037A868234549FEF7EFFDCDF800A0CDF837
:105670000480A37F627F1B029B18029337A83F49D7
:1056800005226823FEF7E0FD01F019BDA2786378DA
:105690001202D2183A4937A8FEF7D6FDA2796379EB
:1056A00012061B04D218237937A81B02D218E378FC
:1056B0003449D218FEF7C8FD122D41F20085A27AB6
:1056C000637A12061B04D218237A37A81B02D21859
:1056D000E3792D49D218FEF7B7FDA27B637B120652
:1056E0001B04D218237B37A81B02D218E37A274960
:1056F000D218FEF7A9FDA27C637C12061B04D31806
:10570000227C37A812029B18E27B21499A18FEF7E7
:105710009BFD01F0D4BCA27863781202D3180093E9
:105720000222434637A81B4908F10108FEF78CFD09
:105730000234C845EFDD01F0C2BCA27863781202E2
:10574000D31800930522434637A8124908F10108EF
:10575000FEF77AFD0234C845EFDD01F0B0BC00BFB2
:105760004A890200DA8E0200A6860200F291020047
:10577000CF9202004B9402008A940200269202000B
:105780008692020098860200169102008C93020015
:10579000028F0200138A0200CDF80080A27863789D
:1057A0001202D318019305226C2337A8BB4908F1D4
:1057B0000108FEF749FD0234D045EDDD4FEA5509F9
:1057C0005FFA89F909F1010B09F10209B944BB44F7
:1057D00006EB09044FF00008CDF800802278C9EBF1
:1057E000040313F80B301202D31801930522682327
:1057F00037A8AA4908F10108FEF726FD0234D04572
:10580000EADD01F05CBCA37862781B0237A8A449EA
:105810009A18FEF719FD01F052BCA37862781B02BA
:1058200037A8A0499A18FEF70FFD01F048BCA378ED
:1058300062781B0237A89C499A18FEF705FD01F013
:105840003EBCA37862781B0237A898499A18FEF7E5
:10585000FBFC01F034BC2279E37812061B04D21859
:10586000A37837A81B02D21863789149D218FEF7A3
:10587000EBFC227AE37912061B04D218A37937A82D
:105880001B02D21863798B49D218FEF7DDFC227B0C
:10589000E37A12061B04D318A27A37A812029B18C7
:1058A000627A85499A18FEF7CFFC01F008BCA2780D
:1058B0006378120237A88149D218FEF7C5FC042D7F
:1058C00041F2FD832379E2781B0237A87C499A18BC
:1058D000FEF7BAFC01F0F3BB2279E37812061B0451
:1058E000D218A37837A81B02D21863787549D2184A
:1058F000FEF7AAFC062D41F2E283227AE379120632
:105900001B04D318A27937A812029B1862796E493A
:105910009A18FEF799FC01F0D2BBDFF8BC914FF06A
:105920000108A84581F2CB832279E37812061B0493
:10593000D218A37849461B02D218637837A8D21828
:1059400008F10408FEF780FC0434B8F1190F09F1DE
:105950001809E6D101F0B3BBDFF880914FF00108E0
:10596000A84581F2AC832279E37812061B04D21891
:10597000A37849461B02D218637837A8D21808F1D9
:105980000408FEF761FC0434B8F10D0F09F11309A6
:10599000E6D101F094BBDFF848914FF00108A8452B
:1059A00081F28D832279E37812061B04D218A37842
:1059B00049461B02D218637837A8D21808F10408A8
:1059C000FEF742FC0434B8F10D0F09F11409E6D1D9
:1059D00001F075BBDFF80C914FF00108A84581F28A
:1059E0006E832279E37812061B04D218A378494605
:1059F0001B02D218637837A8D21808F10408FEF702
:105A000023FC0434B8F10D0F09F11409E6D101F0BB
:105A100056BBDFF8D4904FF00108A84581F24F83C0
:105A20002279E37812061B04D218A37849461B0298
:105A3000D218637837A8D21808F10408FEF704FCDE
:105A40000434B8F10D0F09F11409E6D101F037BBA8
:105A5000A37862781B0237A81C499A18FEF7F4FB5A
:105A600001F02DBBA37862781B0237A818499A1859
:105A7000FEF7EAFB01F023BB2279E37812061B0450
:105A8000D318A278647812029B1837A81149012212
:105A90001B19FEF7D9FB01F012BB00BF00920200F8
:105AA000F48F0200B7900200808902005989020039
:105AB000169102008C930200028F02009C92020059
:105AC000AF920200A9910200C0910200B98E0200BB
:105AD000379402003B910200998A0200628C020016
:105AE0009788020048950200F09302002279E3783B
:105AF00012061B04D318A278647812029B1837A8E8
:105B0000974902221B19FEF79FFB01F0D8BA37A86C
:105B100094496278FEF798FB01F0D1BA9249627815
:105B200007F1020837A8FEF78FFB16F808208F4907
:105B3000120937A8FEF788FB16F8082037A88C4909
:105B400002F00F02FEF780FB032D41F2B882E278EB
:105B500037A88849FEF778FB07F10508227937A8AE
:105B60008549FEF771FB16F8082037A8920883498B
:105B7000FEF76AFB16F8082037A8814902F00302F5
:105B8000FEF762FB37A87F49A279FEF75DFB01F0C3
:105B900096BA94F8028063784FEA082898441FFA6E
:105BA00088F84FEAD82237A87749FEF74DFB08F46A
:105BB000806302229B0A37A87449FEF745FB08F46C
:105BC000007302225B0A37A87149FEF73DFB08F417
:105BD000F87302221B0937A86E49FEF735FB08F05F
:105BE0000E0302225B0837A86B49FEF72DFB022249
:105BF00008F0010337A86949FEF726FB2379E4780A
:105C00001B021C19A4B2E20A37A86549FEF71CFB67
:105C100004F4806305229B0A37A85C49FEF714FB55
:105C200004F4007305225B0A37A85949FEF70CFB00
:105C300004F4F87305221B0937A85649FEF704FB44
:105C400004F00E0305225B0837A85349FEF7FCFA5F
:105C500037A85249052204F00103FEF7F5FA01F0D6
:105C60002EBAA27863781202D21837A84D49FEF7EF
:105C7000EBFA94F804E0E3784FEA0E2E0022734426
:105C800037A84949FEF7E0FA217AE27909028A1831
:105C900094F806E063790092A17A627A09024FEAE9
:105CA0000E2E8A187344019237A800223F49FEF74E
:105CB000CBFA227BE37A0092627B37A80192A27B27
:105CC0003B4902920022FEF7BFFAA17C627C0902E6
:105CD0008A1894F810E0E37B0092217DE27C0902AF
:105CE0008A180192A17D627D09028A180292217EA2
:105CF000E27D09028A180392A17E627E09028A1857
:105D00000492217FE27E09028A180592A17F627FB8
:105D100009028A18069294F82010E27F09028A1874
:105D2000079294F8221094F8212009028A18089208
:105D300094F8241094F8232009028A18099294F800
:105D4000262094F82510120252184FEA0E2E0A92BD
:105D500037A8184900227344FEF776FA01F0AFB96C
:105D60003B910200508D0200808A0200328B0200BB
:105D7000FF890200D7870200958B0200099102007B
:105D800087910200129202006E8D02009B91020028
:105D9000118F0200D791020099940200C193020072
:105DA000D8860200458C02004A8902002187020041
:105DB000A88B0200EE8B020094F802E063784FEAB1
:105DC0000E2E0122734437A8AA49FEF73DFAA179A5
:105DD000627909028A1894F804E0E3780092217A43
:105DE000E27909024FEA0E2E8A187344019237A80D
:105DF0000122A149FEF728FAA27A637A0092E27A98
:105E000037A80192227B9D4902920122FEF71CFADB
:105E1000217CE27B09028A1894F80EE0637B0092F1
:105E2000A17C627C09028A180192217DE27C090230
:105E30008A180292A17D627D09028A180392217E4E
:105E4000E27D09028A180492A17E627E09028A1804
:105E50000592217FE27E09028A180692A17F627F65
:105E600009028A18079294F82010E27F09028A1822
:105E7000089294F8221094F8212009028A180992B5
:105E800094F8242094F82310120252184FEA0E2E90
:105E90000A9237A87A4901227344FEF7D5F901F036
:105EA0000EB994F802E063784FEA0E2E0222734492
:105EB00037A87049FEF7C8F9A179627909028A18F2
:105EC00094F804E0E3780092217AE27909024FEA3B
:105ED0000E2E8A187344019237A802226649FEF7F3
:105EE000B3F9A27A637A0092E27A37A80192227B10
:105EF000624902920222FEF7A7F9217CE27B0902A5
:105F00008A1894F80EE0637B0092A17C627C0902FF
:105F10008A180192217DE27C09028A180292A17DF1
:105F2000627D09028A180392217EE27D09028A18A5
:105F30000492A17E627E09028A180592217FE27E88
:105F400009028A180692A17F627F09028A180792C5
:105F500094F82010E27F09028A18089294F822101F
:105F600094F8212009028A18099294F8242094F8C0
:105F70002310120252184FEA0E2E0A9237A84049F7
:105F800002227344FEF760F901F099B8627837A8ED
:105F90003C49FEF759F90122A37837A83A49FEF7A0
:105FA00053F90222E37837A83749FEF74DF96379B0
:105FB000227903F001031B0237A834499A18FEF72F
:105FC00043F901F07CB8A27863781202D3180093E9
:105FD0002822002337A82E49FEF736F92279E378E4
:105FE0001202D31800932822012337A82849FEF76C
:105FF0002BF9A27963791202D31800932822022385
:1060000037A82349FEF720F9227AE3791202D31840
:1060100000935022002337A81D49FEF715F9A27AF4
:10602000637A1202D31800935022012337A818492B
:10603000FEF70AF9237BE27A1B029B18009337A82C
:10604000134950220223FEF7FFF801F038B8A27876
:1060500063781202D21837A80E49FEF7F5F82379B3
:10606000E2781B0237A80C499A18FEF7EDF801F008
:1060700026B800BF4A89020021870200A88B0200CF
:10608000EE8B0200E5870200F48602002D930200E9
:10609000F5900200118802005292020094F804E088
:1060A000E3784FEA0E6E1B049E44A3786C221B0219
:1060B0009E44637837A873449749FEF7C5F894F86F
:1060C00008E0E3794FEA0E6E1B049E44A3796C222C
:1060D0001B029E44637937A873449049FEF7B4F8D5
:1060E00094F80CE0E37A4FEA0E6E1B049E44A37A08
:1060F0006D221B029E44637A37A873448649FEF7DB
:10610000A3F894F810E0E37B4FEA0E6E1B049E4464
:10611000A37B6D221B029E44637B37A873447F4997
:10612000FEF792F894F814E0E37C4FEA0E6E1B043D
:106130009E44A37C68221B029E44637C37A8734460
:106140007549FEF781F894F818E0E37D4FEA0E6E8A
:106150001B049E44A37D68221B029E44637D37A8D6
:1061600073446E49FEF770F894F81AE0637E4FEAC4
:106170000E2E6C22734437A86949FEF765F894F82F
:106180001CE0E37E4FEA0E2E6D22734437A864496B
:10619000FEF75AF8A37F647F1B0237A86049682284
:1061A0001B19FEF751F800F08ABF94F802E06378FB
:1061B0004FEA0E2E7344682237A85A49FEF744F876
:1061C0002279E3781202D318009368226C2337A84F
:1061D0005549FEF739F8A27963791202D318009372
:1061E00068226C2337A85149FEF72EF8227AE3790A
:1061F0001202D318009368226D2337A84A49FEF78C
:1062000023F8A27A637A1202D318009368226D23CE
:1062100037A84649FEF718F8227BE37A1202D31812
:106220006822009337A813463F49FEF70DF8A27B7A
:10623000637B1202D3186822009337A813463B49A8
:10624000FEF702F894F810E0E37B4FEA0E2E734459
:106250006C2237A83349FDF7F7FFA27C637C12025A
:10626000D3186C22009337A813462F49FDF7ECFF93
:10627000227DE37C1202D3186C22009337A81346C8
:106280002A49FDF7E1FFA27D637D1202D318009336
:106290006C2207F118086D2337A82349FDF7D4FFB6
:1062A00016F80820E37D1202D31800936C226D23A8
:1062B00007F11A0937A81D49FDF7C6FF16F809208E
:1062C000637E1202D31800936C22682337A8164904
:1062D000FDF7BAFF227FE37E1202D31800936C22EF
:1062E000682337A81149FDF7AFFFA37F16F808E030
:1062F0001B026822734437A80D49FDF7A5FF94F8E7
:10630000203016F809401B0237A809496C221B19D6
:10631000FDF79AFF00F0D3BE328C02008F95020089
:10632000DC920200248F0200D78F0200428B020011
:10633000688B02006378002237A8AA4903F01F0384
:10634000FDF782FFA378012237A8A64903F01F03B7
:10635000FDF77AFFE378022237A8A24903F01F0372
:10636000FDF772FF6279237902F01F020092A27991
:1063700037A802F01F020192E2799B4902F01F0246
:10638000029203F01F030022FDF75EFF627A237A78
:1063900002F01F020092A27A37A802F01F020192B7
:1063A000E27A914902F01F02029203F01F030122D8
:1063B000FDF74AFF627B237B02F01F020092A27B63
:1063C00037A802F01F020192E27B874902F01F0208
:1063D000029203F01F030222FDF736FF00F06FBEAA
:1063E0006378002237A8814903F03F03FDF72CFFB3
:1063F000A378012237A87D4903F01F03FDF724FF8E
:10640000E378022237A8794903F01F03FDF71CFF48
:106410006279237902F03F020092A27937A802F054
:106420003F020192E279724902F03F02029203F0C8
:106430003F030022FDF708FF627A237A02F01F0271
:106440000092A27A37A802F01F020192E27A68490C
:1064500002F01F02029203F01F030122FDF7F4FE77
:10646000627B237B02F01F020092A27B37A802F01E
:106470001F020192E27B5E4902F01F02029203F0CA
:106480001F030222FDF7E0FE00F019BE0022637830
:1064900037A85849FDF7D8FE0122A37837A85549F7
:1064A000FDF7D2FE0222E37837A85249FDF7CCFE71
:1064B0000022237937A85049FDF7C6FE01226379EF
:1064C00037A84D49FDF7C0FE37A84B490222A379F2
:1064D000FDF7BAFE00F0F3BD94F8028063784FEA4E
:1064E000082898441FFA88F84FEAD8330093052209
:1064F000002337A84149FDF7A7FE08F4F043DB125B
:1065000000930522002337A83D49FDF79DFE08F4BE
:10651000E0631B1200930522002337A83949FDF7D9
:1065200093FE08F08003DB1100930222002337A8BA
:106530003249FDF789FE08F07803DB100093022250
:10654000002337A82E49FDF77FFE08F007030093CC
:106550000222002337A82B49FDF776FE2379E47841
:106560001B021C19A4B24FF000084FEAD4390522CF
:10657000682337A8244904F4F04A4FEAEA2A8DE850
:10658000000304F4E064FDF75FFE0522682337A8EA
:106590001E4924128DE80005FDF756FE682337A832
:1065A0001B490522CDF800800194FDF74DFE052220
:1065B00037A86D2314498DE80003FDF745FE052239
:1065C0006D2337A811498DE80005FDF73DFE37A87A
:1065D0000F4905226D23CDF800800194FDF734FEAC
:1065E00000F06DBDB18C02006689020032890200A4
:1065F000C39002004C8E02007D8B020005930200C6
:10660000659402004F90020005870200528A020042
:10661000118E020094F8028063784FEA08289844AB
:106620001FFA88F84FEAD83300930522012337A8D0
:10663000B549FDF709FE08F4F043DB12009305228B
:10664000012337A8B149FDF7FFFD08F4E0631B12F1
:1066500000930522012337A8AD49FDF7F5FD08F0A9
:106660008003DB1100930222012337A8A649FDF71E
:10667000EBFD08F07803DB1000930222012337A81A
:10668000A249FDF7E1FD08F0070300930222012370
:1066900037A89F49FDF7D8FD2379E4781B021C1920
:1066A000A4B24FF001084FEAD4390522682337A875
:1066B000984904F4F04A4FEAEA2A8DE8000304F40A
:1066C000E064FDF7C1FD0522682337A89249241232
:1066D0008DE80005FDF7B8FD682337A88F4905222E
:1066E000CDF800800194FDF7AFFD052237A86D239A
:1066F00088498DE80003FDF7A7FD05226D2337A823
:1067000085498DE80005FDF79FFD37A883490522DF
:106710006D23CDF800800194FDF796FD00F0CFBC0D
:1067200094F8028063784FEA082898441FFA88F8A2
:106730004FEAD83300930522022337A87249FDF7A8
:1067400083FD08F4F043DB1200930522022337A8EF
:106750006E49FDF779FD08F4E0631B1200930522F2
:10676000022337A86A49FDF76FFD08F08003022273
:10677000DB11009337A813466349FDF765FD08F068
:1067800078030222DB10009337A813465F49FDF718
:106790005BFD022208F00703009337A813465C490B
:1067A000FDF752FD2379E4781B021C19A4B24FF0C7
:1067B00002084FEAD4390522682337A8554904F462
:1067C000F04A4FEAEA2A8DE8000304F4E064FDF79A
:1067D0003BFD0522682337A84F4924128DE80005A8
:1067E000FDF732FD0522682337A84C49CDF800801B
:1067F0000194FDF729FD6D2337A8464905228DE850
:106800000003FDF721FD052237A86D2342498DE8DD
:106810000005FDF719FD37A8404905226D23CDF885
:1068200000800194FDF710FD00F049BC94F802E0EF
:1068300063784FEA0E2E2822734437A83849FDF7B3
:1068400003FD94F804E0E3784FEA0E2E2822734407
:1068500037A83449FDF7F8FC94F806E063794FEA6D
:106860000E2E5022734437A82D49FDF7EDFC237AF4
:10687000E4791B0237A82B4950221B19FDF7E4FCD1
:1068800000F01DBCA27863780092E2782521019285
:1068900022791DA8029262790392A2790492E27988
:1068A0000592227A0692627A0792A27A0892E27A96
:1068B0000992227B0A92627B0B92A27B0C92E27B72
:1068C0000D92227C0E92184AEBF38AF637A81749EC
:1068D0001DAAFDF7B9FCF2E37C1C325D37A8144910
:1068E00002F07F02FDF7B0FC325D37A81149D209F2
:1068F000FDF7AAFCE3E3A378627837A80E4942EAE1
:106900000322FDF7A1FCDAE305930200659402007F
:106910004F90020005870200528A0200118E020089
:106920004C910200148902003A3E01006891020075
:10693000B29402006692020070910200A37862781D
:1069400037A8944942EA0322FDF77EFCB7E3E378D7
:1069500022791B0443EA0263627837A81343A278C2
:106960008D4943EA0222FDF76FFCA8E3E378227920
:106970001B0443EA0263627837A81343A27887496D
:1069800043EA0222FDF760FC99E3E37822791B04D5
:1069900043EA0263627837A81343A278804943EA46
:1069A0000222FDF751FC8AE3A378627837A87D497B
:1069B00042EA0322FDF748FC81E3A378627837A816
:1069C000794942EA0322FDF73FFC78E3A378627835
:1069D00037A8764942EA0322FDF736FC6FE3A37835
:1069E000627837A8724942EA0322FDF72DFC66E37C
:1069F00094F801905FEA990900F061834FF0000874
:106A0000A179E279090294F803E041EA024162794E
:106A100023790A434FEA0E2E4EEA034EA3780092E2
:106A2000617AA27A090241EA0241227A37A80A432E
:106A30000192217B627B090241EA0241E27A4EEA3D
:106A400003030A4302925B49424608F10108FDF73D
:106A5000FBFB0C34C845D3DB31E337A856496278D9
:106A6000FDF7F2FB2BE337A854496278FDF7ECFB06
:106A700025E3227AE17923791143A27994F803E09E
:106A8000114362794EEA030EA3780A434EEA030EDD
:106A900063780092227BE17A4EEA03031143A27AE3
:106AA00037A81143627A0A430192227CE17B1143A9
:106AB000A27B1143627B0A43029241490022FDF707
:106AC000C3FB227EE17D237D1143A27D94F813E078
:106AD0001143627D4EEA030EA37C0A434EEA030E85
:106AE000637C0092227FE17E37A81143A27E4EEAAA
:106AF00003031143627E0A43019294F82020E17F50
:106B00001143A27F0A43617F0A4302922C4901226A
:106B1000FDF79AFBD3E2A37864781B021C19A4B298
:106B200004F00F0300932822002337A82549FDF71E
:106B30008BFB04F0F0031B1100932822012337A8DC
:106B40002049FDF781FB04F470631B120093282297
:106B5000022337A81B49FDF777FB37A81A492822DB
:106B6000E30BFDF771FBAAE22179E27809028A18AA
:106B700094F802E063780092A279617912025218C7
:106B80004FEA0E2E019237A8104900227344FDF7F8
:106B90005BFB94E2D38802003F930200579302000C
:106BA0006F930200588E02006D8E0200828E0200EA
:106BB000978E02006890020024910200D48902009E
:106BC000798D0200998D0200ED9202005387020038
:106BD0002179E27809028A1894F802E06378009239
:106BE000A179627909028A180192217AE27909026F
:106BF0008A180292A17A627A09028A180392217B8A
:106C0000E27A09028A180492A17B627B09028A183F
:106C10000592217CE27B09028A180692A17C627CA3
:106C200009028A180792217DE27C09028A180892DB
:106C3000A17D627D09028A180992227EE17D1202FD
:106C400052184FEA0E2E0A9237A87B49002273444D
:106C5000FDF7FAFA33E22179E27809028A1894F80A
:106C600002E063780092A179627909028A180192A0
:106C7000217AE27909028A180292A17A627A0902DB
:106C80008A180392217BE27A09028A180492A17B76
:106C9000627B09028A180592217CE27B09028A182C
:106CA0000692A17C627C09028A180792217DE27C0F
:106CB00009028A180892A17D627D09028A18099248
:106CC000227EE17D120252184FEA0E2E0A9237A858
:106CD0005A4900227344FDF7B7FAF0E12179E278CE
:106CE00009028A1894F802E063780092A179627927
:106CF00009028A180192217AE27909028A1802921D
:106D0000A17A627A09028A180392217BE27A090247
:106D10008A180492A17B627B09028A180592217C61
:106D2000E27B09028A180692A17C627C09028A1819
:106D30000792217DE27C09028A180892A17D627D7A
:106D400009028A180992217EE27D09024FEA0E2E7D
:106D50008A180A927344002237A83949FDF774FA59
:106D6000217FE27E09028A1894F81AE0637E00927D
:106D7000A17F627F09028A18019294F82010E27FB5
:106D800009028A18029294F8221094F8212009022C
:106D90008A18039294F8241094F8232009028A1880
:106DA000049294F8261094F8252009028A18059276
:106DB00094F8281094F8272009028A18069294F86B
:106DC0002A1094F8292009028A18079294F82C10A6
:106DD00094F82B2009028A18089294F82E1094F83F
:106DE0002D2009028A18099294F8302094F82F1067
:106DF000120252184FEA0E2E0A9237A810490122A9
:106E00007344FDF721FA5AE1A37862781B0237A890
:106E10000C499A18FDF718FA51E137A80A49627827
:106E2000FDF712FA4BE1A378627837A8074942EAE6
:106E30000322FDF709FA42E14F8802008C89020023
:106E4000FE940200458C0200018802007E87020049
:106E5000E2782379120442EA03626378217A1A43C2
:106E6000E379207B1B0443EA0163617994F802C053
:106E70000B43E17A94F806E0090441EA0061607A84
:106E800042EA0C220143A07A43EA0E2341EA0021A0
:106E90000091E17B207C090441EA0061607B0143B1
:106EA000A07B41EA00210191E17C207D090441EAB7
:106EB0000061607C0143A07C41EA00210291E17DF8
:106EC000207E090441EA0061607D0143A07D41EA22
:106ED00000210391E17E207F090441EA0061607E88
:106EE0000143A07E41EA00210491E17F94F8200053
:106EF000090441EA0061607F0143A07F41EA00216B
:106F0000059194F8231094F82400090441EA0061E3
:106F100094F82100014394F8220041EA00210691EF
:106F200094F8270094F82810000440EA016094F8CF
:106F30002510014394F8260041EA0021079137A863
:106F40008249FDF781F9BAE0E2782379120442EA36
:106F500003626378217A1A43E379207B1B0443EAB6
:106F60000163617994F802C00B43E17A94F806E07A
:106F7000090441EA0061607A42EA0C220143A07AE6
:106F800043EA0E2341EA00210091E17B207C0904C1
:106F900041EA0061607B0143A07B41EA002101914D
:106FA000E17C207D090441EA0061607C0143A07C12
:106FB00041EA00210291E17D207E090441EA00615D
:106FC000607D0143A07D41EA00210391E17E207FA5
:106FD000090441EA0061607E0143A07E41EA00218C
:106FE0000491E17F94F82000090441EA0061607F88
:106FF0000143A07F41EA0021059194F8231094F801
:107000002400090441EA006194F82100014394F846
:10701000220041EA0021069194F8270094F82810F4
:10702000000440EA016094F82510014394F826001A
:1070300041EA0021079137A84549FDF705F93EE0EF
:107040000B2D3CD1A37862781B02D21837A8414996
:10705000FDF7FAF82379E2781B02D21837A83E49E7
:10706000FDF7F2F8A37962791B02D21837A83B49E1
:10707000FDF7EAF8237AE2791B02D21837A83849DB
:10708000FDF7E2F8A27A637A120237A835499A1816
:10709000FDF7DAF813E0E37822791B0443EA026390
:1070A000627837A81343A2782F4943EA0222FDF7FA
:1070B000CBF804E00022149201E00123139310990D
:1070C0007B19FF297DF463A9159A01321592159B4E
:1070D0001B998B427DF453A9119A511C03D037A8F8
:1070E0002249FDF7B1F89DF89C3023B137A820491B
:1070F00027AAFDF7A9F8169B0A2B0CD800201D49DA
:10710000ECF3A4F038B9139929B937A81A49139A9E
:10711000FF23FDF799F8389A002302F8013B449BBE
:107120001A9800931299189B3892FDF76DF804464F
:107130001298F0F317F201E06FF0010420463BB023
:10714000BDE8F08F01211391B9E700BFC28C0200A6
:10715000FF8C02004F8F0200638F0200778F0200C6
:107160008B8F02009F8F02002C8E02001D90020068
:10717000F4890200468902009C8702002DE9F04F45
:107180008DB0059205468A4606A80021142298462D
:107190000B91EBF3BFF1594B1C78002C40F0A3800E
:1071A0006B69232B0CDD1C222846214623460094C4
:1071B000F5F388F2002806DA01260227B14605E039
:1071C0000427012601E00C270326A1462846F5F3F3
:1071D0000BF20128834602D0022813D105E028468D
:1071E0005146EBF3CBF040000BE02846FCF7A1FF43
:1071F000044638B1FCF793FFC20503D52046FCF7DF
:1072000093FF0B900B9800284ED0F0F399F10446B1
:1072100000286ED0BBF1010F03D0BBF1020F1BD1D0
:107220000BE00B9B002101930290059A28465346E0
:1072300000910391EBF3A0F00CE00B9A0CAB520819
:1072400043F8042D284601212246FCF7A6FF0B9B9C
:107250005B000B93002840D122884FF6FD73013A62
:1072600092B29A4203D92046F0F37CF11CE0B9F1C6
:10727000000F03D004EB4707069719E0E319628873
:107280000693A388A7F5805707EB12221B0602EB93
:107290001343E3180793E388DB19E3180893238962
:1072A000DF19E719099703E0154B0024069301261F
:1072B000169A5046009206A932464346FDF716F844
:1072C00050B9169B28461A68D8F8001001F038FD0E
:1072D000D8F800200B4B1A6014B12046F0F342F1AD
:1072E000064A01231370169B0020C8F8000018609E
:1072F00001E06FF01A000DB0BDE8F08F29610100C8
:10730000608B02008893020030B51946039B049CF1
:1073100043B14CB100251D6025600394BDE83040A9
:10732000FFF72CBF184630BD204630BD014B002270
:107330001A70704729610100F8B50C4F06463C6889
:107340008CB101250BE0284600212C46E6F7C6FF4C
:1073500020B128463146E6F7BBFF04E001353B6823
:107360009D42F0D900242046F8BD00BF2C610100E9
:1073700010B5847801462046E6F7B0FF28B12046D4
:107380000021E6F7A5FF002010BD4FF0FF3010BD33
:1073900070B50C4E0D46306880B90B49E6F798FF82
:1073A000012404E020460021E6F792FF013433680F
:1073B0009C42F7D9034B28461D6070BD4FF0FF304B
:1073C00070BD00BF2C610100ADDEADDE064B1A685A
:1073D000194632B1012300E001339342FCD9002366
:1073E0000B600020704700BF2C6101002DE9F047C1
:1073F0000C461668824615460846842200219846A7
:107400009DF82470EBF386F02046FFF795FFC0B29D
:10741000002832D0012323709DF82030A070003363
:1074200018BF0123E3703C233C2EB4BFB1464FF09C
:107430003C09A4F80E806770A381002615E0504631
:1074400041463A46F0F390F030B96368002B0CBF28
:107450006FF01A0000200BE0A3780136C370636858
:10746000436123896060013323814E45E7DB0020BF
:10747000238963812B60BDE8F0874FF0FF30BDE8C2
:10748000F087F8B506460C4600250BE07B693046D0
:10749000636000237B61FB703946E278F0F386F08D
:1074A0000135ADB26768002FF0D1238920465B1B00
:1074B000238163895D1B6581FFF75AFFA7702770E1
:1074C0003846F8BD10B5C37C032B08D09C1D00EBDB
:1074D000C40401336160A260C374002010BD4FF08A
:1074E000FF3010BD2DE9F84311F01F0618BF01262B
:1074F00006EB511707F107094FEA890948460D467F
:1075000001F01F08F0F31CF0044600283BD00021D6
:107510004A46BFB2EAF3FEF76780A580E580A46023
:1075200021462246002303E04FF0FF3090610133F3
:107530000432BB42F8D356B14FF0FF3202FA08F8DA
:107540007B1D04EB83035A6882EA08025A6017F035
:107550001F0318BF012307F01F0003EB57172780F5
:10756000002203E04FF0FF358D6001320431BA4252
:10757000F8D343B14FF0FF338340013704EB870763
:107580007A6853407B602046BDE8F8830846EFF3F5
:10759000E9B7436B23B14FF47F629A60436B05E018
:1075A000836B4BB14FF47F629A60836B9868D0F124
:1075B000010038BF002070470120704703460020BB
:1075C00001E00130C0B25B08FBD170470B6843F4A7
:1075D00040330B6008680B6800F4403023F44033FC
:1075E0000B60A0F54031484240EB0100704708B500
:1075F000416B09B9816B21B1806AFFF7E7FF012078
:1076000008BD084608BD2DE9F047DDF820801F8839
:10761000099D1046894614461E46394642462B4669
:10762000EFF38EF48246E8B1012313FA07F72B68D3
:10763000013BDB19B3FBF7F35F43631EDB195F40CC
:1076400017EA090F0ED02046FFF7B8FF30805046EA
:10765000EFF380F43188204642462B46BDE8F047E0
:10766000EFF36EB45046BDE8F08770B500230129F2
:107670000CBFB0F84620B0F86C2086B00493B0F888
:107680004430120101290446ADF816300D46806AD7
:1076900041F6FF7329D104AED4F8C410009604F16A
:1076A0005C060196994214BF4FF480314FF40051AB
:1076B00004F150060DF116030296FFF7A4FF00280F
:1076C00040D0BDF81630E26D15FA03F3511EC9180B
:1076D000B1FBF3F14B43A3659B1A9BB2C018A4F80E
:1076E0006030049BE06363662BE004ADD4F8CC10FB
:1076F000009504F184050195994214BF4FF480313F
:107700004FF4005104F178050DF116030295FFF7CF
:107710007AFFB8B1BDF81630012515FA03F3D4F895
:107720008420511EC918B1FBF3F14B43C4F88030DB
:107730009B1A9BB2C018A4F88830049B2064C4F83C
:107740008C30284606B070BDFFF78FBF2DE9F74F8C
:107750008DE803000EAEE02014469A460D9F96E891
:10776000400ADDF84C80EFF3EBF60546002800F008
:1077700079810021E022EAF3CDF69A4B0021B8F19D
:10778000000F08BF98460A46C5F81C802046F4F34F
:107790008BF70C9BC0F30030AB63934B03212B6042
:1077A000002285F83000C5F834A02846EDF3F8F53E
:1077B000082205F120000199EAF384F7002385F8F7
:1077C0002730009BEC62AB62BBF1FF3F14BF5B460E
:1077D000CC23B9F1CC0F88BFC3EB0909C5F89830A9
:1077E000BDF84430A5F84670C5F89C309DF8483087
:1077F000A5F86C60C5F8A0300C9BA5F89490002B00
:1078000045D0AA6B1368D80704D523F00103136091
:10781000AA6B1360AB6B4FF0FF329A602046F4F313
:1078200045F740F63C03984212D1E86AF4F34EF76C
:10783000052809D0E86AF4F349F7082804D0E86A73
:10784000F4F344F70C2803D1AB6B4FF0FF329A608E
:10785000AB6B9A681205120D1AB15A6842F00F020A
:1078600001E041F6FF72C5F8CC201A6802F4E0127C
:10787000920C85F8B5201A6802F46002520D85F862
:10788000BA201B6803F040731B0E85F8BB30BAF1B9
:10789000000F4DD06A6B1368D90704D523F001039C
:1078A00013606A6B13606B6B4FF0FF329A60E86A8B
:1078B000F4F3FCF640F63C03984212D1E86AF4F384
:1078C00005F7052809D0E86AF4F300F7082804D082
:1078D000E86AF4F3FBF60C2803D16B6B4FF0FF3230
:1078E0009A606B6B9A681205120D1AB15A6842F0D1
:1078F0000F0201E041F6FF72C5F8C420C5F8C820A8
:107900001A6802F4E012920C85F8B6201A6802F4A4
:10791000E072920985F8B7201A6802F46002520DED
:1079200085F8B8201B6803F040731B0E85F8B9304A
:1079300062680023012AC5F8A430C5F8AC3018D11C
:10794000A268B2F5026F03D040F63C018A4202D130
:107950004FF0004303E04FF08042C5F8A420C5F883
:10796000A830D5F8A430C5F8AC30D5F8A830C5F8A3
:10797000B0302046F4F39AF640F62903984208D135
:107980002046F4F3A3F620B12046F4F39FF6022834
:107990000FD92046F4F38AF640F6340398420CD10E
:1079A0002046F4F393F620B12046F4F38FF6012835
:1079B00003D1002385F8313004E02846FFF717FE95
:1079C00085F831002846FFF7E4FD85F8B40068B17A
:1079D0000D23FF2FA5F844300CD8FF2E09D80C2317
:1079E00005E000BF906101008C5001000423A5F860
:1079F00044304FB1BC002046EFF3A2F5E86468B311
:107A000000212246EAF386F54EB1B4002046EFF39A
:107A100097F5686710B300212246EAF37BF527B19A
:107A200028460121FFF790FEC0B126B12846022169
:107A3000FFF78AFE90B1D5F8A4305BB195F83130EC
:107A400043B9AB6DB3F1804F08D8D5F88030B3F1AE
:107A5000804F03D8012385F8DD3003E02846EDF39D
:107A6000F9F400252846BDE8FE8F00BF10B5044696
:107A7000F5F38CF2002120460A46F4F315F6C30410
:107A800007D5204601F0DBFA00280CBF202040205B
:107A900010BD202010BD2DE9F0470446266A09A933
:107AA000042E666A9DF82000CCBF06F4781606F412
:107AB000F01691E82202760C4FF000084BE031F806
:107AC00028A01FFA83FCE24501EB880703D197F851
:107AD00002C0844504D008F101085FFA88F83AE052
:107AE000002A35D006FB08F800252EE06369204601
:107AF000222B0ADDE3695A0607D540F6270100224A
:107B0000F4F342F70146204600E000214FF4CC6236
:107B1000F4F3DAF5056063692046222B0ADDE36998
:107B20005B0607D540F627010022F4F32DF7014646
:107B3000204600E0002140F26462F4F3C5F509EB51
:107B4000880353F8253001350360EBB2B342CDD33F
:107B5000F878BDE8F087A845B1D30020BDE8F087EC
:107B60002DE9F84304461E46002B00F0B480436A1A
:107B700002EB061503F4F8594FEA192955F8043CAD
:107B8000013E0BB900279FE020469847002800F0EF
:107B90009E80F7E70122BA4055F8103C1A4200F0E7
:107BA000928063692046222B0ADDE3695A0607D5D5
:107BB00040F627010022F4F3E7F60146204600E0F4
:107BC00000214FF4C462F4F37FF5076015F90C2C23
:107BD00022B1012A19D0013275D144E063692046EF
:107BE000222B09DDE3695B0606D540F62701F4F395
:107BF000CBF60146204600E0002140F22462F4F377
:107C000063F555F8083C03605DE063692046222B6C
:107C10000ADDE369590607D540F627010022F4F38F
:107C2000B3F60146204600E0002140F22462F4F35E
:107C30004BF563698046222B20460ADDE3695A062C
:107C400007D540F627010022F4F39EF601462046B0
:107C500000E0002140F22462F4F336F555F8083CC8
:107C6000026813432DE063692046222B0ADDE36995
:107C70005B0607D540F627010022F4F385F601469E
:107C8000204600E0002140F22462F4F31DF5636910
:107C90008046222B20460ADDE369590607D540F6C7
:107CA00027010022F4F370F60146204600E000218F
:107CB00040F22462F4F308F555F8082C036823EA2F
:107CC0000203C8F8003001374F457FF463AF103D21
:107CD000002E7FF453AFBDE8F883000070B59D49D6
:107CE00004460020EBF38EF2002800F031810020E2
:107CF0009849EBF387F2974905460020EBF382F2AF
:107D0000944906460020EBF37DF215F0006500F083
:107D1000AC804FF40012002113462046E6F741FDE7
:107D20000222062113462046F4F344F663692046F6
:107D3000222B0ADDE3695A0607D540F62701002207
:107D4000F4F322F60146204600E000214FF4C16220
:107D5000F4F3BAF40668002506F480761BE04FF4CD
:107D60007A70EFF3DBF063692046222B0ADDE369CA
:107D70005B0607D540F627013246F4F305F60146C7
:107D8000204600E000214FF4C162F4F39DF4066840
:107D9000013506F480761EB9B5F57A7FDFD170BD66
:107DA000B5F57A7F00F0D4804FF47A70EFF3B6F037
:107DB0000822062113462046F4F3FCF50023062191
:107DC00004222046F4F3F6F54FF47A70EFF3A6F0B0
:107DD00063692046222B0ADDE369590607D540F680
:107DE00027010022F4F3D0F50146204600E00021EF
:107DF0004FF4C062F4F368F40568002605F001054D
:107E00001BE04FF47A70EFF389F063692046222B70
:107E10000ADDE3695A0607D540F627010022F4F38C
:107E2000B3F50146204600E000214FF4C062F4F3B0
:107E30004BF40568013605F001051DB1B6F57A7FF2
:107E4000DFD102E0B6F57A7F03D120460621082271
:107E500079E029464FF480122B462046E6F7A1FC34
:107E60002046062101222B466EE0730170D54FF4A7
:107E70008012134629462046E6F793FC012206218C
:107E800013462046F4F396F54FF47A70EFF346F07C
:107E90000422062113462046F4F38CF5062108221D
:107EA0002B462046F4F386F54FF47A70EFF336F064
:107EB00063692046222B0ADDE3695E0607D540F69A
:107EC00027012A46F4F360F50146204600E0002130
:107ED0004FF4C062F4F3F8F30668002506F00106DB
:107EE0001BE04FF47A70EFF319F063692046222B00
:107EF0000ADDE369590607D540F627013246F4F357
:107F000043F50146204600E000214FF4C062F4F33F
:107F1000DBF30668013506F001061EB9B5F57A7F78
:107F2000DFD102E0B5F57A7F03D120460621042295
:107F300009E000214FF400120B462046E6F731FC21
:107F40002046062102220023BDE87040F4F332B53A
:107F500070BD00BF6853010046F29053994210B5BE
:107F6000044609D049F21823994207D0B1F5964F3B
:107F70000CBF1F23002302E02A2300E03C2305213D
:107F8000FF222046E6F779FC4FF400020621134653
:107F90002046E6F73CFC1E20EEF3C0F72046062103
:107FA0004FF400020023BDE81040E6F730BC0000AB
:107FB000F0B5036A466A042BCCBF06F4781606F4C3
:107FC000F01685B00446760C00253BE0102168468B
:107FD0001F4A2B46EAF304F300206946EBF336F11F
:107FE00000282ED000210A46EAF3CCF66369074642
:107FF000222B20460ADDE369590607D540F6270102
:108000000022F4F3C1F40146204600E000214FF4C1
:10801000CC62F4F359F3056063692046222B0ADD34
:10802000E3695A0607D540F627010022F4F3ACF4C1
:108030000146204600E0002140F26462F4F344F37C
:1080400007600135EBB2B342C0D305B0F0BD00BF4D
:10805000D5950200F0B5036A85B0042B0446466A44
:1080600003DD06F0F866B60D02E006F0F076760D58
:1080700000253BE0102168461F4A2B46EAF3B0F288
:1080800000206946EBF3E2F000282ED000210A46DA
:10809000EAF378F663690746222B20460ADDE36996
:1080A0005A0607D540F627010022F4F36DF4014685
:1080B000204600E000214FF4CB62F4F305F30560A5
:1080C00063692046222B0ADDE3695B0607D540F68B
:1080D00027010022F4F358F40146204600E0002175
:1080E00040F25C62F4F3F0F207600135EBB2B342A8
:1080F000C0D305B0F0BD00BF0C990200F0B5036A13
:1081000085B0042B0446466A01DDF60E02E006F057
:10811000F056760E00253BE0102168461E4A2B469D
:10812000EAF35EF200206946EBF390F000282ED0CF
:1081300000210A46EAF326F663690746222B204609
:108140000ADDE3695B0607D540F627010022F4F358
:108150001BF40146204600E000214FF4CA62F4F30C
:10816000B3F2056063692046222B0ADDE3695906F4
:1081700007D540F627010022F4F306F40146204615
:1081800000E0002140F25462F4F39EF207600135F2
:10819000B542C1D105B0F0BD1B990200004870473F
:1081A000C0AD3A022DE9F04304460F4685B00020E9
:1081B000904915461E46EBF325F060B92046394636
:1081C00015B1FFF7EBFF07E0FFF7E8FF4FF47A7513
:1081D000B0FBF5F500E0054600208749EBF312F00F
:1081E00000F00F00012808D0022809D0834B844AF0
:1081F000032814BF9146994604E0DFF8149201E089
:10820000DFF8109229462046FFF7A6FE2046F4F339
:1082100055F2002180462046F5F300F0794B0246E6
:10822000002E4BD101930323029339462046324658
:108230002B460096CDF80C90FFF72DFC0746002842
:1082400037D063692046222B0ADDE3695B0607D538
:1082500040F627013246F4F397F30146204600E04A
:1082600000214FF4C062F4F32FF20268BF004FF612
:108270008373134007F07C0205F17F07FF09013F7C
:1082800042EA07471F4363692046222B0ADDE36960
:10829000590607D540F627010022F4F375F301468D
:1082A000204600E000214FF4C062F4F30DF20760B5
:1082B00096E029465448EAF353F192E000218DE814
:1082C0000A0003230293204639462B46CDF80C9032
:1082D000FFF7E1FB002D00F083802046E6F774F8FD
:1082E000064606E0AB4203D16369222B07DC12E0AD
:1082F0000C36002E74D03388002BF3D170E0E36984
:108300005A0608D540F6270120460022F4F33CF334
:108310000146204601E0204600214FF4C062F4F3FC
:10832000D3F10268B37802F07C02B3EB920F57D01E
:108330003579F3782D061B0505F0706503F470039D
:1083400000214FF07F622B432046E6F796FA7379BF
:1083500002211B052D4A43F400332046E6F78DFA2F
:10836000B3686FF07F42032113402046E6F785FA99
:1083700063692046222B0ADDE3695B0607D540F6D8
:1083800027010022F4F300F30146204600E000211B
:108390004FF4C062F4F398F102684FF683733588A6
:1083A0001340B2787F35ED119200013D02F07C025E
:1083B00042EA05451D4363692046222B0ADDE36935
:1083C0005E0607D540F627010022F4F3DDF20146F0
:1083D000204600E000214FF4C062F4F375F105601F
:1083E000012620464146F4F319F7304605B0BDE8B2
:1083F000F08300BFEC950200745301008C51010022
:108400000C52010006970200A39502000000FE1F17
:1084100080530100F85301002DE9F04399468BB0D9
:108420000023079308930993036A476A042BCCBF80
:1084300007F4781707F4F01704460D4690467F0CB2
:1084400000260CE0102103A8334A3346EAF3C8F0B3
:10845000002003A9EAF3FAF620B90136F6B2BE42CB
:10846000F0D34EE008AB009309AB019320462946B8
:10847000424607ABE6F7C0FB012329464A462046A1
:10848000FFF790FE20462946FFF792FD236A012B55
:108490002CDD63692046222B0ADDE3695E0607D5E1
:1084A00040F627010022F4F36FF20146204600E077
:1084B00000214FF4C062F4F307F163690646222BF2
:1084C00020460ADDE369590607D540F62701002258
:1084D000F4F35AF20146204600E000214FF4C06256
:1084E000F4F3F2F0036843F480633360089B2046A2
:1084F0000093099B294601934246079BE6F7D4F86F
:1085000007E0204629464A460023FFF74BFE002895
:10851000A8D10BB0BDE8F083D59502002DE9F04F4E
:10852000002587B004460E4604950595F4F3C6F081
:10853000294683462046F4F371F6A149824628462F
:10854000EAF384F648B1012384F8603329462A46C9
:10855000EAF318F4C4F85C0301E084F86003002037
:108560009849EAF373F648B10123002184F868338F
:108570000A46EAF307F4C4F8640301E084F86803E8
:108580002046F3F3F5F7904B676A98428F4B94BF00
:1085900020252125A3F1080898BF984607F4F8572D
:1085A0003F0A08EBC50863692046222B0ADDE36910
:1085B0005A0607D540F627010022F4F3E5F10146FB
:1085C000204600E000214FF4C462F4F37DF018F877
:1085D000083C013D036063692046222B0ADDE36904
:1085E0005B0607D540F627010022F4F3CDF10146E2
:1085F000204600E000214FF4C562F4F365F058F81E
:10860000043CA8F108080360002DCCD147E0082104
:1086100002A86F4A2B46E9F3E3F7002002A9EAF328
:1086200015F600283AD000210A46EAF3ABF3236A94
:1086300080460C2B07DDB0F5803F04D2C3B24FEA71
:10864000102843EA084863692046222B0ADDE369C3
:10865000590607D540F627010022F4F395F10146AB
:10866000204600E000214FF4C462F4F32DF00560D1
:1086700063692046222B0ADDE3695A0607D540F6D6
:1086800027010022F4F380F10146204600E000219A
:108690004FF4C562F4F318F0C0F800800135BD4214
:1086A000B5D1204631464B4A1F23FFF759FA002522
:1086B0003EE00821484A2B4602A8E9F391F7002042
:1086C00002A9EAF3C3F58146002830D06369204649
:1086D000222B0ADDE3695B0607D540F6270100225D
:1086E000F4F352F10146204600E000214FF4C46249
:1086F000F3F3EAF7056063692046222B0ADDE3699C
:10870000590607D540F627010022F4F33DF1014652
:10871000204600E0002140F22462F3F3D5F7002167
:1087200080460A464846EAF32DF3C8F800000135B2
:10873000BD42BED1204604A905AAE5F70FFF049F5C
:1087400052463B463146002520460095E5F752FE4D
:10875000384304902046F4F347F4059A049B002A1A
:108760003CD01A4363690592222B20460ADDE36957
:108770005A0607D540F627012A46F4F305F10146CB
:10878000204600E0002140F21C62F3F39DF763698C
:108790000546222B20460ADDE3695B0607D540F635
:1087A00027010022F4F3F0F00146204600E000210A
:1087B00040F21C62F3F388F7059B02683AE000BFC1
:1087C000C595020000970200BFAD3A020096020074
:1087D000E79502001C970200E2950200002B2BD0C7
:1087E00063692046222B09DDE369590606D540F668
:1087F0002701F4F3C9F00146204600E0002140F2D1
:108800001C62F3F361F763690546222B20460ADDFB
:10881000E3695A0607D540F627010022F4F3B4F0C5
:108820000146204600E0002140F21C62F3F34CF7C1
:10883000049B026813432B60049BABB16369204621
:10884000222B0ADDE3695B0607D540F627010022EB
:10885000F4F39AF00146204600E000214FF4C36291
:10886000F3F332F7049B0360059BABB163692046C9
:10887000222B0ADDE369590607D540F627010022BD
:10888000F4F382F00146204600E0002140F21C6231
:10889000F3F31AF7059B0360314652462046E6F78C
:1088A0007EF94FF4FA60EEF339F320465946F4F3BB
:1088B000B5F407B0BDE8F08FF8B5044615460E468E
:1088C000F3F3FCF6002107462046F4F3A7F4314603
:1088D00002462B462046FFF79FFD204631462A469A
:1088E000E5F7D8FD20463946BDE8F840F4F396B4E4
:1088F00038B5036A0446012B2DD14369222B0ADDCA
:10890000C3695A0607D540F627010022F4F33CF06C
:108910000146204601E0204600214FF4C062F3F3F7
:10892000D3F663690546222B20460ADDE3695B0620
:1089300007D540F627010022F4F326F00146204631
:1089400000E000214FF4C062F3F3BEF6036823F4A5
:1089500000732B6038BD2CDD4369222B0ADDC3690F
:10896000590607D540F627010022F4F30DF0014621
:10897000204601E0204600214FF4C062F3F3A4F644
:1089800063690546222B20460ADDE3695A0607D5AE
:1089900040F627010022F3F3F7F70146204600E0F6
:1089A00000214FF4C062F3F38FF6036843F40073C1
:1089B0002B6038BD70470120704738B505460C461E
:1089C000FFF79CFB284621460022FFF7F3FF2846CD
:1089D0002146BDE83840FFF781B9000038B50446AC
:1089E0000D4600203149EAF331F440B100210A4636
:1089F000EAF3C8F12946C3B20122204603E020462B
:108A0000294601220523E5F78BFF00202849EAF3D8
:108A10001DF448B100210A46EAF3B4F12946C3B275
:108A200009222046E5F77CFF00202249EAF30EF4F4
:108A300048B100210A46EAF3A5F12946C3B205224E
:108A40002046E5F76DFF00201B49EAF3FFF348B12C
:108A500000210A46EAF396F12946C3B206222046CF
:108A6000E5F75EFF002120464FF478624FF438634B
:108A7000E5F7CDFE002120464FF460424FF420433D
:108A8000E5F7C5FE4FF4C022002113462046E5F766
:108A9000BEFE0122002120461346E5F7B8FE20461F
:108AA0002946BDE83840FFF7D5BA00BF129702004B
:108AB000DB95020012990200CA95020038B5036ADC
:108AC0000446092B69DD4369222B0ADDC3695B0675
:108AD00007D540F627010022F3F356F7014620465A
:108AE00001E0204600214FF4C062F3F3EDF5026887
:108AF00012F0010253D163692046222B09DDE3699C
:108B00005D0606D540F62701F3F33EF70146204601
:108B100000E0002140F26C62F3F3D6F54FF0004321
:108B200003604FF47A70EEF3F9F163692046222B6B
:108B30000ADDE369590607D540F627010022F3F361
:108B400023F70146204600E0002140F26C62F3F377
:108B5000BBF505686369ED04ED0C222B20460ADDA8
:108B6000E3695A0607D540F627010022F3F30CF714
:108B70000146204600E0002140F26C62F3F3A4F5C8
:108B80006D030023036005F54245064805F5A87509
:108B9000B5FBF0F56420684338BD002038BD0020E7
:108BA00038BD00BFA086010038B500210546102061
:108BB000E3F7A0FF002104461022E9F3ABF465605F
:108BC000204638BD08B1E4F71DB8704710B504461B
:108BD000E4F706F96060E0602068E7F716FA63687A
:108BE000A0F50060206118180123A060237610BD55
:108BF00038B50546F4F3CAF11C20EEF3A1F4084C95
:108C000000211C222060E9F385F420680560FFF74D
:108C1000DDFF044922682846BDE83840E6F726BC57
:108C200090040000D93F00002DE9F84F0C46F4F302
:108C3000ADF141F20100E568EEF382F400287CD04A
:108C400000F1010C064620E001321970D2B2434611
:108C500039783D460137C1B13D2903F10108F3D10F
:108C6000327029464646002203E001323770D2B204
:108C7000664611F8017FC3EB0508B04406F1010C0C
:108C8000002FF2D11A7008F10105E768A368FB18FC
:108C90009D4205D22B781BB12F4663460022D7E7B1
:108CA00025460123E2688346BA1A2A823BE05946E8
:108CB00011F8012B9A4202D14FF0000C0AE0102B60
:108CC0002AD10F2AF8DC27E01BF8018F07F80C8067
:108CD0000CF1010C6245F7D101EB0208895C07EB4E
:108CE000020C4FF03D0907F8029008F1010B0CF15E
:108CF000010701F10109002203E018F802A00CF8B5
:108D000002A001324A45F8D17A184FF0000C07F85A
:108D100001C08B44571C06E011F802B001EB020CB5
:108D20000BF1010BE344B345C1D301330235112BE1
:108D3000B8D1BDE8F84FEEF315B4BDE8F88F0000E8
:108D4000F8B50E4617460446F4F320F13020EEF352
:108D5000F7F3054668B1C660074E302343603368B9
:108D60008760036029462046FFF75EFF35600020DC
:108D7000F8BD6FF01A00F8BD9404000008B5064B6A
:108D80001B683BB9054B196821B1054B1A680AB13C
:108D9000FFF7D6FF002008BD94040000985C010096
:108DA0009C5C0100F8B5104B07461C681E46BCB120
:108DB000E3689BB10D4D2A689A420FD1F4F3E6F0B7
:108DC000E068EEF3CFF300232B6007E03846256818
:108DD000F4F3DCF02046EEF3C5F32C46002CF5D17D
:108DE00000233360F8BD00BF9404000088930200A4
:108DF00073B5856E04466DB1D0F8CC3000EB8303BB
:108E0000D3F8D420036E9A4203D1406EA84705469A
:108E100000E000252046F3F351F4002302A941F8B5
:108E2000083D06466946204601AA0DF0C1FE9DE8B0
:108E300006004FF4FF20E9F3E9F220463146F4F34F
:108E4000EDF1E36E5BB1D4F8CC2004EB8202D2F8F2
:108E5000D410226E914202D1606E294698477CBDA3
:108E6000F8B50446F0F3BAF000284FD0A56E6DB106
:108E7000D4F8CC3004EB8303D3F8D420236E9A4289
:108E800003D1606EA847054600E000252046F3F3B5
:108E900015F4002107462046F4F3C0F101210646EF
:108EA00000222046F0F3BAF04FF480110A46204623
:108EB000F0F396F040210A462046F0F3A5F04FF07B
:108EC00080710A462046F0F38BF02046FFF790FFB2
:108ED0000F4B0121C6F804354FF4FC73C6F8083572
:108EE0000A462046F0F39AF020463946F4F396F10C
:108EF000E36E5BB1D4F8CC2004EB8202D2F8D4103C
:108F0000226E914202D1606E29469847F8BD00BF9B
:108F1000F200394001207047C36B44F2583293424B
:108F20000DD004D844F25632934218D112E04AF6DA
:108F30002E22934208D04AF62F2293420FD1C0F836
:108F400084334AF6322303E0C0F884334AF63123EF
:108F5000C3637047C0F8843344F25433C36370472B
:108F600038B541F2E443044603630D4629B108468F
:108F70000F49EAF347F1A06240B928460D49EAF3E8
:108F800041F1A06210B94FF6FF73A3620A49284667
:108F9000EAF338F10949E0622846EAF333F1084977
:108FA00060632846EAF32EF184F8550038BD00BF0F
:108FB0002D9902002399020064990200439902004E
:108FC0004E9902007047000030B585B00190002432
:108FD00004A840F8044D01A90422E9F317F2019D09
:108FE000B5B12B46D3F88C2012B10022C3F88C20E7
:108FF00001340433102CF5D10398FEF797F9039848
:10900000FFF7D0FE034B9D4202D02846EEF3AAF2B2
:1090100005B030BDE46101000367D0F8CC3010B575
:1090200000EB8303029CD3F8D43044668166C266A9
:10903000036610BD00238366C366036770478069BB
:10904000C0F3C06070472DE9F84304461E46089DF2
:10905000099FFAF761FC00212046F4F3DFF0804617
:109060002046F3F333F30A28C8BFD8F82C306061E8
:10907000C8BFA3642228D8F80430C8BFD8F8AC20F1
:10908000A361C8BFE261DA001CD5222814DDE369C0
:109090005B0611D50022204640F62701F3F374F455
:1090A00001462046F4F3BAF0D0F80436002163629A
:1090B0002046F4F3B3F002E0D8F80436636294F883
:1090C000243023624FF4E063A3604FF0FF33E3608A
:1090D00011232361A1464FF0000817E04146F4F345
:1090E0009DF02046F3F3E2F22046F3F3EFF21EB1D7
:1090F000D9F814319E4203D0D9F88C309F4201D167
:10910000C5F8008008F1010809F10409D4F8D0304D
:1091100020469845E2D32968F4F380F00120BDE8A9
:10912000F883F7B5002213460D4601210446E5F702
:1091300038FB0021282207460B4620460091F3F316
:10914000C1F20646280709D0204601210622F3F382
:1091500067F6204602210622F3F362F615F0F00FBF
:1091600004D0204600210222F3F35AF615F4706F62
:109170000ED0204600210122F3F352F601210A46C7
:109180002046F3F34DF6204602210122F3F348F680
:1091900001213B4620464FF0FF32E5F702FB204617
:1091A000002128224FF0FF330096F3F38BF2FEBD2F
:1091B0000020EAF327B0000010B50C490446FFF781
:1091C000F7FF80B288B9D4F880000849EAF31AF0B2
:1091D00080B250B9D4F880000549EAF313F04FF695
:1091E000FF7380B2002808BF184610BD6D990200B9
:1091F0007B990200436907B50A2B09DD003118BFCE
:1092000001210091242200210123F3F35BF201E00C
:109210004FF0FF300EBD07B50021F8220B4600913C
:10922000F3F350F200F00F000EBD00002DE9FF47F0
:10923000DDF830809246DDF834900F464FF46372CB
:10924000002104461E460E9DB8F1010F08BF4FF0E5
:109250000008E9F35FF111232361C4F88860C4F8C2
:109260005C90C4F858A0C4F80480B8F1000F40F036
:10927000C580204641463A464B46FFF74BFE002844
:1092800000F0C0804FF0C0531A68130F02F4702131
:10929000236093B202F47002120D626444F25832F9
:1092A000090C9342E36321640AD004D844F2563295
:1092B000934208D104E0A3F52A432E3B012B02D8A8
:1092C0002046FFF729FE636C20460E3B012B8CBF26
:1092D0000023012384F84C304FF0C0513A46FAF78E
:1092E00093F9D4F8D030002B00F08A80002704AB2B
:1092F00043F8047D8DE8480020464FF0C0513A46BF
:109300003B46FFF7A0FE00287CD02046FFF736FD45
:109310000F9B00950193204639463246A36DFDF719
:10932000F3FF002870D105B12D683A4E204629463A
:10933000FFF716FE3278002A42D16369132B19DD3C
:109340004FF400612046F3F35BF7334907462846A4
:10935000E9F37CF738B128462F49E9F353F7B0F128
:10936000FF3F08BF00200023BB650399F865204636
:10937000F3F354F72046A16DFFF7BAFA2046A16D2A
:10938000FFF71BFB28462549E9F33CF7024620B9C5
:109390002046A16DFFF792FB0246C4F88823A16D19
:1093A0002046FFF789FA2046FFF75AFD2046A16DB7
:1093B000FFF7B4F82046A16DFFF710FB01233370CF
:1093C0002046F3F3E1F528461549E9F33FF738B1B4
:1093D00013492846E9F316F701462046FFF7A1FE98
:1093E00028461049E9F332F778B128460D49E9F3E8
:1093F00009F701462046FFF7E5FD06E0002404E0FA
:109400001C4602E0044600E03C46204604B0BDE8AD
:10941000F08700BFE06101003E9902005B99020005
:1094200073990200349902001FB50F4C024623784D
:10943000BBB910B90346014601E00C4B191D0020D1
:109440000090019002930391094844F210714FF08B
:10945000C053FFF7EBFE28B1064B20221A60012310
:109460002370034804B010BD706501006462010000
:10947000E4610100A00400002DE9FF4707464FF416
:109480006370884691469A460D9E0E9DEEF358F005
:109490000446C8B10C9B3946019342464B46CDF871
:1094A00000A002960395FFF7C1FE074620B92046AB
:1094B000EEF358F03C4607E006B13668C4F8806029
:1094C00005B12D68C4F88450204604B0BDE8F0878B
:1094D00070B5064686B04FF4BC70EEF331F004462A
:1094E000E8B100214FF4BC72E9F314F00D4B266093
:1094F00000930D4B0025019330680C490C4A23461C
:10950000029503950495059500F0D8FE30B94FF407
:109510009663C4F8603184F8640100E02C4620466C
:1095200006B070BDA53881005D3D8100D8D28800AD
:109530003CC5890010B5044650B103680549186858
:10954000224600F060FE2046BDE81040EEF30AB06F
:1095500010BD00BF3CC589002DE9F041054686B02D
:109560008020EDF3EDF70446002844D0002180224E
:10957000E8F3D0F704236360B4232560A381A046F9
:10958000C5F85847274600260EE01C2202FB06427B
:109590003C61A8681B4910320023FAF36DF338626E
:1095A0001C3700282BD0013663689E42EDDB164B3A
:1095B00016490093002301930293039304930593A8
:1095C0002868134A234600F079FEC0B913E0D8F8A2
:1095D000201031B123689868FAF336F30023C8F8F5
:1095E0002030013508F11C0863689D42EFDB2046FE
:1095F000EDF3B8F70024204606B0BDE8F081002561
:10960000F2E700BF49488100A94681007CD3880069
:109610007F3F890070B5044600281ED003680F49BB
:109620001868224600F0EFFD254600260DE0296A65
:1096300029B123689868FAF307F300232B62E869DD
:1096400008B1EDF38FF701361C3563689E42EEDBFF
:109650002046BDE87040EDF385B770BD7F3F8900BF
:1096600010B50446C06F08B1FFF764FFD4F884005A
:1096700008B107F0C1FED4F8800008B1FFF7CAFFB7
:10968000D4F8B00008B100F013F9A06808B101F0F7
:10969000E3F92046BDE81040EDF364B72DE9F04F43
:1096A00007468DB0B8208A4690461D46179EEDF3BA
:1096B00047F70446002800F0A0804FF0000B00217F
:1096C000B822E8F327F7266084F88CB03846FFF715
:1096D0006BFA0BABC4F8A8B02A46019006938146FA
:1096E00041F2E44120463346CDF800B0CDF808A061
:1096F000CDF80C800494CDF814B001F05DFA054665
:10970000002875D0A06010F06FDA2B691021E3609B
:109710003C4B6060A3643C4A33462761646438462E
:10972000E8F35EF72B69D86FF2F356F749F6981312
:1097300098422B69D86F06D8F2F34EF708210346FA
:10974000324A09A805E0F2F347F7314A03460821F7
:1097500009A8E8F345F7314609AA2E4B2E48E8F34D
:10976000FFF63246002016992C4B8DE88001F8F761
:10977000A9FB064600283BD16368012783F878706F
:1097800008210A46286930F0D5DA36213A46D5F85C
:109790009802EFF730FD2846FFF7DEFEC4F88000A0
:1097A00030B3284607F0F6FDC4F8840000B328461D
:1097B000FFF78EFEE067D8B16368194983F8E0705F
:1097C000184B02968DE84800039604960596286883
:1097D000154A234600F072FD50B9284600F032F8D1
:1097E000C4F8B00020B111482146EDF3A9F120B131
:1097F00020464946FFF734FF002420460DB0BDE85F
:10980000F08F00BFBD888100DB550100E0550100ED
:109810004D4989004039010081990200FD8D810088
:109820002CD58800198A810058FB8900F5898100B0
:1098300001207047024B01221A70E3F763BA00BFA0
:10984000FC03000070B5064686B02020EDF37EF6DE
:109850000446F0B100212022E8F35CF64FF4E15316
:10986000E3804B2323810A2363810E4B266000256E
:10987000009330680C490D4A2346019502950395E3
:109880000495059500F01AFD30B93368012283F87C
:109890006321204606B070BD2046EDF363F62C46EA
:1098A000F7E700BF7D9A81008CD58800C04B890006
:1098B00010B5044678B1FBF309F323682246186813
:1098C000054900F0A0FC2046EDF34CF62368002289
:1098D0001B6883F8632110BDC04B89000368D3F86F
:1098E000D42041F26B03116B99420BD1936AEF2B99
:1098F00028D001D8D62B04E0F52B23D040F20F114D
:109900008B421FD0936A40F2C65293421AD040F263
:109910007452934216D0036A7F2210E0482283F8E3
:10992000FD2006E002F0C002921102EB810183F8F3
:10993000FD10036A93F9FD20142A0BDC482283F8FA
:10994000FD207047036A93F8FD104AB2B2F1FF3F61
:10995000E8D1E3E77047D0F8E81110B5044629B123
:109960008068FAF371F10023C4F8E831D4F80012EA
:1099700029B1A068FAF368F10023C4F80032D4F8E2
:109980008434D3F8301139B1A068FAF35DF1D4F81A
:1099900084340022C3F83021D4F8501329B1A068D0
:1099A000FAF352F10023C4F85033D4F8541529B116
:1099B000A068FAF349F10023C4F85435D4F8F4153B
:1099C00029B1A068FAF340F10023C4F8F435D4F8C3
:1099D000C41729B1A068FAF337F10023C4F8C437DB
:1099E00010BD10B50446006807F0D8F8D4F880061A
:1099F00020B106F021F80023C4F88036D4F87C06A4
:109A000020B106F049FA0023C4F87C36D4F89C0152
:109A100020B108F089FE0023C4F89C31D4F88C01F1
:109A200020B101F025FE0023C4F88C31D4F84001A8
:109A300020B102F069FF0023C4F84031D4F854018A
:109A400020B1FEF3FFF30023C4F85431D4F8300101
:109A500020B102F019FC0023C4F83031D4F83401ED
:109A600020B102F0C1F90023C4F83431D4F8380130
:109A700020B102F01BFB0023C4F83831204602F06D
:109A8000D5FAD4F84C0120B106F0BAFA0023C4F894
:109A90004C31D4F8480120B108F078FD0023C4F817
:109AA0004831D4F8440120B106F032F90023C4F85B
:109AB0004431D4F85C0120B108F016FA0023C4F850
:109AC0005C31D4F82C3113B10023C4F82C31D4F814
:109AD000600120B104F0B4F90023C4F860312046DD
:109AE00008F0AAFA204605F09FFFD4F8500120B1F3
:109AF00005F0FAFF0023C4F85031D4F8700120B10A
:109B000001F09EFC0023C4F87031D4F8780120B134
:109B100004F0A8FC0023C4F87831D4F87C0120B10B
:109B200007F06CFE0023C4F87C31D4F8740120B136
:109B300008F072FD0023C4F87431D4F8840120B118
:109B400001F01CFC0023C4F88431D4F8880120B152
:109B500004F0E2FB0023C4F88831D4F8780420B183
:109B600007F0F4FC0023C4F87834D4F87C0420B166
:109B700007F02EFD0023C4F87C34D4F8800420B113
:109B800007F0C0FD0023C4F88034D4F8940120B15C
:109B900008F0A2FE0023C4F89431D4F8640820B180
:109BA00008F0F6FE0023C4F86438D4F8F80620B1B3
:109BB00008F040F90023C4F8F836D4F89C0620B128
:109BC00004F0E2FE0023C4F89C36D4F8A00620B1CD
:109BD00001F060FD0023C4F8A036D4F8CC0620B113
:109BE00004F0BAFE0023C4F8CC36D4F8D40620B171
:109BF00004F0F4FC0023C4F8D436D4F8D00620B125
:109C000008F084FA0023C4F8D036D4F8600820B1F4
:109C100007F0D6FE0023C4F86038D4F8DC0620B183
:109C200007F0FEFB0023C4F8DC36D4F8BC0608B10C
:109C300005F081FDD4F8C00608B105F07CFDD4F82C
:109C4000A00120B103F0F8FE0023C4F8A031D4F83D
:109C5000F00620B106F0C2F90023C4F8F036D4F8BB
:109C6000300720B1EDF37EF40023C4F83037D4F888
:109C7000A40620B105F03AFD0023C4F8A436D4F8B8
:109C8000940620B104F070FF0023C4F89436D4F891
:109C9000240120B108F06CF80023C4F82431D4F872
:109CA000280120B103F0A6FD0023C4F82831D4F820
:109CB000880420B106F0A8FA0023C4F88834D4F848
:109CC000E80520B104F0D2FD0023C4F8E835D4F84B
:109CD000380620B1F9F7CEFF0023C4F83836204605
:109CE000BDE8104004F0D4BB70B5D0F884340568EA
:109CF00001220446A3F89020D5F8D8003C49E9F3A6
:109D0000A5F240B1D5F8D8003949D4F88464E9F314
:109D100079F2A6F89000D4F884346422A3F84A209B
:109D2000D5F8D8003349E9F391F240B1D5F8D8001D
:109D30003049D4F88464E9F365F2A6F84A00D4F80F
:109D400084346422A3F84C20D5F8D8002A49E9F3DA
:109D50007DF240B1D5F8D8002749D4F88464E9F3FE
:109D600051F2A6F84C00D4F884346422A3F892206F
:109D7000D5F8D8002149E9F369F240B1D5F8D80007
:109D80001E49D4F88464E9F33DF2A6F89200D4F8B1
:109D900084340122A3F89620D5F8D8001849E9F3B5
:109DA00055F240B1D5F8D8001549D4F88464E9F3E8
:109DB00029F2A6F89600D4F884340422A3F89E2051
:109DC000D5F8D8000F49E9F341F240B1D5F8D800F1
:109DD0000C49D4F88464E9F315F2A6F89E00D4F88F
:109DE00084346422A3F894200122A3F8982070BD43
:109DF000079A0200239A0200E3990200749B020072
:109E0000CD990200B5990200F7B5036A044693F9AB
:109E1000FC00421C2CD0236893F87C200A2A02D82C
:109E2000FEF308F225E0D3F8D85014492846E9F3A8
:109E3000E9F113498DF804002846E9F3E3F11149EB
:109E40008DF805002846E9F3DDF100258DF80600C0
:109E50002E4601AF7857FEF3EDF176B2E8550135A5
:109E6000B042A8BF0646032DF6B2F2D1304600E05C
:109E70000820236A83F8FC00FEBD00BFF5990200AC
:109E8000FB990200019A02000368D0F8842470B59F
:109E9000D3F8D8500323D371D0F884240446137226
:109EA000D0F88424444982F8AD30D0F88424284680
:109EB00082F8AE30E9F3A6F140B220B928463F4916
:109EC000E9F3A0F140B2431E0E2B0CD80128D4F8C0
:109ED000842401D1002302E0022804D10123D3719C
:109EE000D4F884241372D4F8843493F81C210AB172
:109EF0000322DA7132492846266AE9F383F186F8AB
:109F0000FC002046FFF780FF2E492846266AE9F329
:109F100079F186F8FD002046FFF7E0FC236A93F80C
:109F2000FD2083F8FE20216841F26B02D1F8D43085
:109F3000186B904229D1226A92F9FC00082824DC8F
:109F40009B6AD12B12D0E92B10D0902B0ED08B2BEB
:109F50000CD08D2B01D10D2315E0932B0AD1B1F834
:109F60007A301B051B0DB3F5826F01DC18230AE064
:109F70001B2308E08E2B01D1102304E0D62B01D047
:109F8000E42B02D1172382F8FC30236840F274528C
:109F9000D3F8D4309B6A934203D040F2C652934226
:109FA00007D1236A93F9FC20082A02DC172283F8E0
:109FB000FC20012070BD00BF579A02001F9A0200CA
:109FC000959B0200519A020010B504461C49806816
:109FD00022460023F9F350F6C4F8E80170B3A068F4
:109FE000184922460023F9F347F6C4F8000228B3C3
:109FF000A068154922460023F9F33EF6C4F8500341
:10A00000E0B1A068114922460023F9F335F6C4F8FF
:10A01000540598B1A0680E4922460023F9F32CF6A6
:10A02000C4F8F40550B10023A0680A492246F9F3A8
:10A0300023F6C4F8C407003018BF012010BD00BFCC
:10A04000713D82005D01820075EF81001DFD810080
:10A05000CD378200A5CF810070B5FF2204460123D1
:10A0600084F8732484F8DB2241F20101D4F88424BB
:10A0700000260376A4F858146420032184F84005D0
:10A0800084F8763484F87264D171D4F8842440F66C
:10A090002A151172A4F85A54A4F85C54A4F85E541A
:10A0A000A4F86054A4F86254A4F86454A4F8665464
:10A0B000A4F86E1440F62B150221A4F86854A4F8F5
:10A0C000701407250421A4F86A54A4F86C14A4F8A9
:10A0D0002E06A4F8686384F82062A4F82C6684F83D
:10A0E000346284F8236284F8216284F8F26484F88C
:10A0F000B06284F8276521684FF0FF3081F8533053
:10A1000048632168204681F84130216881F8423057
:10A11000216881F8D160216881F84360216884F862
:10A120000E6284F80F62C4F8506681F8943021689A
:10A1300081F8F530216881F8F430216881F89D308C
:10A14000216881F83431216881F86931216881F80A
:10A150002861216881F86161216881F86A6122685B
:10A16000966684F8643384F8653392F84F10890753
:10A1700018BF82F8523003230125002284F8DC3115
:10A1800084F8E4314FF44873A4F8343584F850650A
:10A19000A4F84E2584F8DC5505F096DD052384F8F7
:10A1A0002036236884F8206184F8585683F81151CA
:10A1B00023684FF0FF31A4F87017A4F8541884F8FE
:10A1C000736784F8A15784F8B05783F84251236825
:10A1D00083F84351236883F85C61236883F86451F2
:10A1E000236883F86651236883F86B51236883F8EA
:10A1F0006751236883F86851236883F83B612368BB
:10A20000C3F83C6170BD2DE9F0470F469246002827
:10A2100034D00468002C35D04FF00008C14628E047
:10A22000D4F8C40239464044E8F300F2E8B9D4F85F
:10A23000C8324FEA890653F82930534515D1D4F86E
:10A24000C43243445D6B013D5D63EDB91846294658
:10A250003822E8F35FF1D4F8C802294680190422B5
:10A26000E8F358F12846BDE8F08709F1010908F143
:10A270003808236893F8B4309945D1DB6FF01D009E
:10A28000BDE8F0876FF01D00BDE8F087F8B5002548
:10A290000F4606682C4608E0D6F8C4023946401935
:10A2A000E8F3C4F1383538B10134336893F8B43089
:10A2B0009C42F1DB6FF01D042046F8BD2DE9F0470C
:10A2C0008A461146984691460468FFF7DFFF031E51
:10A2D00005DA2368002693F8B42035463BE0D4F82D
:10A2E000C822382042F82380D4F8C42200FB03207F
:10A2F000436B013343630020BDE8F087D4F8C432D8
:10A3000006F138019F5D98191FBB49461F22E8F3EB
:10A31000D9F1D4F8C4320C999E19089BC6F820A034
:10A32000B362099B384673620A9BF3620B9B3363EB
:10A33000D4F8183743F8351003EBC5020D9B536072
:10A34000736B01337363D4F8C83243F82580BDE8DA
:10A35000F08701350E469542D0DB6FF01500BDE861
:10A36000F0872DE9F04107680C4615469846D7F866
:10A37000CC02002604E003689C420BD0064600692C
:10A380000028F8D111E0002303610EB1306101E033
:10A39000C7F8CC02069B80E83001C3600020BDE80E
:10A3A000F0816FF01500BDE8F0811420EDF3C8F0E6
:10A3B0000028E8D1F5E7000013B500230446009318
:10A3C00021460068194AFFF7CCFF014658BBD4F874
:10A3D00088040322164B05F07FFF014618BBD4F812
:10A3E00088040222134B05F077FF0146D8B9D4F850
:10A3F00088040522104B05F06FFF014698B9D4F888
:10A40000880406220D4B05F067FF014658B9D4F8C1
:10A41000880408220A4B05F05FFF002814BF4FF0A4
:10A42000FF30002001E04FF0FF301CBDC9A38100C8
:10A430002DCC8100B12C8200F92E8200FD4E00004F
:10A4400029FD8100026810B5D2F8CC0200230EE08D
:10A450000468A14209D101690BB1196101E0C2F898
:10A46000CC12EDF37FF0002010BD034600690028F8
:10A47000EED16FF01D0010BD41F2E443984208D1C7
:10A480000023064A9A5A8A4205D00233B3F58C7FDC
:10A49000F7D1002070470120704700BF5C9A02008E
:10A4A0002DE9F043D0F854530021C82287B0044668
:10A4B0002846E8F32FF06423EB85032385F860300A
:10A4C00000220123D4F858014FF4805139F042D8CA
:10A4D000FF28074605D1236A186919684DF094D9F9
:10A4E0000746236A6F860021A4F85674204607F4B5
:10A4F0006057B3F808801E680CF008DBB7F5205FE2
:10A5000005F1380908D0B7F5C05F07D0B7F5805F0F
:10A5100014BF0A27142702E0A02700E02827002103
:10A52000FF238DE80A00D4F88434029003971B7946
:10A5300042460493484633465BF07ADA236893F840
:10A540004F309A0703D0EB8843F02003EB8007B02D
:10A55000BDE8F08382B010B514246143D0F8D44232
:10A5600003936350059B60184360069B0261836000
:10A57000049BC360BDE8104002B0704730B503686B
:10A580000446DB6985B09A6D4068D4F83C16DB6DF3
:10A59000F9F738FBC4F83806002800F0DE812046C1
:10A5A00004F068F9C4F8E805002800F0D9812046D5
:10A5B00005F04AFEC4F88804002800F0D481204643
:10A5C00003F048F9C4F82801002800F0CF812046A4
:10A5D00007F098FBC4F82401002800F0CA81204647
:10A5E00004F0D6FCC4F89406002800F0D18120467F
:10A5F00005F08EF8C4F8A406002800F0CC812046AF
:10A6000004F0F2FE002840F0C981204604F04EFF1D
:10A61000002840F0C381204604F076FF002840F077
:10A62000BD81204604F0D4FF002840F0B7812046C9
:10A6300005F00AF8002840F0B181204605F020F826
:10A640000546002840F0AA810321D4F8A4060A4652
:10A6500005F054F9C4F8BC06002800F0A281D4F833
:10A66000A40602212A4605F049F9C4F8C0060028CC
:10A6700000F09A812946C04AC04B204600950194BB
:10A6800007F084FBBE4B1A1D07CA1B688DE8070044
:10A69000082122462046FFF75DFF206806F062FA97
:10A6A000204606F065FFC4F87804002800F07F819A
:10A6B000204606F0A7FFC4F87C04002800F079814A
:10A6C000204607F035F8C4F88004002800F07381B4
:10A6D000204601F063FEC4F81805002800F06D81E3
:10A6E000A84B2046C4F8543101F0E8FDC4F830010D
:10A6F000002800F06481204601F0A0FBC4F834017A
:10A70000002800F05E81204601F000FDC4F8380109
:10A71000002800F05881204601F092FC002840F00B
:10A720005581204607F092FBC4F85C01002800F038
:10A730005081204607F06CF9C4F86008002800F04A
:10A740004A8120682146A2688F4B03F0CBFEC4F8F3
:10A750009802002800F04181204603F0BBFBC4F8BA
:10A760006001002800F03B81884B2046C4F82C3162
:10A7700005F000FBC4F84401002800F032812046B7
:10A7800007F01EFFC4F84801002800F02C81204685
:10A7900005F074FCC4F84C01002800F02781204625
:10A7A00002F0D6F8C4F84001002800F021812368A7
:10A7B000012283F8A120204604F0EAF8C4F89C06A0
:10A7C000002800F01781204607F09EFB002840F08B
:10A7D0001381204605F0E4F9C4F85001002800F088
:10A7E0000D81204605F004F9002840F0098120463B
:10A7F00000F03CFEC4F87001002800F00381204600
:10A8000003F09AFDC4F87801002800F0FD8020468E
:10A8100007F010F8C4F87C01002800F0F88020460A
:10A8200007F010FFC4F87401002800F0F380204600
:10A8300000F0BAFDC4F88401002800F0ED80204645
:10A8400003F034FDC4F88801002800F0E7802046BA
:10A8500007F0BEFFC4F89401002800F0E180204614
:10A8600000F06AFEC4F88C01002800F0DB8020466E
:10A8700007F070FFC4F89C01002800F0D580204646
:10A8800069F094DE60B1204608F036F8C4F8640838
:10A89000002800F0C9802368012283F8322102E0F9
:10A8A000236883F83201204607F08EFAC4F8F806D0
:10A8B000002800F0BB80204605F002FBC4F87C06AF
:10A8C000002800F0B580204605F0C4F8C4F88006E2
:10A8D000002800F0AF80204607F03EFCC4F8D00608
:10A8E000002800F0A9802368012283F8A3202046D5
:10A8F00000F0E2FEC4F8A006002800F09F80204689
:10A9000003F0D4FFC4F8CC06002800F0998020465C
:10A9100003F08AFEC4F8D406002800F09380204695
:10A9200006F08EFDC4F8DC06002800F08D80236858
:10A9300093F869313BB1204603F09CF8C4F8A001BC
:10A94000002800F08380204605F022FBC4F8F006C2
:10A9500000280CBF7620002079E04FF4967076E056
:10A9600040F22D1073E04FF4977070E040F22F101A
:10A970006DE04FF498706AE019348200E53382008C
:10A98000389A0200EFBEADDE41FF8100EFBEAD0D93
:10A9900040F231105BE04FF4997058E040F2411002
:10A9A00055E040F2471052E04FF4A4704FE02420ED
:10A9B0004DE025204BE0262049E02A2047E03120C9
:10A9C00045E0322043E040F2F51040E04FF4FB70E8
:10A9D0003DE035203BE0BD2039E0392037E03C2028
:10A9E00035E03E2033E040F26D2030E03F202EE0A5
:10A9F00043202CE06A202AE0472028E0492026E076
:10AA0000482024E04A2022E040F2E5201FE040F206
:10AA1000E6201CE04B201AE05A2018E05B2016E0EC
:10AA20005E2014E05F2012E0632010E065200EE05D
:10AA300008480CE067200AE06C2008E06E2006E081
:10AA40006F2004E0702002E0722000E0732005B067
:10AA500030BD00BF50464D00F8B50446002800F058
:10AA6000A6800FF099D9D4F8F415D0F1010638BFBB
:10AA7000002621B1A068F9F37BF000B90136204629
:10AA8000D4F82C1305F00CDF2046D4F8DC1405F0C4
:10AA900007DF2046D4F8341305F002DFD4F8400372
:10AAA00008B1ECF35FF5D4F8980220B103F070FD23
:10AAB0000023C4F89832276AB96911B1204661F0C1
:10AAC0009BD80025BD61D4F86432595911B1204694
:10AAD00032F098DA0435202DF5D1D4F8580103F07E
:10AAE000B3FA2046FEF737FFD4F8180520B101F07D
:10AAF00031FC0023C4F818352046FEF772FF2046CB
:10AB000002F042FA23688619D3F8D41031B1606894
:10AB100002F035FA23680022C3F8D4202368D3F862
:10AB2000D80028B1ECF31EF523680022C3F8D82022
:10AB3000D4F8D05204E02846EF68ECF313F53D4614
:10AB4000002DF8D12146C4F8D0522068FFF77AFCD6
:10AB5000206818492246FFF756FBD4F8640118B163
:10AB600007F09EF8C4F86451D4F89C0220B1ECF3CD
:10AB7000F9F40023C4F89C32D4F8F80448B1ECF39B
:10AB8000F1F40023C4F8F83403E02046616815F0BE
:10AB900037D8D4F89422002AF7D104F5C6600C30D7
:10ABA000F8F7B2FF2046616801F08AF800E0064637
:10ABB0003046F8BDDD5601002DE9F04F91B000247C
:10ABC00091461B9E9DF868200790DDF878B02046DE
:10ABD000099198460892DDF880A00C940D940E948B
:10ABE000E3F792FB484631461C9A1D9BCDF800B016
:10ABF0000CF031F8054608B1012376E3FEF71AFEA2
:10AC00000DAB01930EAB0293484631461C9A1D9B37
:10AC1000CDF800B002F0AEF9074618B901230C9345
:10AC2000044688E30D9848B1AA49E8F30FF328B128
:10AC300029462A46E8F3A6F01FFA80F91F9B304602
:10AC4000009341460CAA4B4601F06CF804460028DC
:10AC500000F0898305680E9A46600D9BC5F8DC20DC
:10AC6000D0F88424FF21C5F8D470C5F8D83082F814
:10AC70006010426A0023C261079A0D938260964A6F
:10AC8000C5F80C80C5F8A4206E610E93012280F8EF
:10AC90004226D0F8E022C0F8A4B163F31722C0F82E
:10ACA000E022089A414685F8212080F8CF3103231D
:10ACB00080F84135FFF7D0F9236804F5C662DB69F7
:10ACC0006068196E0C32F8F7E2FE0746002840F083
:10ACD00032832046394605F007D820460799324688
:10ACE000434606F045FFC4F8640108B90F23FCE2AF
:10ACF0007A4B28468DE88800794B7A4904937A4B41
:10AD00007A4A0593234602970397FFF7D7FA08B1CB
:10AD10001023EAE2089B1C9A8DE848001D9B0292D2
:10AD20000393204609994A464346CDF810B002F0F5
:10AD30001DFA0C90002840F0FE822369D86FFEF7C0
:10AD40006AFAA4F84006B4F8AA010DF0CFD9003091
:10AD500018BF01200A3054F820300AA92362206964
:10AD60002FF0FCDF00283DD10A9B0746C4F8B03124
:10AD700039460FAA204604F0ADDC39462046BDF81E
:10AD80003C20013704F0AADC062FF1D14FF44073C8
:10AD9000C5F8E8302A23C5F8B8303223C5F8BC30EE
:10ADA00036234FF47D62C5F8C43040F2D453A5F881
:10ADB000CA20A5F8C0304FF45D72002385F8B67044
:10ADC000A5F8C82084F89437D5F8B830842B02D978
:10ADD0008423C5F8B8304FF40470ECF3B1F3C4F831
:10ADE0009C0208B9142380E24FF404720021E7F3B7
:10ADF00091F322460023D2F8A002D4F89C12043228
:10AE000041F82300D4F89C1251F823108B710133C0
:10AE1000042BF0D1012385F89330236A1869EEF7EB
:10AE2000A1FF00F0010085F85400236A1869EEF7CD
:10AE300099FFC0F3C00085F855002946204607F069
:10AE4000EDF92B49D5F8D800E8F3DCF1D5F8D4209A
:10AE500040F26E51936A07468B4208D0126B41F262
:10AE60006B018A425AD1D12B01D0E92B12D1D4F8EF
:10AE70008434192283F84920D4F884344FF0FF3207
:10AE80005A64642283F87A20D4F88434012283F847
:10AE9000302059E0B3F5897F11D8B3F5887F32D8D7
:10AEA000F52B07D8F42B2ED2E42B2CD0EF2B2AD065
:10AEB000D62B27E0A3F58773012B45D823E0B3F504
:10AEC0009A7F17D2B3F5987F1DD840F2171293429C
:10AED00018E000BF839B020000315F07016382001E
:10AEE000EC56010008D68800514F0000DD560100E5
:10AEF000899B0200B3F59A7F26D9B3F59B7F02D9CF
:10AF0000B3F5A57F20D1D4F88434322283F87A2097
:10AF1000D4F88434642283F8492010E041F2E441FB
:10AF20008A4211D140F2DA5293420DD1D4F88424EE
:10AF3000642382F87A30D4F8842482F84930D4F833
:10AF400084344FF0FF325A642046FEF7CDFED4F829
:10AF500084341922A3F8AA20204607F07FF8D4F8F9
:10AF60008434226A19781069DA784EF0D1D8D4F88E
:10AF700078364FF0010983F83490E1692069043193
:10AF800003F0D7FD236AD4F884B418694EF0D8D9F9
:10AF9000CBF8400004F5E47B206959462EF064DFCD
:10AFA0000622281D5946E7F331F2B4F8AA010DF044
:10AFB0009DD8003018BF01200A3054F820302046B8
:10AFC0002362FEF761FF08B918238EE1216A0F237F
:10AFD00040F2FF32A1F80031A1F8022101F1F8039B
:10AFE00001F1F402204601F01BFC236AD3F8F4209F
:10AFF000C3F8F020C3F8E820D3F8F820C3F8EC2019
:10B000001A68022A08BF83F8159007F00103002B85
:10B010000CBF0323002385F84F30236A1869EEF72D
:10B02000A1FE10F40060236806D093F84F2002B10F
:10B03000012283F8512001E083F85100216A204663
:10B040001C3106F06DDA00212046D4F820900BF078
:10B050005DDD00227F2309F150010093019013462A
:10B0600009F11C005AF020DD204664F02FDF40F289
:10B07000CC63C4F828362046FFF780FA0C900028ED
:10B0800040F05981D4F8800402219DF92C2059F018
:10B09000F9DD20464146FEF797FF10B94FF47A7369
:10B0A00023E1204602F0F4FFC4F8580110B940F241
:10B0B000E9331AE12046FFF7F3F92046314614F050
:10B0C0007FDD10B940F2EB330FE1C4F8BC05C4F8E2
:10B0D000C0053146204614F073DD10B94FF47B7380
:10B0E00003E10123C4F8C40585F8A830204602F026
:10B0F00045FC10B140F2ED33F7E00623A5F86030CF
:10B10000A5F8623095F89C30012B04D14022A5F8B7
:10B110006020A5F86220D5F888300A221A804FF402
:10B1200054725A80D5F88C300126C4221E805A8071
:10B13000D4F830011FF0C8DD08B184F80E62B4F80D
:10B14000E13243F4C05343F01E03A4F8E132236A12
:10B150001869EEF707FEC10607D5D4F8843401223A
:10B160009A74D4F88434FF22DA74B4F8E1224FF2EE
:10B17000FF731340D4F88424A4F8E132D278012A72
:10B1800007D123F4006323F00C031B041B0CA4F869
:10B19000E132FF260221012284F8E06284F8DF62B6
:10B1A00084F8DE62204603F0BDDB012132462046F2
:10B1B00003F0B8DB236A4FF0FF38C4F81482186933
:10B1C000EEF7D0FD10F00406204605D00321FEF373
:10B1D000C3F684F81C8204E03146FEF3BDF684F821
:10B1E0001C62236A1869EEF7BDFD3A0702D50023F9
:10B1F00084F81C32FB0603D520460021FEF3ACF692
:10B20000BE070ED5A26A002382F84D30E26A82F8AA
:10B210004D30B4F8E13223F080031B041B0CA4F87A
:10B22000E132780703D52046002164F0D5DF3906E6
:10B2300007D5B4F8E13223F010031B041B0CA4F86B
:10B24000E13295F84130A3B195F842308BB117F057
:10B25000600F0ED007F02001D1F1010107F040028C
:10B2600038BF0021D2F10102204638BF002200F091
:10B270000FFFB4F8AA010CF039DF003018BF01202D
:10B2800000F10A0654F82670D4F868122046384AAD
:10B290003B4660F06FDCB86154F82610886910B93D
:10B2A00040F24C4321E0503128223C30E7F3AEF02D
:10B2B0001420ECF34BF1C4F8300710B940F24D43C1
:10B2C00013E0AB6D204643F00403AB650EF078DD70
:10B2D0002046FFF771F810B14FF4FA6305E02046FD
:10B2E00003F0DEF818B140F2D1730C9323E0236829
:10B2F0002049D3F8D800E7F3A9F770B10346184600
:10B3000013F8012B1AB11C498A5C5207F7D50021AA
:10B310000A22E7F337F5C4F88406A0680021F8F3A1
:10B32000A7F4012384F8A837BAF1000F17D000233F
:10B33000CAF8003013E00D9820B1ECF313F10023AC
:10B340000D930E9314B12046FFF786FBBAF1000F60
:10B3500004D00C9B0024CAF8003000E0544620467C
:10B3600011B0BDE8F08F3046394601F008FEE2E743
:10B3700010570100489A02000AA0880038B5044618
:10B3800070B1056821462868FFF75CF82868054910
:10B390002246FEF738FF2046BDE83840ECF3E2B025
:10B3A00038BD00BF1657010070B5066A8EB005465D
:10B3B0003820ECF3CBF0044600282FD01B4B05605F
:10B3C0000093002301930293039304930593286849
:10B3D0001749184A2346FEF771FFF8B9164B214664
:10B3E00000932868154A0223FEF7BBFF0546A8B95B
:10B3F00029461C2204F10B00E7F38CF03069316818
:10B4000007AA4CF025DA234607AAD97AAA5C0135A7
:10B410000A43DA7201331C2DF6D103E02046FFF710
:10B42000ADFF002420460EB070BD00BFC54F8300A5
:10B4300084E188001657010074E188007D4F830085
:10B4400038B5044670B1056821462868FEF7FAFF52
:10B45000286805492246FEF7D6FE2046BDE838405A
:10B46000ECF380B038BD00BF1A57010030B5054677
:10B4700087B00C20ECF36AF0044600283FD000238C
:10B480000560012100930190204A2846204B02F0DC
:10B4900037FA0028606032DB1E4BD5F894068DE841
:10B4A0001800052121221C4B03F0F2FB38BB1B4B7B
:10B4B000D5F894068DE8180005212422184B03F0D6
:10B4C000E7FBE0B9174B01900093029003900490C2
:10B4D000059015492868154A2346FEF7EFFE70B916
:10B4E000134B286800932146124A0323FEF739FFC5
:10B4F00028B92A680123A36082F8A93003E0204616
:10B50000FFF79EFF0024204607B030BD795483002A
:10B5100075548300C15583007D5483009156830088
:10B520009D5483004D558300C0E188001A570100E7
:10B53000A8E18800D154830030B5054687B00028C3
:10B540006DD00820ECF302F00446002868D00023F8
:10B550000560142100930190354A2846354B02F0CE
:10B56000CFF9002860605EDB334B4FF498718DE8B3
:10B5700018006B22D5F89406304B03F089FB0028A5
:10B5800051D12F4B05218DE818006B22D5F8940678
:10B590002C4B03F07DFB002845D12B4B4FF49071D1
:10B5A0008DE818006C22D5F89406284B03F070FB48
:10B5B000002838D1264B4FF490718DE818006F2287
:10B5C000D5F89406234B03F063FB00282BD1224BC4
:10B5D0000A218DE818006E22D5F894061F4B03F05F
:10B5E00057FB00281FD10095D5F894060A216E223A
:10B5F0001B4B03F003FEB0B91A4B0190009302906D
:10B6000003900490059028681749184A2346FEF7CE
:10B6100055FE40B92B68012283F8AC2000E00446B7
:10B62000204607B030BD2046EBF39CF70024F7E737
:10B63000215C8300015C8300395E8300555C8300DC
:10B64000195E8300355C8300595E8300815C830052
:10B65000C55E8300C15C8300F15E8300ED5C830006
:10B66000E15B8300195D8300D8E188001E5701006B
:10B6700010B5044650B10368054918682246FEF724
:10B68000C2FD2046BDE81040EBF36CB710BD00BF13
:10B690001E57010010B5044650B1036805491868EB
:10B6A0002246FEF7B0FD2046BDE81040EBF35AB746
:10B6B00010BD00BF999B020070B5054686B00820FA
:10B6C000EBF33EF70446002800F0B9805F4B0560BD
:10B6D0004FF49071009301903022D5F894065C4BA2
:10B6E00003F0D6FA002840F0AA805A4BD5F8940609
:10B6F0008DE818004FF49071F422574B03F0C8FA0C
:10B70000002840F09C80554BD5F894068DE8180031
:10B710000A21F422504B03F0BBFA002840F08F803E
:10B720004F4BD5F894068DE818004FF49071A02285
:10B730004C4B03F039FB002840F081804A4BD5F890
:10B7400094068DE8180005213022484B03F0A0FA3A
:10B75000002874D1464BD5F894068DE818000521D1
:10B76000F422444B03F094FA002868D1424BD5F8F8
:10B7700094068DE818000521A022404B03F014FB2D
:10B7800000285CD1D5F89406052130223C4B00946A
:10B7900003F034FD002852D1D5F894060521F42297
:10B7A000384B009403F02AFD002848D1D5F89406C0
:10B7B0000521A022344B009403F0A6FD00283ED1C1
:10B7C000D5F89406C0213022304B009403F016FDCA
:10B7D000002834D1D5F89406C021A0222C4B009427
:10B7E00003F092FD58BBD5F89406C021F422294BF2
:10B7F000009403F003FD10BBD5F894060A21F4224F
:10B80000254B009403F0FAFC0646C0B98DE8110000
:10B8100001212846214A224B02F072F8002860607C
:10B820000DDB204B28688DE848001F491F4A23463E
:10B830000296039604960596FEF740FD18B1204641
:10B84000FFF728FF0024204606B070BD596383002F
:10B85000216383003BA10000D59C0000E5A000000F
:10B860006D6383003D6383009962830021618300DF
:10B8700077A0000031A00000E962830071618300BD
:10B88000A96183000D9D00001D6283003D66830059
:10B89000556683005D9C00008F9C000085638300DB
:10B8A00081638300B964830038E28800999B0200B9
:10B8B0002023402180E80A00C0F8B010C16218219E
:10B8C0004FF4F0628163016401651D212DE9F041AF
:10B8D00082600B251022C16505210A24C2604561E2
:10B8E000856142620425C0F8B820016680224FF4C9
:10B8F000F0714FF480660461C461856201240925FA
:10B900004FF0140C42631127082281664FF027087C
:10B910000321C0F8B43004624466C464436585679B
:10B92000C0F830C0C2638765C66606674167C0F865
:10B930007C80C0F8A440B024C0F8C0404824C0F8BF
:10B94000C4406024C0F88450C0F88850C0F8C84093
:10B9500002253024C0F8E030C0F8F030D3234FF097
:10B960001208C0F88C50C0F89050C0F89C50C0F835
:10B97000A050C0F8CC404FF4FA650624C0F8F4306B
:10B980000023C0F88080C0F894C0C0F89810C0F8B8
:10B99000A810C0F8AC20C0F80021C0F80421C0F8FD
:10B9A000D040C0F8D470C0F8D850C0F8DC20C0F83F
:10B9B000E840C0F8E460C0F8FC30C0F8F810BDE81A
:10B9C000F08101207047704738B50446D0F82C0349
:10B9D00020B1EBF3C7F50023C4F82C33D4F83403BB
:10B9E00020B1EBF3BFF50023C4F83433D4F81807C3
:10B9F00030B1236823B1EBF3B5F50023C4F8183751
:10BA0000D4F8C40218B123680BB1EBF3ABF5D4F84A
:10BA1000C8020025C4F8C45228B123681BB1EBF357
:10BA2000A1F5C4F8C852D4F8640208B1EBF39AF552
:10BA3000D4F854030025C4F8645218B1EBF392F51E
:10BA4000C4F85453D4F8140320B1EBF38BF500235E
:10BA5000C4F81433D4F8D40208B1EBF383F500250D
:10BA60006319D3F8A032D3F8E00008B1EBF37AF50C
:10BA70000435102DF4D1D4F8A00208B1EBF372F51F
:10BA8000D4F8840420B1EBF36DF50023C4F88434BA
:10BA9000D4F8DC0420B1EBF365F50023C4F8DC3402
:10BAA000D4F8280520B1EBF35DF50023C4F8283560
:10BAB00038BD10B50C46D1B1C86918B1EBF352F5D9
:10BAC0000023E361D4F8880020B1EBF34BF50023A9
:10BAD000C4F88830D4F88C0020B1EBF343F5002390
:10BAE000C4F88C302046BDE81040EBF33BB510BDE8
:10BAF00070B504464FF4B8701646EBF327F50546CB
:10BB0000A8B14FF48470EBF321F5E86178B13146C8
:10BB1000FFF7CEFE4FF45470EBF318F5C5F888002C
:10BB200028B1C420EBF312F5C5F88C0020B92946E2
:10BB30002046FFF7BEFF0025284670BD2DE9F041E5
:10BB40001D4600260368C0F8C46293F8B43004466A
:10BB500038205843EBF3FAF4C4F8C402002855D057
:10BB6000236893F8B4008000EBF3F0F4C4F8C80243
:10BB700010B940F2F53394E04FF40070EBF3E6F4C3
:10BB8000C4F81807002800F09580C4F864622020EB
:10BB9000EBF3DCF4C4F8640210B94FF47E7380E078
:10BBA000C820EBF3D3F4C4F8540310B940F2F233D5
:10BBB00077E04FF4B870EBF3C9F4C4F8840410B91B
:10BBC00040F2F9336DE08020666AEBF3BFF4B062B7
:10BBD00010B940F2034364E04FF48470EBF3B6F421
:10BBE000C4F82C0310B940F2EF335AE04FF48470DC
:10BBF000EBF3ACF4C4F8340310B94FF47C7350E0A9
:10BC00001220EBF3A3F4C4F8140310B94FF47D73BE
:10BC100047E0B420EBF39AF4C4F8D40210B940F230
:10BC2000F6333EE04FF46470EBF390F4C4F8A002F6
:10BC3000F0B100F1E403C4F8A43200F5E47300F5B8
:10BC40002B70C4F8A832C4F8AC02264604F11007E1
:10BC50002368D6F8A082DB69D3F8D4004001EBF367
:10BC600075F4C8F8E000D6F8A032D3F8E00010B9B7
:10BC700040F2F73315E00436BE42E9D14FF4847048
:10BC8000EBF364F4C4F8DC0410B940F2FB3308E0D1
:10BC90004FF48670EBF35AF4C4F8280520B940F24B
:10BCA000FF332B60BDE8F0813820EBF34FF4C4F88C
:10BCB000780610B94FF48163F3E70120BDE8F08105
:10BCC00038B50D46044600282BD0FFF77CFE2046F1
:10BCD0002946FFF779FEA06A08B1EBF343F4636AE3
:10BCE0005BB1986A20B1EBF33DF4636A00229A627B
:10BCF000606AEBF337F400236362D4F8780620B16E
:10BD0000EBF330F40023C4F87836216821B12846DB
:10BD1000FFF7CFFE002323602046BDE83840EBF359
:10BD200021B438BD2DE9F341064640F6740088463B
:10BD300015461F46EBF30AF4044610B940F2EA3305
:10BD400010E02623C0F8E035C0F8E435089B4146F2
:10BD5000C0F81C373A463046FFF7CAFE206018B9D3
:10BD600040F2EB332B602DE040231A4A80F8B430C8
:10BD7000236812680460C3F898204FF40870EBF34E
:10BD8000E5F3A06240B100F58870E0622C20EBF38F
:10BD9000DDF3606230B902E040F2F233E2E740F2F4
:10BDA000F333DFE72046314642462B460097FFF744
:10BDB000C5FE38B12046314642462B460097FFF774
:10BDC00000FE20B920463146FFF77AFF00242046C6
:10BDD000BDE8FC814404000003680B22DB69C3F862
:10BDE000BC205A619A61704710B50446F8B1D0F88A
:10BDF000500208B1EBF3B6F3D4F8E80220B1EBF34C
:10BE0000B1F30023C4F8E832D4F8FC0320B1EBF31B
:10BE1000A9F30023C4F8FC332368054918682246B7
:10BE2000FEF7F1F92046BDE81040EBF39BB310BDDF
:10BE30006E7D890080F8C01370470000F0B587B0B0
:10BE40000546FFF7C9FF4FF48160EBF379F3044631
:10BE5000002800F0D48000214FF481624026E6F3F0
:10BE600059F3256084F8E163BC20EBF369F3C4F86F
:10BE70005002002800F0BA800021BC22E6F34AF309
:10BE80000123A3726373A373E373A37494F8E13380
:10BE900000223F2BE67498BFE374FF2384F8283018
:10BEA0000B23227462742273E2720521022284F849
:10BEB000DE33002384F8271084F82D2041F2285027
:10BEC00084F82C306085286890F89C002175012842
:10BED0000CBF0120104684F82E00012084F8C00316
:10BEE0004FF40060A2756063224621460520D0759C
:10BEF0000220D07723B94FF48070A4F8E40302E065
:10BF00002020A1F8E403013301320231082BEDD1E6
:10BF100000260127204641F2285184F82F6084F83A
:10BF2000307018F0D1DA0221204685F8DA721AF062
:10BF300011DE84F8D86304212846324A324B009639
:10BF4000019401F0DDFCB042C4F800044EDB042192
:10BF500028462E4A2E4B0096019405F017FFB0425A
:10BF6000606043DB4FF43E70EBF3EAF2C4F8E802A2
:10BF700000283BD031464FF43E72E6F3CBF210205E
:10BF8000EBF3E4F2C4F8FC0300282FD0214B28681F
:10BF90000093214B21490193214B224A03932346CD
:10BFA000029604960596FEF789F9F8B91E4B84F8B7
:10BFB00054721A1D07CA8DE8070022461B682846DE
:10BFC0000721FEF7C7FAFF2384F8DD332B682046EC
:10BFD00093F841101BF03CDDC823C4F8EC32204636
:10BFE0001BF04AD8202384F8E23308E0D4F850024A
:10BFF00008B1EBF3B7F22046EBF3B4F2002420468D
:10C0000007B0F0BD01918300E5908300A19183000A
:10C01000819183006199830099B783005CE2880075
:10C0200015AA83006E7D8900A09B0200024618B10C
:10C0300000680249FEF7E7B8704700BF5D898900D4
:10C0400010B5044686B00E490E4A234600680AF031
:10C05000F1D90D4B206800930023019302930393C1
:10C06000049305930949064A2346FEF727F920B1B0
:10C070002046FFF7DBFF4FF0FF3006B010BD00BFDA
:10C080005D89890021CF830015CE83004CE38800B1
:10C0900038B50446D0F834011546FFF7CBFED4F886
:10C0A00038012946BDE8384000F02CB810B50446E8
:10C0B000002824D0416969B190F829301BB1036888
:10C0C0009868F7F355F5236861699868F7F3BCF54C
:10C0D00000236361A06908B1EBF344F2E06918B191
:10C0E000EBF340F20023E361236805491868224618
:10C0F000FEF789F82046BDE81040EBF333B210BDDF
:10C100007686890080F828107047000070B50546D3
:10C1100086B03420EBF314F20446002800F092803D
:10C1200000213422E6F3F6F14023256084F82A301A
:10C130005020EBF305F2A06100287BD000215022B3
:10C14000E6F3E8F1012384F8203084F8213084F804
:10C15000223084F8233084F8243084F8253084F8A1
:10C16000263084F8273023721023637294F82A3023
:10C170000F2B98BF63722B6A00261869EDF7F2FD4A
:10C180004FF47A73E381C823238200F01000012367
:10C1900000280CBF0520072084F8283003232073D3
:10C1A000E3722046A6721DF0FDDC04212846274AD2
:10C1B000274B0096019401F0A3FBB042206339DBCA
:10C1C00004212846234A244B0096019405F0DEFD05
:10C1D000B04260602EDBA868204922463346F7F360
:10C1E0004BF5606130B34FF4BA70EBF3A9F1E06145
:10C1F00000B331464FF4BA72E6F38CF1184B28685D
:10C200000093184B18490193184B194A0393194B83
:10C2100002960493184B05932346FEF74FF8064603
:10C2200040B92B68204693F842101DF06DDC84F86D
:10C23000296007E0A06908B1EBF394F12046EBF325
:10C2400091F10024204606B070BD00BF05DF8300D9
:10C25000EDDE830061DF830041DF830071E2830054
:10C26000DDDF830045E5830088E3880029E1830062
:10C27000768689004457010025A30000002303743B
:10C2800040F6FB63C381704710B5044690B11EF0C1
:10C2900025D9606808492246FDF7B5FFE06E08B170
:10C2A000EBF360F1206EEBF35DF12046BDE810404A
:10C2B000EBF358B110BD00BF6E88890030B505465C
:10C2C00087B07020EBF33CF10446002834D0002105
:10C2D0007022E6F31FF12B68256063601820EBF3F2
:10C2E0002FF1206620B300211822E6F313F1642019
:10C2F000EBF326F1E066D8B100216422E6F30AF1FF
:10C300000F4A104B0292104A0093002301930392AC
:10C310000493059360680D490D4A2346FDF7CEFF4F
:10C3200030B901236382A3822046FFF7A7FF03E011
:10C330002046FFF7A9FF0024204607B030BD00BF0C
:10C34000DDF1830095EE830075F08300DCE3880067
:10C350006E88890070B50446E8B18569C6692846CB
:10C3600000F016F9616C41B1A868F7F301F4A86810
:10C37000616CF7F369F40023636422463046064992
:10C38000FDF741FF28682146FEF75CF82046BDE82E
:10C390007040EBF3E7B070BD826A89002DE9F0438D
:10C3A0003C234FF005090A27D0F80080C0F8043577
:10C3B000C0F80895C0F8107587B00446A020EBF3CC
:10C3C000BFF00546002800F0B1800021A022002621
:10C3D000E6F3A0F02E70AC61C5F81C80284620F072
:10C3E000AFDF0421A862554A2046334600960195E6
:10C3F00001F086FAB042A866C0F29880204600F0AC
:10C40000E1F80646002840F09180A0684C492A4691
:10C410003346F7F331F46864002800F08780494B15
:10C4200040460093484B49490193494B494A02937E
:10C430002B46039604960596FDF740FF0346002819
:10C4400074D1009029462068434AFDF78AFF0146CF
:10C4500000286BD1D4F888040122404B03F03CFF44
:10C46000002863D13E4BD4F894068DE81800394675
:10C4700001223C4B02F00CFC002857D13A4B3222EF
:10C480008DE81800D4F894063946384B02F000FCC9
:10C49000024600284AD1D4F894064946344B009409
:10C4A00002F0ACFE002841D1D4F89406494601229E
:10C4B000304B009402F0A2FE002837D1D4F8940645
:10C4C000494632222C4B009402F098FE70BBD4F8FF
:10C4D00094064946A422294B009402F015FF28BB7C
:10C4E000D4F8940649463022254B009402F086FE8B
:10C4F000E0B9D4F89406C0212D22224B009402F01A
:10C500007DFE98B9D4F8940690212D221E4B0094FC
:10C5100002F0D6FC50B9D8F8D8001C49E6F372F600
:10C520004FF47A7390FBF3F36B8103E02846FFF737
:10C5300011FF0025284607B0BDE8F08301FD830008
:10C54000DD16840009FD8300AD0F8400A8E4880097
:10C5500089118400826A890065068400F9078400D5
:10C56000F5138400A5118400D9138400951184006B
:10C5700091128400C912840055128400791384003A
:10C580000D138400A9148400A51484006885890013
:10C5900038B5D0F81455044675B10849024660F024
:10C5A000B5D9074922462068FDF72DFE2846EAF353
:10C5B000D9F70023C4F8143538BD00BF1139840001
:10C5C00066570100F0B5044687B04FF40A60EAF3FD
:10C5D000B7F7054620B9C4F814054FF0FF3005E160
:10C5E00000214FF40A62E5F395F7226805F1200374
:10C5F0002B60002608236B612E61F821D36520464D
:10C600007B4A7C4B0096019405F0C0FBB042A861C8
:10C6100005DA2046FFF7BCFF6FF00100E6E0764B3D
:10C62000002243F8042BF2071FD5744901270A782A
:10C630000D2A07FA02FE03DCD21917FA02F001E014
:10C640004FF40040CA78012111FA02F70D2A47EA97
:10C650000E0747EA000003DC521811FA02F201E06B
:10C660004FF40042024343F8042CB00723D563493A
:10C6700001274A7853F804EC0D2A07FA02FC03DC80
:10C68000D21917FA02F001E04FF400408A78012134
:10C6900011FA02F70D2A47EA0C0747EA000003DC0B
:10C6A000521811FA02F201E04FF40042024342EA4A
:10C6B0000E0243F8042C710723D5504901270A794B
:10C6C00053F804EC0D2A07FA02FC03DCD21917FA1E
:10C6D00002F001E04FF400404A79012111FA02F71B
:10C6E0000D2A47EA0C0747EA000003DC521811FA4A
:10C6F00002F201E04FF40042024342EA0E0243F824
:10C70000042C320723D53D4901278A7953F804ECDC
:10C710000D2A07FA02FC03DCD21917FA02F001E035
:10C720004FF40040CA79012111FA02F70D2A47EAB5
:10C730000C0747EA000003DC521811FA02F201E08C
:10C740004FF40042024342EA0E0243F8042C013641
:10C75000102E7FF465AF2A4B002103932068294AED
:10C76000234600910191029104910591FDF7A6FDE8
:10C7700070BB0121D4F888040A46234B03F0ACFDBA
:10C7800048BBD4F8880401210222204B03F0A4FD09
:10C7900020BB1F4BD4F894068DE818008021052299
:10C7A0001C4B02F0F3F9E0B91B4B1A1D07CA8DE8C8
:10C7B00007002046032122461B68FDF7CBFE2046DA
:10C7C0001649224660F09CD870B9C4F814550DE0A3
:10C7D0006FF003000AE06FF0040007E06FF005005F
:10C7E00004E06FF0060001E06FF0080007B0F0BD54
:10C7F000C5388400453884007465010060E1880014
:10C800000D32840066570100CD2F84000936840064
:10C81000F9398400FD318400B09B02001139840095
:10C8200070B51E468B89154642F2560293420C465D
:10C8300008D842F2550293422DD242F2500293425E
:10C8400029D108E042F2600293421AD04EF2F5423A
:10C85000934220D11AE0CB89012B04D16FF03B0326
:10C860002B600F2303E06FF045032B60142333602C
:10C870000368D3F88030D90412D52B68023B2B60B3
:10C880000EE06FF04A032B600F2308E06FF0950372
:10C890002B60962303E06FF04A032B601423336070
:10C8A000D4F8080130B300214022E5F333F6D4F880
:10C8B000082180231370D4F8082129685170D4F816
:10C8C00008219370D4F808313268DA70D4F808314E
:10C8D000BF221A71D4F8083100225A71D4F80831F5
:10C8E0000322DA8046221A810A225A8101229A8181
:10C8F0000A22DA81D4F80C0128B100211022BDE807
:10C900007040E5F307B670BD10B50446E0B10368AA
:10C910000E4918682246FDF776FCE36833B12146DC
:10C9200051F80C3BD3F83C06F7F712F9A36833B182
:10C93000214651F8083BD3F83C06F7F709F92046A1
:10C94000BDE81040EAF30EB610BD00BF969F890007
:10C9500070B5054686B01020EAF3F2F504460028CB
:10C9600037D000211022E5F3D5F5D5F83C06E421B7
:10C97000194A04F10803F7F7DFF830BBD5F83C0695
:10C98000E821164A04F10C03F7F7D6F80646E0B999
:10C990008DE8110004212846114A124B05F0F6F9E2
:10C9A0000028606011DB104B286800930F4B104982
:10C9B0000193104B104A0393234602960496059662
:10C9C000FDF77CFC08B9256003E02046FFF79CFFDB
:10C9D0000024204606B070BD6B570100715701005E
:10C9E000DDBD84009DBD840075B6840051BE840009
:10C9F00050E6880079B68400969F89000120704730
:10CA0000012970B50E46144607D1174B0321104675
:10CA1000D3F8B8300A46984770BD19BB124BD3F80B
:10CA2000C050FFF7EBFF314602462046A84720469C
:10CA300001213246A847204602213246A847204617
:10CA400003210122A84720464FF481710122A84703
:10CA500020464FF480713246A847204640F201112B
:10CA60003246A84770BD00BF10A78800806C2038F0
:10CA70001F2805D8802333FA00F000F0010070472A
:10CA800000207047C16FB0F84E3010B58A6AB3B15C
:10CA9000FF2B16D9180B0138012814D803F4706045
:10CAA000000A09280FD878B103F0F00090280AD8BE
:10CAB00003F00F0009288CBF0020012004E0184675
:10CAC00002E0012000E000200C6B41F2E4418C42C6
:10CAD00015D1A2F582610739012903D83F2B98BFF0
:10CAE000002010BD40F20C418A4207D040F22141A3
:10CAF0008A4204D1502B98BF002010BD002010BDE9
:10CB000090F8763010B504463BB9044B04491A68D6
:10CB10002CF03CDA012384F8763010BD78B802009E
:10CB20007CB8020070B50C460546164608460A2237
:10CB30000021E5F3EFF463881E432B6D66809806B1
:10CB400003D5238843F480632380D5F8943042F2E0
:10CB50005002198C914205D15B8C052B9CBF46F08D
:10CB60000406668070BD0000D0F880000149E6F33D
:10CB70006DB300BF119C020010B504460C20EAF30F
:10CB8000DFF4C4F80C0138B10C220021E5F3C2F443
:10CB9000D4F80C3110229A7210BD10B50446D0F8AA
:10CBA0000C0120B1EAF3DEF40023C4F80C3110BD0F
:10CBB00070B5064605460024686938B1064B1B6807
:10CBC00098473046214600223BF03ADE01340435D6
:10CBD000062CF1D170BD00BF10A788002DE9F043ED
:10CBE000046985B00546EC20A66FEAF3A9F430622B
:10CBF000002875D01020A66FEAF3A2F47062002816
:10CC00006ED0002637460F216846384A3346E5F392
:10CC1000E7F4D4F880006946E6F318F308B1013769
:10CC2000BFB2013640F2F1339E42ECD137B9D4F8AD
:10CC300080002F49E6F30AF3002843D0B8000630FD
:10CC4000EAF37EF4C5F85C06002849D0002383800F
:10CC500000260F216846254A3346E5F3C1F4D4F88F
:10CC600080006946E6F3F2F298B1D5F85C86694631
:10CC7000D4F88000B8F80490E6F3C4F208EB890316
:10CC80001881D5F85C369A8803EB82010132CE8098
:10CC90009A80013640F2F1339E42DAD1D4F8800016
:10CCA0001349E6F3D3F2D5F85C6650B1D4F88000AE
:10CCB0000F49E6F3A7F2D5F85C36012270801A70AE
:10CCC00000E03070A36F586A60B101230380838055
:10CCD000C38003810223438104238381002001E078
:10CCE0006FF01A0005B0BDE8F08300BF629C02003F
:10CCF0006F9C02002DE9F04F0568C6682B688FB065
:10CD0000DF6900230446009388460BA80921944A52
:10CD10003346E5F365F4D4F81490B9F1000F40F010
:10CD20001081D4F888103A6801F50071E06FD4F8EA
:10CD300008A00992D7F804B0FAF798FE0146A8684F
:10CD4000FCF776FD002800F005810921844A0BA834
:10CD50003346CDF80090E5F343F4E26FD4F8881041
:10CD6000B8F1000F02D001F5007300E043460998C6
:10CD700001F50871B8F1000F08BF00200190009183
:10CD8000CDF808B0B9684FF0FF390391CDF8109095
:10CD9000F968DFF8DC810591D5F8E0155046069179
:10CDA0000BA9CDF81C80FAF7D1FC0546002800F04D
:10CDB000D1802A466B4B20460021FFF721FE2A46F0
:10CDC000204600213BF03CDD00250921644A334622
:10CDD0004FF0010B0BA8CDF800B0E5F301F400957E
:10CDE0003A68D4F88830019250460BA9E26F03F5F7
:10CDF000107302950395CDF8109005950695CDF822
:10CE00001C80FAF7A3FC0746002800F0A4803A46ED
:10CE1000544B20462946FFF7F3FD59463A46204633
:10CE20003BF00EDD4FF0020B09214D4A33460BA8B3
:10CE3000CDF800B0E5F3D4F3099AD4F88830019224
:10CE400050460BA9E26F03F52073009502950395F8
:10CE5000CDF8109005950695CDF81C80FAF776FC74
:10CE60000746002877D03A463E4B20462946FFF732
:10CE7000C7FD59463A4620463BF0E2DC4FF0030B33
:10CE80000921374A33460BA8CDF800B0E5F3A8F3E3
:10CE9000099AD4F88830019250460BA9E26F03F545
:10CEA0003073009502950395CDF810900595069581
:10CEB000CDF81C80FAF74AFC074600284BD03A46CA
:10CEC000284B20462946FFF79BFD3A462046594607
:10CED0003BF0B6DC042733460921214A0BA8009712
:10CEE000E5F37EF3099AD4F88830019250460BA9F5
:10CEF000E26F03F54073009502950395CDF810900D
:10CF000005950695CDF81C80FAF720FC064608B377
:10CF1000324620462946134BFFF772FD3246204623
:10CF200039463BF08DDC2646706930B10E4B0F4917
:10CF3000D3F88C309847C6F8C00001350436062D6A
:10CF4000F2D1D4F89410204608310022FFF7EAFD10
:10CF5000012700E0074638460FB0BDE8F08F00BF5C
:10CF6000E29B0200F05D010010A78800D431890027
:10CF7000C403000010B5BDE81040FCF77DBA11B144
:10CF80000846FCF721B87047F8B504690546002C3F
:10CF900042D0E06F08B1FCF74DF82046FFF708FEDD
:10CFA000D4F89460B4F846000BF0A0D8706A28B1A9
:10CFB00003F04BFC00230746736200E00746D4F8F9
:10CFC000900003F021FC00263F18D4F88C0004F0F8
:10CFD000D9F92046C4F88060E667FFF7DEFDD5F892
:10CFE0005C0618B1EAF3BEF2C5F85C66A36F186A76
:10CFF00020B1EAF3B7F2A36F00221A62A36F586A56
:10D0000020B1EAF3AFF2A36F00225A62204601F08A
:10D010003BFD00232B6100E027463846F8BD0000A9
:10D02000F0B587B04FF480350021042303AA0446ED
:10D03000D0F8887000952CF05BDC234B06AE46F8E8
:10D04000083D002104232046324600952CF09CDC4C
:10D050000423002105AA204600952CF049DC049BFE
:10D06000059A9A422AD1194B0021049320460423A1
:10D07000324600952CF088DC0423002105AA2046C6
:10D0800000952CF035DC049B059A9A4216D10423B6
:10D090000021204603AA00952CF076DC0023C7F877
:10D0A0008C31D7F82031B3F1042F09D00848C0EBF8
:10D0B000030CDCF1000040EB0C0002E0002000E07B
:10D0C000012007B0F0BD00BFAA5555AA55AAAA5520
:10D0D00000040084224B70B54FF000610026036607
:10D0E0000A464666044605682DF0C6DD4FF080739B
:10D0F000C4F820310323A4F8A8300223A4F8AA30EE
:10D100000723A4F8A4300423A4F8A63041F20103B5
:10D1100084F8A260A4F8BC304FF41673A5F810365A
:10D120002B6893F89C20012A0CBF0C220622A5F83C
:10D130000E2693F864211AB1226E42F080722266A4
:10D1400093F89C20074812F1FF3218BF01220649CC
:10D15000E5F306F2FF2384F834310123637470BDD4
:10D1600060A8E7B878570100787502002DE9F04F04
:10D1700097B09B464FF0000916AB8A46174643F816
:10D18000049D21995A46054601F097FC0446002863
:10D1900000F01D839DF88030286103742B6840F6F1
:10D1A0001201D3F8D400D3F8D860D3F8DC304A4663
:10D1B000C4F88430E067C4F88060F0F321F0C4F86C
:10D1C00088008046E860E06FEFF380F2A0642046BC
:10D1D000FFF780FF30469749E6F338F028B149461B
:10D1E0004A46E5F3CFF51FFA80FA30469249E6F356
:10D1F0002DF048B100210A46E5F3C4F54FF6FF7360
:10D2000080B2984218BF074650463946FDF734F9B8
:10D2100008B90C23DAE28949A4F844A0A4F84670BE
:10D220003046E5F3EFF78649C4F860013046E5F390
:10D23000E9F7C4F86401B4F846000AF057DF00309B
:10D2400018BF0120263054F82030B4F84600C4F846
:10D2500094300AF04BDF003018BF01200A3055F837
:10D26000203020462B62FFF701FC08B90D23ADE208
:10D27000E06FEFF3E5F1E06FEFF39CF6204600215D
:10D280002BF0B0DB20464FF0FF312CF021DC2046A4
:10D29000FFF7C6FE08B90E2398E230466949E5F368
:10D2A000B1F7FF2808BF0120A4F84E002046FFF781
:10D2B000E9FB08B90F2389E263493046E5F3A2F799
:10D2C000624984F84C003046E5F39CF760492065DC
:10D2D0003046E5F397F794F84C3060650B2B05D991
:10D2E00030465C49E5F38EF7C4F850015A493046A0
:10D2F000E5F388F7594984F835013046E5F382F7BC
:10D3000084F836012B6893F86A312BB130465449C2
:10D31000E5F378F7C4F8540152493046E5F372F763
:10D32000514984F858013046E5F36CF7E36F41F258
:10D330006B02196BA4F86801914220D19B6A4E2BB5
:10D3400008D1B4F84E30402B19D9236D43F00203B5
:10D35000236514E0E42B04D1B4F84E30B3F5A85F94
:10D3600006E0EF2B0BD1B4F84E2041F201239A4294
:10D3700005D8236D43F480032365002363653B498F
:10D380003046D4F85C71E5F33DF7394938603046F2
:10D39000D4F85C71E5F336F7364978603046D4F856
:10D3A0005C71E5F32FF73449B8603046A76FE5F3B9
:10D3B00029F73876A36F1A7E012A01D003221A7644
:10D3C000236D990604D5012120460A462DF0F6D892
:10D3D000D4F880002949E5F339F720B1D4F880006A
:10D3E0002649E5F30FF781462549D4F88000E5F397
:10D3F0002DF720B1D4F880002149E5F303F7074663
:10D400002049D4F88000E5F321F720B1D4F880005A
:10D410001C49E5F3F7F62B6893F82821BAB3226D7F
:10D42000920504D5B9F1000F01D007B160BB00220D
:10D430002BE000BF259C0200B49C02004C9C020023
:10D44000579C0200AB9C0200BA9C0200069C0200A2
:10D45000869C02009F9C0200CC9B0200D79B02008E
:10D46000799C0200369C0200C29C0200419C020092
:10D470002C9C0200C09B0200ED9B0200199C020044
:10D48000F29B0200929C0200012283F828212B6863
:10D4900093F8692132B1226D12F0010218BF012206
:10D4A00083F86921B4F846200123C4F8B830B4F8F1
:10D4B00044002B68A5F8AA21E26FA5F8A801C3F8DB
:10D4C000D420A26C1A6194F84C2083F87C202B683D
:10D4D000226DB4F84E00C3F88020626DA3F87A0084
:10D4E000C3F8842094F84C2020460B2A84BFD4F83B
:10D4F0005021C3F84821D4F8B820012783F83D70A3
:10D500005A62A9682A4603F02BFFC4F88C0008B9B8
:10D5100019235BE1219AE36F0292A26C04900692B8
:10D52000B4F84620B4F84400ADF82A20DA6B03932F
:10D530000B921A6CADF828000C925A6C02A80D924E
:10D5400094F84C20CDF814B00E929A6A09960F9276
:10D55000B4F84E2010921A6B1192226D1292626DE5
:10D5600013925A68DB680792089303F0AFFAC4F885
:10D57000900008B9102329E12623C5F8E035C5F845
:10D58000E4354FF4FF73C4F83831B4F846000AF0BC
:10D59000ADDD10F1000918BF4FF0010949462046E2
:10D5A0002EF0FCD8B9F1000FD4F894300CBF022251
:10D5B0000122C3F804901A602B6A14BF01220222D0
:10D5C000C3F804901A60E06FD5F81C90EFF376F082
:10D5D000D8F85C31C9F8000023F000437E4AE366C6
:10D5E0002367A36C0C2101FB0323303BC4F8D83024
:10D5F000204639462BF0ACDDD4F89490D4F8900056
:10D600004146D9F80020334603F066F9C9F82400F2
:10D6100008B91123DAE04FF0FF3120462DF04EDA41
:10D62000D4F89430E16E586A03F00CF9D4F89430D1
:10D6300003F12202009203F11C0103F11E02586A59
:10D64000203303F0ECF8D4F89480D8F8240003F0E9
:10D65000F4F888F82800D4F89430D5F82080586A77
:10D6600003F0EBF888F81400D4F89480D8F824007C
:10D6700003F0E6F8D4F89430C8F81800DA8B37FADB
:10D6800002F1C90701D41223A0E0296A586A08618F
:10D69000988B4A8108811A8C588C8A81C8810F2204
:10D6A00040F2FF30D8829A8220463946FFF722FBAB
:10D6B00008B913238AE02B6893F86931002B32D024
:10D6C000002120462BF0F6DF30464449A76FE5F3F2
:10D6D00099F5236DC0B2DA07386020D5636D1B065B
:10D6E0001DD4E36F9A69900002D5DA69D10704D599
:10D6F000DB69DA0701D4580711D5E36E99000ED51E
:10D7000030463649E5F3A2F530B134493046E5F309
:10D7100079F5C1B2204604E02046082101E0204608
:10D7200000212BF073DDE06FEBF358F420462DF071
:10D7300017DF0094E06F2A492A4A0023FBF76CFCAC
:10D74000204600212DF0EEDE2046FFF70DFA08B945
:10D7500015233BE004F1FC063146E5F3A9F1304620
:10D76000E5F338F518B93046E5F340F508B116236E
:10D770002CE02046FFF700FA2846A16C01F0E2F900
:10D780002B68DA69526AC5F84425013A85F84225C2
:10D79000D3F89800A8B103789BB113492246E5F36A
:10D7A000C7F62B681149D3F898002246F9F78AFE8C
:10D7B000606930B12B68D3F898100D4BD3F8B030B6
:10D7C00098472846FFF70AFA10B11B2315931598BE
:10D7D00017B0BDE8F08F00BF005E0100FD9B0200A6
:10D7E00001DC840015DC84005DD98400BDD984008F
:10D7F00010A7880010B50446002828D003681449F3
:10D8000018682246FCF7FFFC236A1BB104F12000D4
:10D81000E4F396F0E3691BB104F11C00E4F390F02B
:10D82000A3691BB104F11800E4F38AF063691BB12A
:10D8300004F11400E4F384F023691BB104F1100037
:10D84000E4F37EF02046BDE81040E9F38BB610BD4E
:10D850008A570100036830B5DB690546586D87B00B
:10D8600000012430E9F372F60446002838D003465C
:10D8700043F8245BC36004F11001D5F83806E4F3E3
:10D8800049F068BBD5F8380604F11401E4F342F01E
:10D8900030BBD5F8380604F11801E4F33BF0F8B9D1
:10D8A000D5F8380604F11C01E4F334F0C0B9D5F81A
:10D8B000380604F12001E4F32DF088B94FF48563B4
:10D8C00063600B4B019000930A4B0390029304900A
:10D8D000059009492868094A2346FCF7EFFC18B16E
:10D8E0002046FFF787FF0024204607B030BD00BF69
:10D8F000C10B85007513850080E688008A570100FA
:10D90000F0B5D0F828410068A568C069406D85422F
:10D9100011D2E7682E01B8194360059B0135836079
:10D92000069BBA51C3606068A560C31C591821F0FA
:10D9300003016160F0BD6FF01500F0BDD0F8283133
:10D940001869E3F3C3B7D0F8280110B10069E4F314
:10D950001FB07047D0F82831D869E3F3B7B7D0F8D3
:10D960002831D869E4F314B0D0F82831186AE3F309
:10D97000ADB7D0F82831186AE4F30AB073B505469C
:10D980002EF058DC0446B8B12B684FF00052C5F8B1
:10D990006802009293F82F20284601922146002227
:10D9A00004332EF0D3D9064650B9284621462FF02D
:10D9B000B1DB064620B901E06FF01A0630467CBDA7
:10D9C000284621462FF01EDBF8E7F8B51F4603680E
:10D9D0000D461E691146D6F880001446E5F32AF478
:10D9E00040B3B84224D121460022D6F88000E5F3A6
:10D9F00015F4287021460122D6F88000E5F30EF4D4
:10DA0000687021460222D6F88000E5F307F4A8707A
:10DA100021460322D6F88000E5F300F4E870D6F83A
:10DA2000800021460422E5F3F9F328710120F8BDB6
:10DA30004FF0FF30F8BD000038B50446B8B10368B8
:10DA40000B4918682246FCF7DEFB606B08B1E9F36E
:10DA500089F5D4F880000025656318B1E9F382F5F3
:10DA6000C4F880502046BDE83840E9F37BB538BDA6
:10DA7000915701002DE9F04105698CB007468420DB
:10DA8000E9F364F50446002800F0D28107603C20E9
:10DA9000E9F35CF58046002800F0CA813B69012665
:10DAA00080F8386080F8396043603B6A0460314632
:10DAB0001869ECF77EFAD8F80430B649D3F880003C
:10DAC000E5F3A0F3D8F80430C8F81400B249D3F84D
:10DAD0008000E5F397F3D8F80430C8F81800AF4990
:10DAE000D3F88000E5F38EF3D8F80430C8F81C00B2
:10DAF000AB49D3F88000E5F385F3D8F80430C8F8D3
:10DB00000800A849D3F88000E5F37CF3D8F8043086
:10DB1000C8F81000A449D3F88000E5F373F3A34BD1
:10DB2000C8F80C00C4F880800093A14BA149019370
:10DB3000A14BA24A0293A24B0393A24B0493A24B84
:10DB4000059338682346FCF7B9FB8046002840F06F
:10DB50006F8184F82C003B699C49D3F88000E5F381
:10DB600051F384F86F003220E9F3F0F40746606364
:10DB7000002800F05D8141460A2206A8E4F3CAF4B9
:10DB80000C238DF8193099238DF81A30A6238DF8BF
:10DB90001B3008238DF81E30B7238DF81F30E22389
:10DBA0008DF820308A4AC4238DF821308DF8186012
:10DBB0008DF81D601068516809AB03C3128985494F
:10DBC0001A80854B3E70A363844B84F85A80E363CC
:10DBD000636B9E71D5F88000E5F338F3002800F000
:10DBE00093807C49D5F88000666BE5F30BF3707089
:10DBF0007B49D5F88000666BE5F304F3B070794992
:10DC0000D5F88000666BE5F3FDF2F0707649D5F843
:10DC10008000666BE5F3F6F230717449D5F8800048
:10DC2000666BE5F3EFF270717149D5F88000666BB1
:10DC3000E5F3E8F2F0716F49D5F88000666BE5F323
:10DC4000E1F2B0716C49D5F88000E5F3DBF284F8BD
:10DC500044006A49D5F88000666BE5F3D3F2307270
:10DC60006749D5F88000666BE5F3CCF27072616BA2
:10DC700005230A31634A2046FFF7A7FE616B05239F
:10DC80000F3186B2604A2046FFF79FFE616B052385
:10DC9000143136185D4A2046FFF797FE616BB6B225
:10DCA0001931052336185A4A2046FFF78EFE616B5C
:10DCB000B6B236180B7AB6B2B34225D11E3105235F
:10DCC000544A2046FFF781FE616B0523233186B25B
:10DCD000514A2046FFF779FE616B0523283136183B
:10DCE0004E4A2046FFF771FE616BB6B20523361827
:10DCF0002D3120464A4AFFF768FE636BB6B23618EC
:10DD00005B7AB6B2B34225D0626B00235370626B6C
:10DD10000C219370626BD370626B1171616B022284
:10DD20004A71A86F616B0068C871616B0A72616BA0
:10DD30004A72606B812284F8402006A90A2284F886
:10DD400041300A30E4F362F3606B09A91E300A2205
:10DD5000E4F35CF3626BAB6FD27900211A6004F1DB
:10DD60004D000822E4F3D6F3002384F8583084F8F9
:10DD70005930A4F85630D5F880002A49E5F366F208
:10DD8000002851D0D5F880002649E5F33BF284F80D
:10DD90005F0051E0E49D0200D19C0200FA9C020069
:10DDA0000A9E0200629D0200D09D0200512885005B
:10DDB00085DA0000A4E68800E12B85009157010078
:10DDC000D52B8500A45701006DD30000989E02005A
:10DDD0003B380100479E02001127850089278500F6
:10DDE000919D0200319E02001B9E0200F39D0200E5
:10DDF000E29C0200A89D02004E9D0200819D02004F
:10DE00003D9D02000D9D02001D9D02002D9D020002
:10DE1000719D0200549E0200659E0200769E0200E3
:10DE2000879E0200BD9D0200BA2384F85F3003E0A4
:10DE30002046FFF701FE002420460CB0BDE8F0812B
:10DE400030B5044685B0002840D0D0F8201131B15B
:10DE500003689868F5F3F8F60023C4F820312368C6
:10DE60001A6892F82F2022B3D3F8240101A90022C6
:10DE70005EF0A2DA0FE043685A060CD5D4F83051B0
:10DE8000451904E00368C5F81031E9F36BF3D5F8E0
:10DE900010010028F6D1236801A9D3F824015EF00F
:10DEA000A1DA0028E7D104E00368C4F84431E9F3BB
:10DEB00059F3D4F844010028F6D1236804491868BE
:10DEC0002246FCF7A0F92046E9F34CF305B030BD3B
:10DED0005DB3890030B5054687B04FF4A670E9F30D
:10DEE0002FF30446002875D000214FF4A672E4F306
:10DEF00011F33C4B256000933B4B3C4A01930023BC
:10DF0000029303920493059328683949394A2346BA
:10DF1000FCF7D4F900285DD12B6A1A68022A05D1D2
:10DF20005B7D002B0CBF1623302300E0302322182A
:10DF30004430B0F5887F1374EED1A8682E492A4684
:10DF40000023F5F399F6C4F82001002842D04FF4DD
:10DF50007A7345F27352C4F81C31A4F83C210023B3
:10DF60004622C4F84431A4F83E2128468DE8280012
:10DF70004FF48A71214A224B03F008FF0028C4F8AD
:10DF8000300127DB1F4BD5F894068DE818000521DA
:10DF9000B0221D4B00F008FFE0B91C4BD5F89406E9
:10DFA0008DE818000521B222194B00F0FDFE88B95A
:10DFB000D5F894060A21B022164B009401F0A4F97A
:10DFC00040B9D5F8C006B021134A144B009401F0B3
:10DFD00005FC18B12046FFF733FF0024204607B0A8
:10DFE00030BD00BF9150850011658500654E8500EC
:10DFF00018E888005DB389005549850011568500F1
:10E00000ED558500955D8500E94A8500D15C850068
:10E01000514A850095538500854E8500994E8500AF
:10E0200010B5044630B133F091DE2046BDE8104013
:10E03000E9F398B210BD10B504462420E9F386F246
:10E0400000B1046010BD000010B50446E0B14368A3
:10E050000E4918682246FCF7D6F8D4F83C01FFF7C1
:10E06000DFFFD4F83401FFF7DBFFD4F89C0008B1E0
:10E07000E9F378F2D4F8940008B1E9F373F220469A
:10E08000BDE81040E9F36EB210BD00BFBC570100FF
:10E090002DE9F041754B00271F60754B056888B06E
:10E0A00006461F604FF4A070E9F34AF204460028C8
:10E0B00000F0D78039464FF4A072E4F32BF284E8E5
:10E0C00060003046C6F85841FFF7B5FF8046C4F8F7
:10E0D000340130B13046FFF7AEFF8046C4F83C0152
:10E0E00020B92046E9F33EF24446BAE07F210422FB
:10E0F00004F14400E4F30EF27F21042204F17000E5
:10E10000E4F308F2042207A83946E4F303F2336883
:10E1100093F87C20D3F8D800012A13D95549E5F3A8
:10E1200095F0014658B107A80322E4F3CBF207A803
:10E13000042137F0B7D990B107A84F490CE007A8E0
:10E140004E4909E04E49E5F35DF00928034606D83B
:10E150004C4907A801EB83010322E4F3B3F2032245
:10E1600007A904F10800E4F3ADF233684649D3F897
:10E17000D800E5F347F0D5F8D43041F26B02196BC3
:10E18000E06091420ED19B6A8B2B01D0902B09D17C
:10E19000022807D107A83D490422E4F36FF208B929
:10E1A0000323E360D5F8D43041F26B02196B91423E
:10E1B0000DD19B6A932B0AD107A835490422E4F3B9
:10E1C0005DF220B9E368042B01D10623E360D5F8A2
:10E1D000D43041F26B02196B914218D19A6A40F225
:10E1E00035139A4213D107A82A490422E4F346F2D0
:10E1F00058B107A828490422E4F340F228B107A83F
:10E2000026490422E4F33AF208B91323E360002517
:10E21000EAF786FF35F058DF07A90422C4F89450C6
:10E22000C4F89850C4F89C50C4F8A050C4F8A45046
:10E2300084F8F450204633F0C3DE194B30688DE883
:10E2400028001849184A2346029503950495059518
:10E25000FCF734F828B12046C6F85851FFF7F4FE11
:10E260002C46204608B0BDE8F08100BFB46501002F
:10E27000B8650100A89E0200BF57010041B58900A2
:10E28000AE9E020094E98800B19E0200C2570100D0
:10E2900068EB880078E9880080E9880084E98800D4
:10E2A000F16D85003CE98800BC57010030B505469A
:10E2B00087B00C20E9F34AF10446D0B1114B056058
:10E2C0004FF49071009301900722D5F894060E4BFD
:10E2D00000F0DEFC80B90D4B01900093029003909A
:10E2E000049005900A4928680A4A2346FBF7E6FF8E
:10E2F00010B9204607B030BD2046E9F333F10024C1
:10E30000F7E700BFC19D8500299B8500659B8500BF
:10E31000ECED880034590100036810B50446054946
:10E3200018682246FBF76FFF2046BDE81040E9F36E
:10E3300019B100BF3459010070B5054686B00C20F4
:10E34000E9F304F10446002863D00560002601903B
:10E3500004212846334A344B0096FFF7D1FAB042E5
:10E36000606059DB04212846304A314B0096019405
:10E3700003F00CFDB042A0604EDB28462D4922463A
:10E38000FFF7DCFA002847D12B4BD5F894068DE82F
:10E3900018004FF490712522284B00F079FC0028DA
:10E3A0003AD1274BD5F894068DE818004FF49071B8
:10E3B0003C22244B00F06CFC00282DD1D5F89406AB
:10E3C00005219C22204B009500F036FF002823D128
:10E3D000D5F89406802125221C4B009400F070FD96
:10E3E000D0B9D5F8940680213C22194B009400F056
:10E3F00067FD88B9174B01900093174B0390029368
:10E400000490059015492868154A2346FBF756FFE6
:10E4100010B9204606B070BD2046E9F3A3F00024F1
:10E42000F7E700BF51A3850011A3850059A7850018
:10E4300045A78500CDA38500E5A98500F1A385004A
:10E4400015AA850019A4850031A28500D1A28500F6
:10E45000F1A2850009A58500E1A9850028EE8800C4
:10E4600050B9890038B5056804462246286806492F
:10E47000FBF7C9FE284605492246FFF764FA204605
:10E48000BDE83840E9F36EB050B98900CDA38500EE
:10E49000024602490068FBF7B6BE00BF3A590100C8
:10E4A00030B50D4B87B000930023044601930293CF
:10E4B0000393049305930949094A23460068FBF72F
:10E4C000FDFE002814BF4FF0FF350025204638F030
:10E4D00071D8284607B030BDA1B08500445901006D
:10E4E0003A5901002DE9F043064687B038200F461F
:10E4F00091469846E9F324F00446002838D00021DC
:10E500003822E4F307F0D7F83C0640211A4A04F118
:10E510002003F5F711FB054620B12046E9F322F070
:10E52000002425E0154BC4F81C80A760C4F80C90AB
:10E530002661134900930190029003900490059086
:10E54000234630460F4AFBF7B9FE034660B9E06840
:10E550000D492246F5F390F30546A06140B92069C4
:10E560000A492246FBF74FFE2046E8F3FBF72C460C
:10E57000204607B0BDE8F08314C68900EDB48500DD
:10E5800058EE8800B89E02004DB585005C59010028
:10E5900010B5044638F042DA0F4920692246FBF7ED
:10E5A00032FEA16961B1237D23B1E068F5F3E0F2A9
:10E5B00000232375E068A169F5F346F30023A36106
:10E5C000A36804F12001D3F83C06F5F7C1FA204610
:10E5D000E8F3C8F7002010BDB89E020010B504464D
:10E5E000C0B122460C494068FFF7C3F92246606873
:10E5F0000A4903F00EFE224660680949FFF7A3F9B5
:10E60000A06808492246FBF7FEFD2046BDE8104001
:10E61000E8F3A8B710BD00BF21BF850081C5850004
:10E6200029BB85006359010070B5054686B01820E6
:10E63000E8F386F70446002800F0E980002118225C
:10E64000E3F368F72B680022A360AB686560E360C2
:10E650006B68042123610423A38228466D4B8DE857
:10E660001400FFF74DF900282060C0F2CC80284646
:10E6700069492246FFF778F9002840F0C48028460F
:10E6800066492246FFF75AF9002840F0BC80284628
:10E690006349224603F0B8FD002840F0B480614B86
:10E6A0000190009302900390049005905E492868C1
:10E6B0005E4A2346FBF702FE002840F0A4805C4936
:10E6C0000322D5F8BC063CF039DA5A4E5A490222E8
:10E6D000D5F8C0063CF032DAD5F89406B0213022E5
:10E6E000564B0096019400F051FA002840F08B80C0
:10E6F000534BD5F894068DE8180040F605013622F4
:10E70000504B00F0C5FA00287DD14F4BD5F8940648
:10E710008DE8180040F6040137224C4B00F0B8FA9F
:10E72000002870D1D5F8BC063021444A3346009405
:10E7300001F009F8002866D1D5F8BC063621414A17
:10E740003F4B009400F0FFFF00285CD1D5F8BC06D9
:10E7500037213E4A3C4B009400F0F5FF002852D18F
:10E76000D5F8C00639213A4A3A4B009400F0EBFF45
:10E77000002848D1D5F89406C0213622364B0094A3
:10E7800000F03CFD00283ED13021D5F894060A4621
:10E79000324B009400F094FB002834D1D5F8940655
:10E7A00040F60A0136222E4B009400F027FD50BBA4
:10E7B000D5F8940640F60A0137222A4B009400F05F
:10E7C0001DFD00BBD5F8940630213922264B00945C
:10E7D00000F014FDB8B9D5F8BC0630211F4A234615
:10E7E00001F044F878B9D5F8BC0636211C4A234616
:10E7F00001F03CF838B9D5F8BC063721194A234650
:10E8000001F034F818B12046FFF7E8FE0024204656
:10E8100006B070BDA1BA850021BF850029BB850067
:10E8200081C5850035BC850080EE880063590100F4
:10E830007CEE880019BA8500A4EE880071B88500C6
:10E8400085C68500A5BB8500C1C5850035BB850093
:10E8500021BC8500DDC68500C9C4850005C28500D0
:10E86000C9C0850011C0850035C1850008B1E8F335
:10E8700079B6704737B505463820E8F367F60446A1
:10E8800050B14FF0FF33056005490193054A064B2F
:10E89000009539F0ABDD01E0FFF7E8FF20463EBD13
:10E8A000E9CD8500F1CD8500E1CD850070B5054647
:10E8B00086B01020E8F344F60446002838D0002142
:10E8C0001022E3F327F6002625600121C5F8CC4687
:10E8D0002846194A194B00960194FFF711F8B042E7
:10E8E000E06021DB164B28688DE848001549164A80
:10E8F00023460296039604960596FBF7DFFC98B92B
:10E90000124BD5F894068DE828000521BE22104B45
:10E9100000F04AFA40B9D5F89406C021BE220D4B4A
:10E92000009500F0F1FC18B12046E8F31BF6002436
:10E93000204606B070BD00BF8DD0850089D085000F
:10E94000E1CF8500A8EE8800BF9E02005DD0850063
:10E950003DD0850091D0850010B5044688B103797B
:10E9600023B18068E8F3FEF500232371236805498D
:10E9700018682246FBF747FC2046BDE81040E8F344
:10E98000F1B510BDBF9E020008B1E8F3EBB57047CA
:10E9900037B505460420E8F3D3F50446002855D0E2
:10E9A0002D4B056040F23F11009301902D22D5F8C8
:10E9B00094062A4B00F06CF9002847D1284BD5F873
:10E9C00094068DE818004FF495713D22254B00F018
:10E9D0005FF900283AD1244BD5F894068DE8180049
:10E9E0004FF495714A22214B00F052F970BB204B35
:10E9F000D5F894068DE81800152150221D4B00F023
:10EA0000D3F918BBD5F8940605212D221A4B009492
:10EA100000F0F4FBD0B9D5F89406C0212D22174B95
:10EA2000009400F0EBFB88B9D5F89406C0213D2294
:10EA3000134B009400F0E2FB40B9D5F89406C021D6
:10EA40005022104B009400F05FFC18B12046FFF7F5
:10EA50009BFF002420463EBDC5D28500CDD0850059
:10EA600011D38500E1D085000DD38500DDD0850070
:10EA700071D28500B5D0850041D1850001D28500D5
:10EA800021D285007DD1850010B50446A0B1036870
:10EA9000806F00225A6108B1E8F364F5D4F8980059
:10EAA00008B1E8F35FF5606808B1E8F35BF520466C
:10EAB000BDE81040E8F356B510BD2DE9F04104461D
:10EAC0004FF4B6700D4616469846E8F33FF50746F4
:10EAD00010B940F2F2331EE004608560C660282061
:10EAE000E8F334F5B86710B940F2F33313E0582077
:10EAF000E8F32CF5C7F8980040B12C30C7F89C001B
:10EB00003020E8F323F5786060B902E04FF47D73BC
:10EB100001E040F2F5333846C8F80030FFF7B4FFA3
:10EB2000002703E00023C8F8003060613846BDE8E4
:10EB3000F0810023C218D2F8C020CA500433182B29
:10EB4000F8D170474FF4C863C0F864366823C0F842
:10EB500068364FF48073C0F86C360223C0F8703604
:10EB6000C0F874367047000010B5044650B1036811
:10EB7000054918682246FBF746FB2046BDE81040D1
:10EB8000E8F3F0B410BD00BF0D5A010001F0F00130
:10EB90002DE9F04F0E110168B0F81080096889B0B6
:10EBA000C9699446D1F8C010079388450446B0F867
:10EBB00012A0838AC78AB2B25CDA817900295CD15B
:10EBC000324D05EBC200808806E055F8329019F806
:10EBD0000190E14502D001318142F6D381424FD00C
:10EBE000E71937F812B0013237F81250A244454500
:10EBF00023441AD2C5EB080805F101090AEB050107
:10EC000042460AEB0900CDF814C00693E3F35EF424
:10EC1000069B0C2202FB093002FB053102FB08F2C5
:10EC2000E3F354F4DDF814C0069B3146002207E0FC
:10EC300007EB460030F802E00EF1010E20F802E08A
:10EC4000013102320D29F3D91299CBEB0502009163
:10EC500013990AEB0B0001910C2101FB0B3192B2CD
:10EC6000079BCDF808C000F0A1FB238A00200133E8
:10EC7000238207E06FF0150004E06FF0160001E05A
:10EC80006FF01D0009B0BDE8F08F00BF68590100AA
:10EC90002DE9F347DDF82890DDF82CA007460E4655
:10ECA00015469846002456FA04F3DB070AD52101DD
:10ECB000384601F0F0012A4643468DE80006FFF78A
:10ECC00065FF18B901340D2CEDD10020BDE8FC879B
:10ECD0002DE9F04F89B007920268B0F818801268E9
:10ECE0009C46D2690446D2F8C420B0F81AA09045D8
:10ECF000838BC78B50DA8279002A50D101F0F0065D
:10ED00003611C719B2B237F812B0013237F81250C3
:10ED10008244454503441AD2C5EB080805F10109B0
:10ED20000AEB050142460AEB0900CDF814C0069330
:10ED3000E3F3CCF3069B0C2202FB093002FB053106
:10ED400002FB08F2E3F3C2F3DDF814C0069B314680
:10ED5000002207E007EB460030F802E00EF1010E5A
:10ED600020F802E0013102320D29F3D91299CBEBE0
:10ED70000502009113990AEB0B000191079992B2D9
:10ED800002910C2101FB0B31634600F00FFB238B3A
:10ED900000200133238304E06FF0150001E06FF0E1
:10EDA000160009B0BDE8F08F2DE9F347DDF8289093
:10EDB000DDF82CA007460E4615469846002456FA64
:10EDC00004F3DA070AD52101384601F0F0012A469A
:10EDD00043468DE80006FFF77BFF18B901340D2C80
:10EDE000EDD10020BDE8FC872DE9F04F89B00792F6
:10EDF0000268B0F8308012689C46D2690446D2F8A6
:10EE00000021B0F832A09045838EC78E50DA827907
:10EE1000002A50D101F0F0063611C719B2B237F806
:10EE200012B0013237F812508244454503441AD2D9
:10EE3000C5EB080805F101090AEB050142460AEB9A
:10EE40000900CDF814C00693E3F340F3069B0C22AF
:10EE500002FB093002FB053102FB08F2E3F336F353
:10EE6000DDF814C0069B3146002207E007EB4600A0
:10EE700030F802E00EF1010E20F802E0013102321A
:10EE80000D29F3D91299CBEB0502009113990AEBE6
:10EE90000B000191079992B202910C2101FB0B31F9
:10EEA000634600F083FA238E00200133238604E0BA
:10EEB0006FF0150001E06FF0160009B0BDE8F08FAB
:10EEC0002DE9F04F87B005920268B0F820801268F3
:10EED0009C46D2690446D2F8C820B0F822A09045DA
:10EEE000838CC78C4CDA8279002A4CD101F0F00671
:10EEF0003611C719B2B237F812B0013237F81250D2
:10EF000082444545034419D2C5EB080805F10109BF
:10EF10000AEB050142460AEB0900CDF80CC0049348
:10EF2000E3F3D4F2049B4FEAC80203EBC90003EBFE
:10EF3000C501E3F3CBF2DDF80CC0049B314600229F
:10EF400007E007EB460030F802E00EF1010E20F872
:10EF500002E0013102320D29F3D91099CBEB050201
:10EF6000009105990AEB0B00019192B203EBCB01E2
:10EF7000634600F02BFA238C00200133238404E045
:10EF80006FF0150001E06FF0160007B0BDE8F08FDC
:10EF90000368F0B5DB690C25B3F8C020064605FB15
:10EFA00002F4433222F003020134A418B3F8C4205F
:10EFB0004FF6FE7102F11F006A4321404118501CB8
:10EFC0004FF6FC720A408218B3F800014FF6FE714A
:10EFD00000F11F046843114061184FF6FC720130C4
:10EFE0000A408218B3F8C8004FF6FE7100F11F0402
:10EFF00011406118C0004FF6FC7201300A408218BF
:10F00000B3F8CC004FF6FE7100F11F0411406118F7
:10F01000C0004FF6FC720A40B3F80431013080188A
:10F020004FF6FE7203F11F010240DB008A18591CE3
:10F030004FF6FC731340CB184FF6FE771F401C377A
:10F04000BFB287B03846E8F37BF20446002800F0F0
:10F05000BC8000213A46E3F35DF2402363823368CB
:10F060004FF6FC72DB692660B3F8C010A78001F18F
:10F070004300024005FB0121A28201314FF6FE72DE
:10F080000A40B3F8C410E2821C3292B2C81C1018B5
:10F0900062834FF6FC72024005FB0121A28301311D
:10F0A0004FF6FE720A40B3F80011E2831C3292B2AE
:10F0B000C81C101862864FF6FC72024005FB012145
:10F0C000A28601314FF6FE720A40B3F8C810E286FC
:10F0D0001C3292B2C81C101862844FF6FC720240B7
:10F0E00002EBC1010131A2844FF6FE720A40B3F86F
:10F0F000CC10E2841C3292B2C81C101862854FF604
:10F10000FC72024002EBC1010131A2854FF6FE7292
:10F110000A40B3F80411E2851C3292B2CB1C62871C
:10F12000D2184FF6FC731340A38703EBC1030133DE
:10F130004FF6FE721A40E2870025274F57F8353008
:10F1400063B1264B29018DE81800DD22204601F02D
:10F15000F001234BFFF71AFD002836DB01350D2D9A
:10F16000EBD1002557F8353053B12901DD22204677
:10F1700001F0F0011B4B0094FFF7A2FE002824DBF6
:10F1800001350D2DEED1184BB0218DE81800FF226E
:10F190002046164BFFF7FAFC002816DBB021FF22B1
:10F1A0002046134B0094FFF78BFE00280DDB114B1C
:10F1B000002102933068104A234600910191039187
:10F1C00004910591FBF77AF818B12046FFF7CCFCC3
:10F1D0000024204607B0F0BD685901000DD5850018
:10F1E00061D58500ADD58500F1E0000043E1000068
:10F1F00091E0000099D485000D5A01002DE9F743F4
:10F20000DDF8289007460E4615469846002456FA23
:10F2100004F3D8070AD52101384601F0F0012A4647
:10F220004346CDF80090FFF74BFE18B901340D2C82
:10F23000EDD10020BDE8FE832DE9F04F87B00592A7
:10F240000268B0F8288012689C46D2690446D2F859
:10F25000CC20B0F82AA09045838DC78D4CDA8279F6
:10F26000002A4CD101F0F0063611C719B2B237F8B6
:10F2700012B0013237F8125082444545034419D286
:10F28000C5EB080805F101090AEB050142460AEB46
:10F290000900CDF80CC00493E3F318F1049B4FEA86
:10F2A000C80203EBC90003EBC501E3F30FF1DDF87E
:10F2B0000CC0049B3146002207E007EB460030F803
:10F2C00002E00EF1010E20F802E0013102320D29B8
:10F2D000F3D91099CBEB0502009105990AEB0B00CD
:10F2E000019192B203EBCB01634600F06FF8238DDE
:10F2F00000200133238504E06FF0150001E06FF07A
:10F30000160007B0BDE8F08F2DE9F743DDF828902F
:10F3100007460E4615469846002456FA04F3DB07C6
:10F320000AD52101384601F0F0012A464346CDF8BE
:10F330000090FFF781FF18B901340D2CEDD10020AA
:10F34000BDE8FE832DE9F047089F9A4604469DF8E4
:10F350002460034600250CE013F8010B86420AD016
:10F360001DB113F802ECB64501D2864203D901352E
:10F37000ADB29542F0D1AA4207FB05180ED9C5EBF4
:10F380000209414607FB09F208EB0700E3F39EF090
:10F39000681C201861194A46E3F398F0404651462C
:10F3A0003A46E3F333F06655BDE8F0877FB5039343
:10F3B000089B0493099B05930C2300939DF8283028
:10F3C000019303ABFFF7BEFF07B000BD1FB502936B
:10F3D000069B0393082300939DF81C30019302AB16
:10F3E000FFF7B0FF05B000BD37B5254BD0F89456F8
:10F3F00004460093019040F23F1128467F22214BA2
:10F40000FFF746FC00283AD11F4B28468DE818002C
:10F4100041F63F5140221D4BFFF7C6FC78BB1C4B09
:10F4200028468DE8180040F63F119822194BFFF747
:10F43000BBFC20BB184B28468DE8180040F22F116A
:10F44000A822164BFFF7B0FCC8B9284640F20F11AE
:10F450007F22134B0094FFF7D1FE80B9284640F27B
:10F460000F1198220F4B0094FFF74EFF38B9284632
:10F4700040F20F11A8220C4B0094FFF745FF3EBD50
:10F4800055F0850081EC8500A1F08500A1EC850098
:10F4900009F0850007E2000019F1850015ED8500EF
:10F4A000C5ED850085ED850001EE850037B5104B73
:10F4B000D0F8945604460093019005212846002276
:10F4C0000C4BFFF7E5FB90B90B4B28468DE8180075
:10F4D00005210122094BFFF7DBFB40B9084B284609
:10F4E0008DE8180005213222064BFFF7D1FB3EBD07
:10F4F00049E7850011E7850065E785001DE7850080
:10F500002DE7850001E7850037B5254BD0F89456E7
:10F510000446009301904FF4907128460022214B3D
:10F52000FFF7B6FB00283AD11F4B28468DE818009C
:10F530004FF4907101221D4BFFF7AAFB78BB1C4BC7
:10F5400028468DE818004FF490713222194BFFF7CE
:10F550009FFB20BB184B28468DE818004FF4907194
:10F560000322164BFFF794FBC8B9154B28468DE8CC
:10F5700018004FF490710622124BFFF789FB70B907
:10F58000284680210522104B0094FFF799FC30B9E2
:10F590002846802105220D4B0094FFF791FC3EBDCB
:10F5A00001EC850089E985003DEC850091E9850045
:10F5B000A5EB850045E9850079EB850031E98500FB
:10F5C000CDEB850061E985009DE9850019EB85009B
:10F5D00037B5154BD0F8945604460093019040215E
:10F5E00028460022114BFFF7D1FAE0B9104B28460C
:10F5F0008DE81800402101220E4BFFF7C7FA90B9A1
:10F600000D4B28468DE81800402132220B4BFFF7A6
:10F61000BDFA40B90A4B28468DE818004021032264
:10F62000084BFFF7B3FA3EBD8DF2850031F285003D
:10F63000A5F285003DF2850071F2850021F285007A
:10F6400049F2850011F2850037B50A4BD0F894567F
:10F65000044600930190B02128461022064BFFF784
:10F6600095FA30B92846B0211022044B0094FFF7D8
:10F6700027FC3EBD65E8850081E78500ADE7850094
:10F6800037B5D0F8945604460090C0212846002291
:10F69000114BFFF7B3FDF0B92846C02101220F4BF3
:10F6A0000094FFF7ABFDB0B92846C02106220C4BF1
:10F6B0000094FFF7A3FD70B92846C021A822094B8A
:10F6C0000094FFF721FE30B92846C0219822064B4E
:10F6D0000094FFF719FE3EBDF9F2850021F3850085
:10F6E000D9F285003DF38500C1F2850010B50446CE
:10F6F00050B10368054918682246FAF784FD204690
:10F70000BDE81040E7F32EB710BD00BFAA5A0100B4
:10F7100038B505460C20E7F313F7044638B100214D
:10F720000C22E2F3F7F60C232560A38001E0FFF73B
:10F73000DDFF204638BD28B18368DA88013ADA80D7
:10F74000E7F310B770472DE9F04F9B46038B87B066
:10F75000C518C65AB5F80480438AC6EB0808984510
:10F7600005919446878AB0F816A032DA6C88C719DA
:10F770004445824416DAC4EB080804F1010939193A
:10F78000424607EB0900CDF810C0E2F39FF60C22C9
:10F7900002FB09A002FB04A102FB08F2E2F396F6C9
:10F7A000DDF810C06B88A21B01336B80AB880C2185
:10F7B0000133AB80109BB8190193059B01FB06A197
:10F7C000029392B26346CDF800B0FFF7EFFD002040
:10F7D00001E06FF0150007B0BDE8F08F2DE9F04FA4
:10F7E0009B46038B9446C518AC8830F80380428A48
:10F7F000C8EB040387B093420591878AB0F816A03E
:10F800002FDA9C42074482446E8816DAC8F1000859
:10F8100004F101093919424607EB0900CDF810C07F
:10F82000E2F354F60C2202FB09A002FB04A102FB46
:10F8300008F2E2F34BF6DDF810C0AB88A21B0133EF
:10F84000AB80109B0C210193059BB819029301FB1F
:10F8500006A192B26346CDF800B0FFF7A7FD0020E5
:10F8600001E06FF0150007B0BDE8F08F2DE9F04F13
:10F870009B46038C85B0C518C65AB5F80480438BE7
:10F88000C6EB0808984503919446878BB0F81EA0F4
:10F890002EDA6C88C7194445824415DAC4EB08088F
:10F8A00004F101093919424607EB0900CDF808C0F7
:10F8B000E2F30CF60AEBC9000AEBC4014FEAC802F6
:10F8C000E2F304F6DDF808C06B88A21B01336B80FD
:10F8D000AB88B8190133AB80039B0AEBC6010193D7
:10F8E00092B26346CDF800B0FFF770FD002001E052
:10F8F0006FF0150005B0BDE8F08F00002DE9F04F66
:10F90000036885B003931B681546DB69C288D3F88A
:10F91000D03007469A420E465BDA09B14E1CB6B2A9
:10F920000DB10135ADB206F127034FF6FC7A03EABB
:10F930000A0A0C2303FB06A34FF6FE78013303EA01
:10F94000080808F10903EB184FF6FC7B03EA0B0BE0
:10F950000BEBC50201324FF6FE73134003F10609AB
:10F960001FFA89F948460293E7F3EAF504460028AE
:10F9700030D000214A46E2F3CDF5029B039923845F
:10F98000FB88A4F81880242208F1060801332160BE
:10F99000A760A4F81090A282A4F816A0A4F81C8076
:10F9A000A4F81EB066826583FB8046B1DD21204647
:10F9B0000C4A0D4B0094FFF7C6FE00280ADB6DB120
:10F9C000DD212046094A2346FFF750FF002805DACB
:10F9D00000E000242046FFF7AEFE0024204605B0DC
:10F9E000BDE8F08F85F5850041F58500BDF5850002
:10F9F0007FB50A4A034600920022019202920392C6
:10FA0000049205920649074A0068FAF757FC002855
:10FA100014BF4FF0FF30002007B000BD991E8600D4
:10FA200078F08800AE5A0100024602490068FAF7F1
:10FA3000EABB00BFAE5A010010B5044648B10368E6
:10FA400021461868FAF7FEFC2046BDE81040E7F3AF
:10FA500089B510BD37B505460820E7F377F50446AC
:10FA6000A0B10560002201900C2128460A4B0092AB
:10FA7000FDF746FF0028606008DB084B286800930C
:10FA80002146074A0423FAF76CFC18B12046FFF719
:10FA9000D3FF002420463EBD1D2686002CF18800A1
:10FAA0003126860010B50446C06818B1E7F35AF550
:10FAB0000023E36010BD10B50446A020E7F340F535
:10FAC00070B1E060A06000F19002034610339342F1
:10FAD00043F8103CFAD10023C0F89030184610BD0E
:10FAE0006FF01A0010BD000038B50446002852D04F
:10FAF000002105683FF04EDA20463FF02BD86369BD
:10FB000033B12046002141F015DA606938F044DC59
:10FB1000A36933B12046012141F00CDAA06938F025
:10FB20003BDC236933B12046022141F003DA20692E
:10FB300038F032DCE36F33B12046032141F0FAD9CB
:10FB4000E06F38F029DC204641F09AD9D4F89800CB
:10FB5000E7F308F501E03EF027DEE16920460029E1
:10FB6000F9D1FFF79FFFD5F8440118B10A492A4699
:10FB700000F08FF9286809492246FAF744FBD4F8C7
:10FB8000A8301BB104F1A800E1F3DAF62046BDE885
:10FB90003840E7F3E7B438BD11428600F4C8890065
:10FBA00030B5054687B0B020E7F3CAF40446002814
:10FBB00000F099800021B022E2F3ACF40A2384F82B
:10FBC0004330012384F84830FF2384F8203084F840
:10FBD000213084F8223084F823302560C420E7F3F4
:10FBE000AFF4C4F8980000287DD020463FF0C4D977
:10FBF00020463FF047DD2B6841F26B02D3F8D4304A
:10FC000020F07F00196BA0879142204608D19B6AA3
:10FC1000932B05D13FF036DDC0F58440683001E01C
:10FC20003FF034DDE087E38F204623F07F03E38756
:10FC30003FF02CDD41F2883222652E4A002320F06D
:10FC40007F00A4F84000E36400922B4A04930192E1
:10FC50002A4A059302922A4A2868039229492A4A85
:10FC60002346FAF72BFB00283DD1D5F8E80538F0FC
:10FC700069DB6061002836D0D5F8E80538F062DB32
:10FC8000A06180B3D5F8E80538F05CDB206150B3A3
:10FC90002046FFF710FF30BBD5F8E80538F052DBFF
:10FCA000E06700B3012384F87830D5F8440141F2CD
:10FCB0007073A4F87A3020B114492A4600F0E6F8AF
:10FCC00088B9204601213FF065D94FF44843A36528
:10FCD0000023E36532232366D5F8380604F1A80132
:10FCE000E1F318F618B12046FFF7FEFE0024204687
:10FCF00007B030BD59348600B152860039528600B3
:10FD0000ED3686004CF18800F4C889001142860067
:10FD100038B50446002827D00568144928682246CB
:10FD2000FAF771FA236A1BB104F12000E1F308F637
:10FD3000E3691BB104F11C00E1F302F6A3691BB1F6
:10FD400004F11800E1F3FCF563691BB104F1140040
:10FD5000E1F3F6F5284606492246FDF7F4FD204674
:10FD6000BDE83840E7F3FEB338BD00BFB0CB890033
:10FD70002D62860070B5054686B03020E7F3E6F3C5
:10FD80000446002859D04FF0FF3303610422FF21BD
:10FD900005600A30E2F3BEF30B2104F10E00E3F339
:10FDA00091F700238DE8180004212846264A274BA6
:10FDB000FDF7A6FD002860603FDB28462449224667
:10FDC000FDF7BCFD002838D1D5F8386604F11401E0
:10FDD0003046E1F39FF500282FD1304604F1180199
:10FDE000E1F398F548BB304604F11C01E1F392F5CC
:10FDF00018BB304604F12001E1F38CF5E8B9154B4E
:10FE000001900093144B04900293144B05900393BC
:10FE100028681349134A2346FAF750FA68B920466E
:10FE200041F09ADF20B12046012141F0C9DF20B91D
:10FE30003223A3622623636203E02046FFF768FFB4
:10FE40000024204606B070BD45638600FD62860032
:10FE50002D628600A962860051658600F9628600DF
:10FE60003CF28800B0CB89004069E1F32FB54069CE
:10FE7000E1F38EB58069E1F329B58069E1F388B5D6
:10FE8000C069E1F323B5C069E1F382B5006AE1F32B
:10FE90001DB5006AE1F37CB538B5044660B105686C
:10FEA000224606492868FAF7AEF92046E7F35AF3E6
:10FEB0002B68002283F84E2038BD00BF54CC890047
:10FEC00070B50368002686B0054683F84E600C20A6
:10FED000E7F33CF30446002843D0234B0560234955
:10FEE0008DE848002868224A234602960396049625
:10FEF0000596FAF7E3F9064600282ED18DE81100A1
:10FF00001C2128461B4A1C4BFDF7FAFC00286060A8
:10FF100023DB0C212846194A194B0096019401F065
:10FF200035FF0028A06018DB164BD5F894068DE845
:10FF300018000A213822144BFEF7AAFE68B9D5F83A
:10FF400094060A213822114B0095FFF757F920B982
:10FF50002B68012283F84E2003E02046FFF79CFF28
:10FF60000024204606B070BDD971860054F2880086
:10FF700054CC8900A97186007D7186009176860037
:10FF80005D7686007D778600197786004977860042
:10FF900070B5064686B00820E7F3D2F20446A0B159
:10FFA0000B4B0025066045600A498DE82800306843
:10FFB000094A23460295039504950595FAF77EF9BB
:10FFC00018B12046E7F3CEF22C46204606B070BDAD
:10FFD0004D7E860098F28800B0C6890010B50446B0
:10FFE00050B10368054918682246FAF70CF9204613
:10FFF000BDE81040E7F3B6B210BD00BFB0C689003F
:020000041004E6
:1000000070B5044600282AD0066822463068144994
:10001000D6F84451FAF7F7F8224630461149FDF771
:1000200092FC224630461049FDF799FC22462846AC
:100030000E49FFF71CFF224628460D49FFF71DFF1A
:10004000224628460B49FFF71EFF28460A4922464A
:10005000FFF71FFF2046BDE87040E7F383B270BD95
:1000600035D289005D8786006D978600FD84860005
:10007000E9868600CDAA8600A5928600F0B5D0F864
:10008000446187B005465820E7F35AF20446002839
:1000900000F0938000215822E2F33CF22046202118
:1000A000494A40F8205BE2F39BF201274FF0FF330F
:1000B000E06184F84070A4F84C3030464349224651
:1000C000FFF7D2FE002878D1304641492246FFF79B
:1000D000D1FE002871D130463E492246FFF7D0FEBE
:1000E00000286AD130463C492246FFF7CFFE00285F
:1000F00063D1284639492246FDF72CFC06460028E4
:100100005BD18DE8110004212846354A354BFDF7B7
:10011000F7FB0028206150DB28463946324633463B
:1001200000960194FDF7ECFB0028606145DB04219B
:1001300028462D4A2D4B0096019401F027FE0028F9
:10014000A0613ADB28462A492246FDF7F7FB002842
:1001500033D1284B03EBC60253F8363063B15268F3
:1001600052B131018DE81400D5F8940601F0F00188
:10017000C022FEF7ADFD00BB01360D2EE9D11E4BAE
:100180001E4A009300230193029203930493059364
:1001900028681B491B4A2346FAF790F868B920469D
:1001A00046F0F6D820B12046012144F0C3D820B94A
:1001B000636C43F00403636403E02046FFF720FF11
:1001C0000024204607B0F0BDB15A0100FD8486002E
:1001D000E9868600CDAA8600A59286006D978600E6
:1001E0000192860089918600059E8600F19D860019
:1001F0005D878600C49E0200198A860055AB860082
:10020000ECF2880035D2890038B50446D0B1806858
:1002100008B1E7F3A7F1236943B90EE0236953F866
:10022000350008B1E7F39EF1013500E00025E368F1
:100230009D42F3DB2069E7F395F12046BDE83840A5
:10024000E7F390B138BD00002DE9F04105461820D4
:10025000E7F37CF10446002833D02B680560DB69A6
:100260000C20DB6901335843E7F370F1A06040B321
:100270002B681820DB69DA695B6F6260E360E7F383
:100280005FF12061E8B1124918220026E2F3BEF0C6
:1002900037460EE00E4BD4F810809B191879800079
:1002A000E7F354F1236948F806009B59083643B137
:1002B0000137E3689F42EDDB6B68064ADC609A60B9
:1002C00003E02046FFF7A0FF00242046BDE8F081B0
:1002D0002C9F0200B9BC860010B5C468A1420BDA9D
:1002E000006900EBC1042479A24208DA50F8311009
:1002F000002041F8223010BD6FF0150010BD6FF0E6
:10030000150010BD47F06C9B10B50446FFF7FAFFCF
:10031000E084000C84F82800002010BDD0F8F033F1
:1003200010B5044683B1D3F8280830B1E7F31AF1C9
:10033000D4F8F0330022C3F82828D4F8F003E7F308
:1003400011F10023C4F8F03310BDC36B10B504469F
:1003500083B1836B5B6B0B2B07D1D0F8E00320B12B
:10036000E7F300F10023C4F8E033E06BE7F3FAF0C1
:100370000023E36310BD10B504460120E7F3E0F06D
:100380000346E063A8B100210122E2F3C3F0A36BAE
:100390005B6B0B2B0CD14FF49470E7F3D1F0034659
:1003A000C4F8E00328B100214FF49472E2F3B2F0F4
:1003B0000123184610BD70B5044640F678100D466E
:1003C000E7F3BEF0C4F8F003002831D0002140F676
:1003D0007812E2F39FF0B4F85220D4F8F0330026FC
:1003E0001A70D4F8F033204683F8B660C3F8B060D2
:1003F000D4F8F03383F8B460A36B83F88460A36B04
:100400001E679E673C23C4F8BC301023C4F8C0307C
:10041000C4F8C46000F09AFFA36B022D0CBF1A6FE2
:100420009A6F0020DA6684F8C36284F8C26270BDF5
:100430006FF01A0070BD0000B0F8C632F7B5044680
:100440000E46FBB10846E2F311F107461348E2F30A
:100450000DF13F181037BFB23846E7F371F005468B
:10046000B8B1B4F8C632394600930D4A3346E2F3C8
:10047000B7F0E06C2946E2F3E9F607462846E7F3D1
:1004800071F03FB9E06C314603B0BDE8F040E2F3F3
:10049000DDB60746384603B0F0BD00BF8F9F0200AF
:1004A0007A9F0200044B1B78012B02D100200070C0
:1004B0007047FFF7C1BF00BFFC0300002DE9F34701
:1004C0001C46B0F8C632074688469146C66C002BDB
:1004D00032D00846E2F3CAF082462248E2F3C6F080
:1004E00082440AF1100A1FFA8AFA5046E7F328F00C
:1004F000054600282FD0B7F8C632514600931A4A55
:100500004346E2F36DF038462946FFF7CBFF074636
:1005100068B130462946E2F38DF640B1484506DD24
:10052000304629464A46E2F379F6824600E0A24682
:100530002846E7F317F08FB930464146E2F37AF6E2
:1005400058B1484509DD304641464A4602B0BDE84B
:10055000F047E2F363B6824600E0A246504602B09E
:10056000BDE8F0878F9F02007A9F020010B5144605
:10057000FFF798FF28B100210A46BDE81040E2F3DA
:1005800001B4204610BD000038B500220D460849D0
:100590000446FFF7EBFFC0B22823A84284F86603A5
:1005A00084F8D531CCBF84F8663384F8D50138BDE2
:1005B000D69F0200012238B580F860200A23826BA2
:1005C000002580F89E31032380F89F3180F86F5317
:1005D00080F8715380F8735380F8755380F877531F
:1005E00080F8BA5182F88A304FF6CE73A0F878328C
:1005F00014491422C0F874520446FFF7B7FF124999
:1006000084F866032A462046FFF7B0FF7F2384F86C
:100610007B304FF0FF33A4F8983004F5F673C4F83C
:100620008C31642384F858300423C4F8280384F8F8
:100630006C50C4F8E453C4F8745284F8D43184F88C
:10064000D63138BDD69F02005E9F02000022FFF720
:100650008DBF000010B517490446FFF7F7FFC0B281
:1006600084F8E8030138C0B2FD2802D9732384F866
:10067000E83394F8E833204684F8E9330E49FFF76D
:10068000E5FFC0B284F8EA0308B10F2802D10523C0
:1006900084F8EA3394F8E82394F8EA33D31A84F818
:1006A000EB33002384F8EC3384F8EE33112384F821
:1006B000ED3310BD849F0200E79F02002DE9F04159
:1006C00005460C4617461E46FFF7ECFE38B1284695
:1006D00021463A463346BDE8F041FFF7EFBE3046CB
:1006E000BDE8F0810023FFF7E9BF000070B50122EB
:1006F0000D463C490446FFF739FF3B4984F868033F
:1007000000222046FFF732FF384984F82C030722E5
:100710002046FFF72BFF364984F82D032046FFF7CC
:10072000C1FE88B132492046A66BFFF78FFF3049E2
:1007300030672046A66BFFF789FFA36BB067022DD9
:100740000CBF1A6F9A6FDA662A4900226FF0950380
:100750002046FFF7B3FF274984F8340301222046DF
:100760006FF09503FFF7AAFF022584F835030023F5
:100770002A4620461F49FFF7A1FF63190135052DC1
:1007800083F83403F3D100252A4620461A49FFF79F
:10079000A9FF631901350E2D83F85703F4D1012306
:1007A00084F86733062220461449FFF7DFFE002253
:1007B00084F8650312492046A56BFFF7D7FE11495F
:1007C00085F82C0100222046FFF7D0FE002384F894
:1007D0003E034021204684F82433BDE87040FFF7F3
:1007E000D3BE00BF6E9F0200449F0200C89F02005C
:1007F000A09F0200F89F0200C19F0200959F020087
:10080000AD9F0200699F020010B5044628B104683C
:10081000003418BF0124E6F3A5F6204610BD10B53C
:10082000848B0C80018C118040F2DA321A8090F8AF
:100830003520029B01201A8010BD90F834007047CB
:10084000C06A7047836B9961704738B504460028C9
:100850003ED0C56D013DC565002D39D1FFF75EFD68
:100860002046FFF772FDD4F8801229B1A36B1869F6
:1008700000F08CFDC4F88052002584F89551204684
:1008800046F0E4DEA26B1368A34202D1A36C1360AE
:1008900003E09A6CA2421DD19D64D4F8943A0BB146
:1008A00020469847A36B186951F094D8D4F8E41304
:1008B00020B141B1204647F08FD804E019B1A36BB5
:1008C000986852F0CDDC2046E6F34CF6002038BDA7
:1008D000012038BD012038BD2DE9F0478A460021AE
:1008E00004461546C0680A4676469946EBF3DCF6A0
:1008F000804600070CD5276857B1BB6BC7F84C90F2
:100900001869F96A51F02CD8FB6D0133FB65CEE014
:100910004FF42F60E6F314F6074628B96FF01A007B
:10092000314648F0A3DDC5E000214FF42F62E1F32A
:10093000F1F5FB6DC7F844A00133FB652368BC6388
:10094000BB640123C7F84C90276087F85930E26CEC
:1009500041F26B039A4205D1636C932B0CBF0123C8
:10096000182300E01823022DA7F88A3005D118F0CB
:10097000010F1CBF4FF40053FB62BB6BF96A18698F
:1009800050F0EEDF7B6CB3F8E0831FFA88F808F4D0
:1009900070631B0AFB615FFA88F33B62BB6BD8682C
:1009A000F8F739FCFB69A7F8C602092B04D1042328
:1009B000FB613B6A10333B62012387F824304FEA26
:1009C00018333B633846FFF79FFC002875D14FF47E
:1009D0008053A7F856304DF2240241F20103022D54
:1009E00018BF1346A7F8523038463749FFF75AFD6B
:1009F00038B138463449D7F83880FFF727FEC8F8B1
:100A000068003846FFF7B7FC002856D0384629461C
:100A1000FFF76CFE3846FFF7CDFD384600F0D2FBFD
:100A200000284AD029463846FFF7C5FC054600286D
:100A300043D13846FFF70EFE384647F001DD384611
:100A4000012146F0AFDD3846294648F083DB4FF000
:100A5000FF33C7F8D432C7F8D832C7F8DC32C7F84A
:100A6000E032C7F8E432C7F8E832C7F8EC32C7F82A
:100A7000F032384607F11C011C22E1F3C7F420696B
:100A800050F0A8DF60B1BB6B986852F035DEC7F854
:100A9000F80328B96FF01A00314648F0E7DC0CE0A3
:100AA0003846002148F04CDA002387F8FC3907F17A
:100AB0004C03FB643846BDE8F0873846FFF7C5FEB7
:100AC0000020BDE8F08700BF519F020070B50546C9
:100AD0004FF498707646E6F333F5044628B96FF084
:100AE0001A00314648F0C2DC39E000214FF4987218
:100AF000E1F310F52B68A3606B68E360AB682361DA
:100B0000EB6863602B6963612B8CA3846B8CE3843B
:100B10006B6AA362AB6AE362EB6A23632B6B63636A
:100B20006B6B6364AB6BA364EB6BE3642B6C23654F
:100B30006B6C6365AB6CC4F81C316B69A365AB6906
:100B4000E3650F2323663D2363667923A3660123B0
:100B5000C4F818310323E366002384F88B30204661
:100B600070BD00007FB50A4B0A4900930023019332
:100B70000293039304930593074A0368F9F79EFBD6
:100B8000002814BF4FF0FF30002007B000BD00BFA9
:100B900005E3860068F48800B95A0100014902683B
:100BA000F9F731BBB95A01000023F0B51C4607E044
:100BB000CE183568C718C550756801347D60083394
:100BC0009442F5D1F0BD000038B5046C0023C4F8A0
:100BD000243690F86D53094B094A4FF48060002D7C
:100BE0000CBF15461D46E6F3ABF4C4F8240620B14D
:100BF00029468022FFF7D8FF012038BD66AD0200EC
:100C000066B1020070B517494FF0FF32046C05461B
:100C1000FFF7ACFC1449C4F8500517222846FFF72B
:100C2000A5FC0026C4F8540510496FF0250284F88D
:100C300058652846FFF79AFC0D49A4F84805324646
:100C40002846FFF793FC0B49A4F8040C6FF003024D
:100C50002846FFF78BFCB4F84835C318A4F8063CC7
:100C600070BD00BF1DA0020046A802002FA8020010
:100C70009CAC020007AD020038B527490446FFF7D7
:100C8000E5FCC0B228288CBF0023012384F8690347
:100C900084F8CA0384F86D3320462049FFF7D6FC58
:100CA000082820461CD81E490022FFF71BFD80B2F1
:100CB0000022C4F8FC001B492046FFF713FD1A4927
:100CC000C4F800012046FFF7C1FC1849054620463C
:100CD000FFF7BCFC80B240EA0545C4F8045113E0BC
:100CE00013490022FFF7FEFC80B2C4F8FC00114952
:100CF00000222046FFF7F6FC0F49C4F80001204609
:100D0000FFF7A4FCC4F8040120460C49FFF79EFC41
:100D100084F8080138BD00BF1EA40200EFAC020039
:100D200014A802003DA802004CA0020038A0020056
:100D300090AC020035AD0200A1A80200C4A70200D9
:100D4000F8B5A4490022056C0446FFF7CBFCA14985
:100D500085F8BC0401222046FFF7C4FC9E4985F8B3
:100D6000BD04002207232046FFF7A8FC922385F844
:100D7000BE04994901222046FFF7A0FC974985F857
:100D8000BF0400222046FFF7F1FB9549C5F8C404D3
:100D900000222046FFF7EAFB0026A5F858049149F7
:100DA00085F8336420463246FFF7E0FB8E49A5F80C
:100DB0000A042046FFF74AFCB8B1012385F8333412
:100DC0002F464223324620468749FFF777FCAB196E
:100DD000C0B283F82604B5F80A340136C018A7F863
:100DE0000C0402370D2EECD10DE080494222204642
:100DF000FFF7BCFBC2B285F8082420467C49FFF708
:100E0000B5FBA5F806047B4900222046FFF7AEFBA0
:100E1000794985F838044FF0FF322046FFF7A6FBEA
:100E20007649A5F868054FF0FF322046FFF79EFB94
:100E30007349A5F86A054FF0FF322046FFF796FB8D
:100E40007049A5F86E054FF0FF322046FFF78EFB84
:100E50006D4985F8700500222046FFF787FB0026C4
:100E600084F87400324620466849FFF73BFCAB1912
:100E700001360E2E83F80606F4D1A12264492046DD
:100E8000FFF774FB6349C5F8C00546F20F622046C0
:100E9000FFF76CFB0822C5F8C4055F492046FFF741
:100EA00065FB5E49C5F8C8056FF008022046FFF7EC
:100EB0005DFB5B49C5F8CC0540F6BB722046FFF7E9
:100EC00055FB0A22C5F8D00556492046FFF74EFBD0
:100ED0005549C5F8D4056FF044022046FFF746FB9C
:100EE0005249A5F802066FF04A022046FFF73EFB82
:100EF0000122A5F804064E492046FFF737FB80B2D1
:100F0000031C18BF012300F0020085F84A353F2278
:100F100085F84B0547492046FFF728FB642285F8F2
:100F20004C0545492046FFF721FB4449C5F85C05BF
:100F30004FF0FF322046FFF719FBC5F8600501307E
:100F400018BF012085F864053D4900222046FFF7BF
:100F50000DFBC0B200F00F03000900F0010085F89E
:100F6000143685F817063749002226232046FFF756
:100F7000A5FB3449A5F81806012242232046FFF7B5
:100F80009DFB5023A5F81A062E4902222046FFF7A2
:100F900095FB0622A5F81C062B492046FFF7E6FA2A
:100FA00085F81E062046FFF767FE94F86D2320465D
:100FB000002A4DD12549FFF795FB2449A4F8820367
:100FC00001222046FFF78EFB2049A4F87E0320462D
:100FD0004DE000BFC8AC020073A8020087AC02005D
:100FE00054AC02007FA8020074AC0200B1AC020055
:100FF000E3AC020008A0020055A00200F7AC02001A
:1010000061A802001CA80200BAAC02004CAD0200AC
:1010100025A802008DA80200D2AC0200D9AC0200C3
:1010200014A002005FAD02002AAD020067AC02000E
:10103000DFA70200ADA80200FAA70200E8A702009D
:1010400041A0020080AC0200D1A7020045AD020021
:1010500025490022FFF746FB2349A4F88203012219
:101060002046FFF73FFB2049A4F87E0320460222DA
:10107000FFF738FB0023A4F880031C4985F83336BA
:1010800020460222FFF71AFB10B1012385F8333600
:1010900095F833362BB3154900222046FFF722FB83
:1010A0001249A4F82C0A01222046FFF71BFB0F4926
:1010B000A4F8280A02222046FFF714FB0C49A4F8E2
:1010C0002A0A00222046FFF751FA0A4985F831061C
:1010D00028222046FFF74AFA002385F8320684F8D2
:1010E00067330120F8BD00BF0AA80200A5AC0200CA
:1010F000DAA702005AAD020038B50E49046C054665
:10110000FFF7A4FA0C4984F829062846FFF79EFA4F
:10111000FF2284F82A0609492846FFF727FA0849DA
:1011200084F830062846FFF791FAC4F82C0601200F
:1011300038BD00BF5EAC020096A802002BA00200E2
:1011400051A8020038B50446056C4FF46770E6F309
:10115000F7F1C5F82006236CD3F82006B0B1D4F817
:10116000DC300B4A934207D00A4A934206D00A4A1F
:1011700093420AD1094902E0094900E009494FF4C4
:101180006772E1F343F1012038BD002038BD00BF94
:10119000C0AD3A0280BA8C0100F82401B8A8020060
:1011A00082A0020028A4020010B504464EF00AD81E
:1011B000236CD3F82006E6F3D5F1206CBDE810408F
:1011C000E6F3D0B170B5044640F60840E6F3B8F156
:1011D00005462064002800F08380002140F6084284
:1011E000E1F398F10125A36B84F8825084F8F05064
:1011F000D868EBF3BDF13B4BC4F8DC00C4F8483AC7
:10120000394B2046C4F84C3A384BC4F8503A384B66
:10121000C4F8543A374BC4F8A03A374BC4F85C3A98
:10122000364BC4F8643A364BC4F86C3A354BC4F8C4
:10123000703A354BC4F87C3A344BC4F8B43A344B6A
:10124000C4F8B03A334BC4F8C03A334BC4F8BC3A94
:10125000324BC4F8C43A324BC4F8C83A314BC4F8E4
:10126000CC3A314BC4F8943A304BC4F8D03A304BB6
:10127000C4F8D43A2F4BC4F8D83A2F4BC4F8DC3A10
:101280002E4BC4F8E03AFFF75BFD40B32046FFF772
:1012900059FF20B32046FFF797FC00B32046FFF725
:1012A000B1FC236C204683F8C054FFF725FF244986
:1012B00000222046266CFFF759F9224986F83406A9
:1012C00000222046FFF752F91F4984F890022A466F
:1012D0002046266CFFF74AF986F8350600E00546F9
:1012E000284670BD554B8700114A8700154A870074
:1012F000B95E87008D358700214B8700915E87009E
:10130000CDEC8600296487001D4B8700895F87002C
:1013100015F98600D5F886004938870061498700AD
:10132000CD218700C5F90000415D0200F50A870064
:10133000F90A8700F10A8700FD0A87000D0B870074
:1013400072A0020064A0020014AD0200836B93F847
:101350002C210AB1042200E003221A67DA667047E2
:10136000F8B507460C200D461646E6F3E9F00446AC
:1013700030B100210C22E1F3CDF027606660A5605A
:101380002046F8BD08B1E6F3EDB070478068F2F38F
:101390005BB4000070B5064686B06C20E6F3D0F072
:1013A0000446D0B100216C22E1F3B4F00823A3611C
:1013B0000E4B26600025009330680D490D4A2346E8
:1013C00001950295039504950595F8F777FF38B9CF
:1013D0003268012382F892302371204606B070BD36
:1013E0002046E6F3BFF02C46F7E700BF0D69870003
:1013F000B00A8900665B010010B5044668B1036855
:10140000064918682246F8F7FEFE204651F048D8F3
:101410002046BDE81040E6F3A5B010BD665B0100B4
:1014200010B5044648B1054922464068F8F7EBFE7E
:101430002046BDE81040E6F395B010BD5CF489008D
:1014400070B5064686B01020E6F37AF0044630B355
:1014500000211022E1F35EF0336826606360736858
:101460000025A360042130460E4A0F4B00950194DD
:10147000FCF746FAA842E0600DDB0C4B30688DE8C3
:1014800028000B490B4A23460295039504950595C0
:10149000F8F714FF18B12046FFF7C2FF00242046DA
:1014A00006B070BD29748700117487007D748700B1
:1014B0007C0B89005CF4890030B5054687B01420A8
:1014C000E6F33EF0044638B300211422E1F322F0A3
:1014D0006B682868A360124B25606060002500934C
:1014E0001049114A234601950295039504950595E7
:1014F000F8F7E4FE60B90A2323730F2363736423B0
:10150000A3730223E373062323740123637403E0AC
:101510002046E6F327F02C46204607B030BD00BF3A
:10152000217B8700940B89000CE3890010B50446E9
:1015300048B1054922464068F8F765FE2046BDE8F7
:101540001040E6F30FB010BD0CE3890010B504465F
:1015500058B1064B21461B88C3581868F8F772FF2C
:101560002046BDE81040E5F3FDB710BDD4030000F0
:1015700073B505460C20E5F3E9F70446C8B1104BF6
:1015800004221A8002214560002301900D4A28465A
:101590000093FCF7B5F9002820600ADB01232381C2
:1015A000094B286800932146084A0223F8F7D9FE20
:1015B00018B12046FFF7CAFF002420467CBD00BFBB
:1015C000D40300007D858700FC0B8900A985870076
:1015D00038B5044680B1094B21461B88C558286898
:1015E000F8F730FF286806492246F8F70CFE204637
:1015F000BDE83840E5F3B6B738BD00BFD6030000FC
:10160000845B0100F0B5054687B01420E5F39EF732
:101610000446002856D02F4B04221A80456000262D
:101620000190042128462C4A2C4B0096FCF768F9BF
:10163000B042206046DB0123A3810C232382284B88
:101640000722E2810093274B286801932649274A05
:1016500023460296039604960596F8F72FFE002877
:1016600030D1234B286800932146224A0523F8F7FE
:1016700078FE38BB204BD5F894068DE818004FF45F
:1016800090712A221D4BFDF703FBD8B9D5F89406BB
:1016900080212A221A4B0094FDF712FC90B9B5F86C
:1016A000AA0106F023DD801B18BF01200A3055F87F
:1016B00020301B68022B09D1012120460A4652F036
:1016C000ABDD03E02046FFF783FF0024204607B090
:1016D000F0BD00BFD60300005D89870049898700FF
:1016E000DD8B8700F58B8700340C8900845B01005B
:1016F0000C0C8900098B8700F98C8700E989870029
:10170000F9888700084B10B51B88044650B1C358B0
:10171000064918682246F8F776FD2046BDE81040D5
:10172000E5F320B710BD00BFD80300008B5B0100BC
:1017300070B5054686B01420E5F308F70446002886
:1017400044D0264B08221A80002385600421009390
:101750000190234A2846234BFCF7D2F8002820604A
:1017600034DB0223A38105220C23E2812382D5F8F6
:10177000940680213D221C4B0094FDF7A1FB28BB61
:101780001A4B029000931A4B03900193049005901A
:1017900018492868184A2346F8F790FDB0B9B5F8FB
:1017A000AA0106F0A3DC2B6893F84F201AB1032A94
:1017B00014BF032201222046012153F063DA2046A0
:1017C00002214FF0FF3253F05DDA03E02046FFF7CD
:1017D00099FF0024204606B070BD00BFD80300006A
:1017E000319287001D928700E991870099938700C5
:1017F00001958700400C89008B5B010038B50446D9
:1018000098B10568224628460849FCF79CF821460D
:101810002868F8F717FE286805492246F8F7F3FC10
:101820002046BDE83840E5F39DB638BD1D9E8700D3
:10183000C9E3890030B5054687B00820E5F386F690
:10184000044600283ED00023056004210093019047
:10185000204A2846204BFCF753F80028606031DB13
:1018600028461E492246FCF769F858BB1C4B0190DC
:10187000009302900390049005901A4928681A4A30
:101880002346F8F71BFDE8B9184B2868009321465A
:10189000174A0123F8F765FDA0B9164BD5F8940651
:1018A0008DE818004FF490712822134BFDF7F0F9E2
:1018B00040B9D5F8940680212822104B0094FDF7FA
:1018C000FFFA18B12046FFF799FF0024204607B021
:1018D00030BD00BFA19D8700619D87001D9E8700D0
:1018E000A59E87009C0C8900C9E38900940C89009F
:1018F000799E87009D9F8700459E8700459D8700B4
:1019000070B5064686B09C20E5F320F60446002814
:1019100034D006601B4B3068002560601A49009384
:101920001A4A234601950295039504950595F8F703
:10193000C5FCF8B9D6F884341E229B7822610422B3
:10194000E27202222377227301230A22E3762372B2
:1019500063616273A3764FF6AF72A37784F8993010
:101960001023A0736072A072228384F89A3084F8E6
:10197000983003E02046E5F3F5F52C46204606B006
:1019800070BD00BF19AE8700001C890066B502005B
:10199000C0F88410C0F88820C0F88C307047000070
:1019A00010B5044648B1054922464068F8F72BFCBB
:1019B0002046BDE81040E5F3D5B510BD66B5020080
:1019C00038B5044600B3436B05680BB1E9F7C6FCB4
:1019D00004F11400DBF38AF404F11800DBF386F45D
:1019E00004F11000DFF382F504F12400DBF372F45C
:1019F000224606492868F8F706FC2046E5F3B2F5CA
:101A00002B68002283F8622138BD00BF7AE6890086
:101A10002DE9F041054686B03820E5F397F50446F8
:101A200000287FD005600026019004212846414A05
:101A3000414B0096FBF764FFB042606072DB04210B
:101A400028463E4A3E4B0096019400F09FF9B04272
:101A5000A06067DB0127E76038463A493A4A6B687D
:101A6000DFF32EF1206100285CD006213246D5F844
:101A70000480DFF36BF53449034642463148DBF31B
:101A800017F4606200284DD0072132462069DFF349
:101A90005DF539460346E0613246606ADBF3E8F201
:101AA00039460246A0612069DFF350F5E369394603
:101AB0003246606ADBF3DCF2022102466061206993
:101AC000DFF344F5214B4FF00308C4F82C808DE878
:101AD00048001F4B286804931E4B1F4905931F4A5B
:101AE000234602960396F8F7E9FBD8B91C4BD5F8C4
:101AF00094068DE81800B02142461A4BFDF746F8CF
:101B000080B9194BD5F894068DE81800B0215D22F4
:101B1000164BFDF769F928B91423A3622B6883F8E3
:101B2000627103E02046FFF74BFF0024204606B019
:101B3000BDE8F08115D28700B906010089050100D2
:101B40004DE08700FDD0870005D1870099D387003D
:101B5000945B010019050100181C89007AE68900D0
:101B6000171501008F16010055140100C114010062
:101B70002DE9F043074687B04FF441700E461546F5
:101B80009846E5F3DDF40446002878D000214FF4B0
:101B90004172E0F3BFF42820E5F3D2F481462060DF
:101BA00020B92046E5F3DEF4484668E0002128220B
:101BB000E0F3B0F423684FF441721C606261E560A9
:101BC0004FF0FF320025A261A760C4F804809D7128
:101BD0001423A4F808322823A4F806322D23A4F8ED
:101BE00004326E23A4F80A32022384F80C326423F0
:101BF000A4F8383284F80D523046224922462B464A
:101C0000F2F33AF0C4F8F80130B304F51473C4F8F1
:101C10001832C4F814321C4B0526C4F81C62009319
:101C20001A4B029501931A4B04950393059523468D
:101C300038681849184AF8F741FB034660B9009024
:101C400038682168154AF8F78CFB28B984F8406297
:101C500084F84162206812E0D4F8F81119B1A36841
:101C60009868F1F3F1F7206908B100F03FF82068B7
:101C700008B1E5F377F42046E5F374F4002007B0EB
:101C8000BDE8F08365F68700C5EF870049F6870059
:101C900039FF87006C1C890000E889006500880016
:101CA00038B50546F0B10468E4B1D4F8F81131B1A3
:101CB000A3689868F1F3C8F70023C4F8F831A36863
:101CC000224618680849F8F79EFAA3682168186840
:101CD000F8F7B8FB2846E5F345F42046BDE8384060
:101CE000E5F340B438BD00BF00E8890010B50446F4
:101CF00030B159F0B9DE2046BDE81040E5F332B40A
:101D000010BD0000F7B506680546F3691F6D023780
:101D10003F013846E5F314F4044610B300213A4677
:101D2000E0F3F8F384E860001021002628460E4A0C
:101D30000E4B00960194FBF7E3FDB042A0610CDB73
:101D400004F1200363614FF44773E360D5F838066C
:101D500004F11C01DFF3DEF518B12046E5F302F4CF
:101D600034462046FEBD00BFB90888009D088800A3
:101D700010B5044648B1C36913B11C30DFF3E0F578
:101D80002046BDE81040E5F3EDB310BDF0B5D0F846
:101D9000244100682569C069006D854211D26769D8
:101DA0002E01B819013525614360059BBA51836046
:101DB000069BC360E068C31C591821F00301E16071
:101DC000F0BD4FF0FF30F0BD37B505461820E5F304
:101DD000B7F3044638B300211822E0F39BF32B68D5
:101DE000256063606B682846A360FFF765FBE060D1
:101DF00088B15BF0AFD8002301468DE81800284673
:101E00000A4A0B4BFFF7C2FF0028206103DB51F0A9
:101E10004DD8606107E0E06808B1FFF787FB204616
:101E2000E5F3A0F3002420463EBD00BF1D1B880043
:101E3000F91A880010B5044638B1C068FFF776FB80
:101E40002046BDE81040E5F38DB310BD73B50546DF
:101E50001820E5F375F30446002838D00021182235
:101E6000E0F358F30C20E5F36BF3064600282DD081
:101E700000210C22E0F34EF32B686661256063605D
:101E80002846FFF73DFDA060B8B15BF09DD8002368
:101E900001468DE8280028460E4A0F4BFFF776FFD3
:101EA0000028E06009DB56F013DA0C4920610C4A87
:101EB000A0680C4BFFF76CFD09E0A06808B1FFF7C4
:101EC0006FFD2046E5F34EF3002400E00446204673
:101ED0007CBD00BFCD1B8800A91B8800C1218800E4
:101EE000B5218800A91E880010B5044650B180684D
:101EF000FFF756FD6069E5F335F32046BDE8104075
:101F0000E5F330B310BD000070B5444B86B00093CC
:101F10000023019302930393414B04460493414BE6
:101F2000414905930068414A2346F8F7C7F9054639
:101F300000286FD1D4F884341421A3F86410A36A64
:101F4000012683F84C00E36A204683F84C60A16ABE
:101F50005EF0E8D8E16A20465EF0E4D820462946E3
:101F60005DF0EADBA36A83F84D50E36A83F84D50D5
:101F7000236A1869E7F7F6FE830707D5D4F8843497
:101F80004FF0FF325E73D4F88434DA812368D4F8DA
:101F900084545E6951F0BCD90146304651F052D9A3
:101FA000E862002836D0D4F884341F2283F87820E1
:101FB000D4F88404052257304FF0FF31E0F3AAF241
:101FC0002368D4F88424B3F8C810D3F8D800518516
:101FD0000A2151631649E1F315F1431E0D2BD4F884
:101FE0008454236898BF68631249D3F8D800E1F39A
:101FF00009F185F88A00D4F88434012283F851204D
:10200000D4F8843400201A7883F84E20D4F884342D
:10201000586701E04FF0FF3006B070BDE939880025
:10202000105C0100AD1E0100341D89006EB5020078
:1020300081B5020072B50200D0F8843410B5D96AB7
:10204000044611B1406851F00BD92068024922467C
:10205000BDE81040F8F7D7B86EB5020038B5036890
:102060000446D0F884542749D3F8D800E1F3CAF0E5
:10207000287023682449D3F8D800D4F88454E1F3B5
:10208000C1F0E870D4F884341A78013AD2B2FD2A4B
:1020900001D901221A70D4F884341A785A700023B6
:1020A000D4F88424D11812780133052B81F85220FA
:1020B000F6D1D4F8845401212846E0F38BF4A870BB
:1020C000D4F88434DA78013AD2B2FD2A01D9012257
:1020D000DA70D4F884340121DA785A71D4F884544F
:1020E000E81CE0F377F42871D4F8843420461A7998
:1020F0009A715DF053DAB4F858142046BDE83840C0
:102100005DF0A49A8EB5020096B5020010B50446A3
:10211000D8B140680D492246FBF72BFC236A1BB15E
:1021200004F12000DFF30CF4237F23B16068084939
:102130002246FBF708FCA06806492246F8F763F838
:102140002046BDE81040E5F30DB210BDD156880021
:10215000515488007E5C010030B5054687B02420CC
:10216000E5F3EEF1044600283ED000212422E0F3FE
:10217000D1F12B680022A360AB686560E3606B68F7
:10218000042123610823A3822846194B8DE81400FB
:10219000FBF7B6FB0028206022DB284615492246C3
:1021A000FBF7CCFBE0B901232377284612492246EE
:1021B000FBF7DAFBA0B9D5F8380604F12001DFF30C
:1021C000A9F368B90D4B019000930290039004901D
:1021D00005900B4928680B4A2346F8F76FF818B1A9
:1021E0002046FFF793FF0024204607B030BD00BF14
:1021F000C954880051548800D1568800555588002C
:102200001C1F89007E5C0100D0F8D036186ADFF30D
:102210005DB3D0F8D036186ADFF3BAB3F8B5D0F8AA
:10222000846404460D46D1F8D800C149E0F3EAF7CA
:1022300086F81C01D5F8D800BE49E1F307F0D4F8C0
:10224000846438B1D5F8D800BA49E0F3DBF786F8F2
:10225000E80002E0022386F8E830D5F8D800B64955
:10226000E0F3F4F7D4F8846438B1D5F8D800B24973
:10227000E0F3C8F786F8580102E0FF2386F85831EA
:10228000AE49D5F8D800D4F88464E0F3BBF7AC4984
:10229000C6F82001D5F8D800D4F88464E0F3B2F78A
:1022A000A849A6F82A01D5F8D800D4F88464E0F348
:1022B000A9F7A549A6F82C01D5F8D800D4F884646C
:1022C000E0F3A0F7A149A6F82E01D5F8D800D4F87C
:1022D0008464E0F397F786F8E900D4F8843493F83F
:1022E000E92012B9022283F8E920D5F8D8009849EC
:1022F000D4F88464E0F386F7A6F8C600D4F88464C2
:10230000B6F9C63013B90123A6F8C630D5F8D800FF
:102310009049E0F377F7C6F8D800D4F88464D6F88B
:10232000D8301BB94CF25033C6F8D83096F8E930A3
:1023300001229A40D6F8D810D5F8D8008A4288BF32
:10234000C6F8D820022212FA03F38349C6F8DC301B
:10235000E0F358F7C6F8E400D4F88464D6F8E43023
:102360001BB94FF49673C6F8E430D5F8D8007B4912
:10237000E0F348F7A6F8C400D4F88464B6F9C43092
:1023800013B91923A6F8C430D5F8D8007449E0F37E
:1023900039F786F86C01D4F8843493F86C2112B9BB
:1023A000052283F86C216F49D5F8D800D4F88464ED
:1023B000E0F328F7D4F88434A6F8F00093F81C2151
:1023C000694983F81D21D4F8843493F81D2183F8DA
:1023D0004821D4F88434DA7983F8AC20D4F88434F2
:1023E0001A7A83F84521D4F884644FF6A273A6F8CC
:1023F000EA30A6F8EC30A6F8EE30D5F8D800E0F3D5
:1024000001F7A6F8F200D4F88464B6F9F2301BB9EB
:102410004FF6A273A6F8F23096F8E930012212FACC
:1024200003F3D6F8D8205149934288BFC6F8D83074
:102430000023A6F8B230A6F8B430A6F8B630C6F835
:10244000B830C6F8BC30C6F8C030D5F8D8001F4642
:10245000E0F3D8F686F844014549D5F8D800D4F819
:102460008464E0F3CFF686F84B01D5F8D8004149F3
:10247000D4F88464E0F3C6F6D4F88434C6F82401B2
:1024800083F82971D4F88434D3F824211AB94FF48D
:102490009B72C3F8242193F81D2102B10322C3F8D3
:1024A0004C21C3F850210022C3F85421D5F8D8009C
:1024B0003149E0F3CBF640B1D5F8D8002E49D4F835
:1024C0008464E0F39FF6C6F85401D5F8D8002B4990
:1024D000E0F3BCF640B1D5F8D8002849D4F88464BC
:1024E000E0F390F6C6F84C01D5F8D8002449E0F3A3
:1024F000ADF640B1D5F8D8002149D4F88464E0F3B2
:1025000081F6C6F850011F4922460023A068D4F87E
:102510008454F1F3B1F31C49C5F830012246A06898
:102520000023D4F88454F1F3A7F3C5F83401F8BDBF
:102530002CB60200A4B6020074B6020057B6020020
:10254000CBB50200EEB5020000B6020096B602005E
:102550009EB5020067B602001FB60200BEB50200BB
:10256000CDB60200DDB5020081B6020012B602004F
:10257000AEB50200BFB6020045B6020035B6020095
:10258000AFB602003F330100AD33010038B5044659
:1025900080B105682246D5F844010749FDF779FC6A
:1025A000284606492246FBF7CEF92046BDE83840CA
:1025B000E4F3D8B738BD00BF1D708800B16E880045
:1025C00037B505460820E4F3C1F70446C0B10560FD
:1025D00000220190042128460C4B0092FBF790F951
:1025E000002860600CDB284609492246FBF7A6F963
:1025F00030B9D5F8440107492246FDF747FC18B128
:102600002046FFF7C3FF002420463EBD596F8800D7
:10261000B16E88001D70880038B5044670B1056839
:1026200021462868F7F70EFF286805492246F7F784
:10263000EAFD2046BDE83840E4F394B738BD00BF5A
:10264000845C010030B5054687B00C20E4F37EF7CA
:102650000446002846D0274B05604FF49071009344
:1026600001902022D5F89406234BFCF711FB00289B
:1026700038D1224BD5F894068DE818004FF49071AC
:1026800023221F4BFCF704FB00282BD11D4BD5F850
:1026900094068DE81800402188221B4BFCF718FB9C
:1026A00000BBD5F8940680212022184B0094FCF73B
:1026B00007FCB8B9164B02900093164B0390019398
:1026C0000490059014492868144A2346F7F7F6FD4C
:1026D00040B9134B286800932146124A0123F7F7AB
:1026E00040FE18B12046FFF797FF0024204607B0B0
:1026F00030BD00BF21768800E973880055768800D8
:102700000D748800C1758800D5738800BD7388007A
:102710005D748800BD758800781F8900845C0100A5
:10272000701F89003174880010B5044660B1074BF2
:1027300007491B882246C3581868F7F764FD2046EE
:10274000BDE81040E4F30EB710BD00BFDA0300008F
:10275000885C0100F0B5074687B01420E4F3F6F674
:10276000054620B3154B06460024042206F8044B08
:102770001A80012347603372F4607472042101905F
:102780000F4A38460F4B0094FFF700FBA0427060E1
:102790000DDB0D4B00940193029403940494059473
:1027A00038682146094A2B46F7F788FD18B12846B4
:1027B000FFF7BAFF0025284607B0F0BDDA03000096
:1027C000D9778800B977880029788800885C01006B
:1027D00070B5054686B01820E4F3B8F60446002824
:1027E0005AD02B680026012243600560082183F837
:1027F000AD2001903246284633460096FFF7C6FAD0
:10280000B04220614BDB10212846274A274B009617
:102810000194FBF775F8B042C5F898013FDB04233B
:10282000E360234BA06005218DE81800D5F89406DD
:102830004422204BFCF72CFA002830D11E4BD5F84F
:1028400094068DE818004FF4907144221B4BFCF75E
:102850001FFA002823D1D5F8940605214422184BED
:102860000094FCF7CBFCD0B9D5F89406C0214422E3
:10287000144B0094FCF7C2FC88B9134B01900093F1
:10288000124B039002930490059011492868114A55
:102890002346F7F713FD10B9204606B070BD204659
:1028A000E4F360F60024F7E7798188005D81880011
:1028B000DD808800358088003581880005818800AA
:1028C000558088003D858800C5828800CD858800B8
:1028D000E01F89008C5C010010B5044648B1054931
:1028E00022464068F7F78FFC2046BDE81040E4F32D
:1028F00039B610BD8C5C010070B5054686B030203D
:10290000E4F31EF60446002831D000213022DFF324
:1029100001F61A4B25600093002301930293039361
:102920000493059328681649164A2346F7F7C6FC10
:102930000646E0B9FF23A3750123E3752B6812490E
:10294000D3F8D800E0F382F420B131463246E0F308
:1029500019F2A0752B680D49D3F8D800E0F376F48E
:1029600048B100210A46E0F30DF2E07503E0284685
:1029700061F094DD0024204606B070BDA98C88006B
:102980001C20890056FB8900E3B60200EDB6020068
:1029900038B50446002820D061F0D4DDA36A73B1B5
:1029A000204661F099DA0AE02B6868686360E4F316
:1029B000D9F52846E4F3D6F5237D013B23756568F8
:1029C000002DF1D12368054918682246F7F71BFC52
:1029D0002068BDE8384061F0619D38BD56FB890034
:1029E000776C635F626D61635F696E666F5F696E6E
:1029F00069740000000000000000000000000000FA
:102A000000000000000000000000000000000000C6
:102A100000000000000000000000000000000000B6
:102A200000000000000000000000000000000000A6
:102A30000000000000000000000000000000000096
:102A40000000000000000000000000000000000086
:102A50000000000000000000000000000000000076
:102A60000000000000000000000000000000000066
:102A70000000000000000000000000000000000056
:102A80000000000000000000000000000000000046
:102A90000000000000000000000000000000000036
:102AA0000000000000000000000000000000000026
:102AB0000000000000000000000000000000000016
:102AC0000000000000000000000000000000000006
:102AD00000000000000000000000000000000000F6
:102AE00000000000000000000000000000000000E6
:102AF00000000000000000000000000000000000D6
:102B000000000000000000000000000000000000C5
:102B100000000000000000000000000000000000B5
:102B200000000000000000000000000000000000A5
:102B30000000000000000000000000000000000095
:102B40000000000000000000000000000000000085
:102B50000000000000000000000000000000000075
:102B60000000000000000000000000000000000065
:102B70000000000000000000000000000000000055
:102B80000000000000000000000000000000000045
:102B90000000000000000000000000000000000035
:102BA0000000000000000000000000000000000025
:102BB0000000000000000000000000000000000015
:102BC0000000000000000000000000000000000005
:102BD00000000000000000000000000000000000F5
:102BE00000000000000000000000000000000000E5
:102BF00000000000000000000000000000000000D5
:102C000000000000000000000000000000000000C4
:102C100000000000000000000000000000000000B4
:102C200000000000000000000000000000000000A4
:102C30000000000000000000000000000000000094
:102C40000000000000000000000000000000000084
:102C50000000000000000000000000000000000074
:102C60000000000000000000000000000000000064
:102C70000000000000000000000000000000000054
:102C80000000000000000000000000000000000044
:102C90000000000000000000000000000000000034
:102CA0000000000000000000000000000000000024
:102CB0000000000000000000000000000000000014
:102CC0000000000000000000000000000000000004
:102CD00000000000000000000000000000000000F4
:102CE00000000000000000000000000000000000E4
:102CF00000000000000000000000000000000000D4
:102D000000000000000000000000000000000000C3
:102D100000000000000000000000000000000000B3
:102D200000000000000000000000000000000000A3
:102D30000000000000000000000000000000000093
:102D40000000000000000000000000000000000083
:102D50000000000000000000000000000000000073
:102D60000000000000000000000000000000000063
:102D70000000000000000000000000000000000053
:102D80000000000000000000000000000000000043
:102D90000000000000000000000000000000000033
:102DA0000000000000000000000000000000000023
:102DB0000000000000000000000000000000000013
:102DC0000000000000000000000000000000000003
:102DD00000000000000000000000000000000000F3
:102DE00000000000000000000000000000000000E3
:102DF00000000000000000000000000000000000D3
:102E000000000000000000000000000000000000C2
:102E100000000000000000000000000000000000B2
:102E200000000000000000000000000000000000A2
:102E30000000000000000000000000000000000092
:102E40000000000000000000000000000000000082
:102E50000000000000000000000000000000000072
:102E60000000000000000000000000000000000062
:102E70000000000000000000000000000000000052
:102E80000000000000000000000000000000000042
:102E90000000000000000000000000000000000032
:102EA0000000000000000000000000000000000022
:102EB0000000000000000000000000000000000012
:102EC0000000000000000000000000000000000002
:102ED00000000000000000000000000000000000F2
:102EE00000000000000000000000000000000000E2
:102EF00000000000000000000000000000000000D2
:102F000000000000000000000000000000000000C1
:102F100000000000000000000000000000000000B1
:102F200000000000000000000000000000000000A1
:102F30000000000000000000000000000000000091
:102F40000000000000000000000000000000000081
:102F50000000000000000000000000000000000071
:102F60000000000000000000000000000000000061
:102F70000000000000000000000000000000000051
:102F80000000000000000000000000000000000041
:102F90000000000000000000000000000000000031
:102FA0000000000000000000000000000000000021
:102FB0000000000000000000000000000000000011
:102FC0000000000000000000000000000000000001
:102FD00000000000000000000000000000000000F1
:102FE00000000000000000000000000000000000E1
:102FF00000000000000000000000000000000000D1
:1030000000000000000000000000000000000000C0
:1030100000000000000000000000000000000000B0
:1030200000000000000000000000000000000000A0
:103030000000000000000000000000000000000090
:103040000000000000000000000000000000000080
:103050000000000000000000000000000000000070
:103060000000000000000000000000000000000060
:103070000000000000000000000000000000000050
:103080000000000000000000000000000000000040
:103090000000000000000000000000000000000030
:1030A0000000000000000000000000000000000020
:1030B0000000000000000000000000000000000010
:1030C0000000000000000000000000000000000000
:1030D00000000000000000000000000000000000F0
:1030E00000000000000000000000000000000000E0
:1030F00000000000000000000000000000000000D0
:1031000000000000000000000000000000000000BF
:1031100000000000000000000000000000000000AF
:10312000000000000000000000000000000000009F
:10313000000000000000000000000000000000008F
:10314000000000000000000000000000000000007F
:10315000000000000000000000000000000000006F
:10316000000000000000000000000000000000005F
:10317000000000000000000000000000000000004F
:10318000000000000000000000000000000000003F
:10319000000000000000000000000000000000002F
:1031A000000000000000000000000000000000001F
:1031B000000000000000000000000000000000000F
:1031C00000000000000000000000000000000000FF
:1031D00000000000000000000000000000000000EF
:1031E00000000000000000000000000000000000DF
:1031F00000000000000000000000000000000000CF
:1032000000000000000000000000000000000000BE
:1032100000000000000000000000000000000000AE
:10322000000000000000000000000000000000009E
:10323000000000000000000000000000000000008E
:10324000000000000000000000000000000000007E
:10325000000000000000000000000000000000006E
:10326000000000000000000000000000000000005E
:10327000000000000000000000000000000000004E
:10328000000000000000000000000000000000003E
:10329000000000000000000000000000000000002E
:1032A000000000000000000000000000000000001E
:1032B000000000000000000000000000000000000E
:1032C00000000000000000000000000000000000FE
:1032D00000000000000000000000000000000000EE
:1032E00000000000000000000000000000000000DE
:1032F00000000000000000000000000000000000CE
:1033000000000000000000000000000000000000BD
:1033100000000000000000000000000000000000AD
:10332000000000000000000000000000000000009D
:10333000000000000000000000000000000000008D
:10334000000000000000000000000000000000007D
:10335000000000000000000000000000000000006D
:10336000000000000000000000000000000000005D
:10337000000000000000000000000000000000004D
:10338000000000000000000000000000000000003D
:10339000000000000000000000000000000000002D
:1033A000000000000000000000000000000000001D
:1033B000000000000000000000000000000000000D
:1033C00000000000000000000000000000000000FD
:1033D00000000000000000000000000000000000ED
:1033E00000000000000000000000000000000000DD
:1033F00000000000000000000000000000000000CD
:1034000000000000000000000000000000000000BC
:1034100000000000000000000000000000000000AC
:10342000000000000000000000000000000000009C
:10343000000000000000000000000000000000008C
:10344000000000000000000000000000000000007C
:10345000000000000000000000000000000000006C
:10346000000000000000000000000000000000005C
:10347000000000000000000000000000000000004C
:10348000000000000000000000000000000000003C
:10349000000000000000000000000000000000002C
:1034A000000000000000000000000000000000001C
:1034B000000000000000000000000000000000000C
:1034C00000000000000000000000000000000000FC
:1034D00000000000000000000000000000000000EC
:1034E00000000000000000000000000000000000DC
:1034F00000000000000000000000000000000000CC
:1035000000000000000000000000000000000000BB
:1035100000000000000000000000000000000000AB
:10352000000000000000000000000000000000009B
:10353000000000000000000000000000000000008B
:10354000000000000000000000000000000000007B
:10355000000000000000000000000000000000006B
:10356000000000000000000000000000000000005B
:10357000000000000000000000000000000000004B
:10358000000000000000000000000000000000003B
:10359000000000000000000000000000000000002B
:1035A000000000000000000000000000000000001B
:1035B000000000000000000000000000000000000B
:1035C00000000000000000000000000000000000FB
:1035D00000000000000000000000000000000000EB
:1035E00000000000000000000000000000000000DB
:1035F00000000000000000000000000000000000CB
:1036000000000000000000000000000000000000BA
:1036100000000000000000000000000000000000AA
:10362000000000000000000000000000000000009A
:10363000000000000000000000000000000000008A
:10364000000000000000000000000000000000007A
:10365000000000000000000000000000000000006A
:10366000000000000000000000000000000000005A
:10367000000000000000000000000000000000004A
:10368000000000000000000000000000000000003A
:10369000000000000000000000000000000000002A
:1036A000000000000000000000000000000000001A
:1036B000000000000000000000000000000000000A
:1036C00000000000000000000000000000000000FA
:1036D00000000000000000000000000000000000EA
:1036E00000000000000000000000000000000000DA
:1036F00000000000000000000000000000000000CA
:1037000000000000000000000000000000000000B9
:1037100000000000000000000000000000000000A9
:103720000000000000000000000000000000000099
:103730000000000000000000000000000000000089
:103740000000000000000000000000000000000079
:103750000000000000000000000000000000000069
:103760000000000000000000000000000000000059
:103770000000000000000000000000000000000049
:103780000000000000000000000000000000000039
:103790000000000000000000000000000000000029
:1037A0000000000000000000000000000000000019
:1037B0000000000000000000000000000000000009
:1037C00000000000000000000000000000000000F9
:1037D00000000000000000000000000000000000E9
:1037E00000000000000000000000000000000000D9
:1037F00000000000000000000000000000000000C9
:1038000000000000000000000000000000000000B8
:1038100000000000000000000000000000000000A8
:103820000000000000000000000000000000000098
:103830000000000000000000000000000000000088
:103840000000000000000000000000000000000078
:103850000000000000000000000000000000000068
:103860000000000000000000000000000000000058
:103870000000000000000000000000000000000048
:103880000000000000000000000000000000000038
:103890000000000000000000000000000000000028
:1038A0000000000000000000000000000000000018
:1038B0000000000000000000000000000000000008
:1038C00000000000000000000000000000000000F8
:1038D00000000000000000000000000000000000E8
:1038E00000000000000000000000000000000000D8
:1038F00000000000000000000000000000000000C8
:1039000000000000000000000000000000000000B7
:1039100000000000000000000000000000000000A7
:103920000000000000000000000000000000000097
:103930000000000000000000000000000000000087
:103940000000000000000000000000000000000077
:103950000000000000000000000000000000000067
:103960000000000000000000000000000000000057
:103970000000000000000000000000000000000047
:103980000000000000000000000000000000000037
:103990000000000000000000000000000000000027
:1039A0000000000000000000000000000000000017
:1039B0000000000000000000000000000000000007
:1039C00000000000000000000000000000000000F7
:1039D00000000000000000000000000000000000E7
:1039E00000000000000000000000000000000000D7
:1039F00000000000646561646D616E5F746F007249
:103A0000616D7374627964697300646561646D618A
:103A10006E5F746F007370695F70755F656E616271
:103A2000005344494F444556006773706964776F8B
:103A300072640050434D4349414445560073645FEE
:103A40006F6F626F6E6C790073645F67706F75740F
:103A500000475350492044776F7264204D6F64656E
:103A600020656E61626C65640A0073645F677064F0
:103A7000630073645F677076616C0025733A20425F
:103A8000726F6164636F6D20534450434D44204313
:103A90004443206472697665720A00736470636DD2
:103AA000646364632564005344494F000A525445DB
:103AB000202825732D257325732573292025732030
:103AC0006F6E2042434D25732072256420402025CF
:103AD000642E25642F25642E25642F25642E2564ED
:103AE0004D487A0A0000434443006E6F63726300DE
:103AF0006E6F7469665F63006E6F7469665F7300F2
:103B00006F66646D3267706F3D3078257800706144
:103B10002564677725646125643D307825780070D9
:103B20006131686962303D256400706131686962A5
:103B3000313D256400706131686962323D25640061
:103B40006761696E6374726C7370683D25640070A0
:103B500061316D61787077723D2564006D656173C8
:103B6000706F77657225643D3078257800727867CC
:103B700061696E7325646725637472656C6E61623A
:103B800079706125643D2564007061326761256448
:103B90003D307825782C307825782C3078257800C1
:103BA00072737369736D6335673D25640075736265
:103BB000666C6167733D30782578007061326763A9
:103BC000636B6125643D307825782C307825782C1E
:103BD00030782578007064657472616E676532674D
:103BE0003D30782578007573623330753175323D1C
:103BF000307825780073756276656E6469643D304F
:103C000078257800616725643D30782578006F65F8
:103C10006D3D2530327825303278253032782530A8
:103C20003278253032782530327825303278253098
:103C30003278006F66646D706F3D3078257800745F
:103C4000656D706F66667365743D2564006D6561B2
:103C500073706F7765723D30782578007273736981
:103C6000736D6632673D2564007061706172616DCD
:103C700062777665723D256400646F7431316167E7
:103C80006F66646D6872627732303267706F3D3094
:103C900078257800697474326761303D3078257812
:103CA0000062786132673D25640072737369736DD9
:103CB0006332673D25640070613567627734306137
:103CC00025643D307825782C307825782C3078257F
:103CD000782C307825782C307825782C3078257819
:103CE0002C307825782C307825782C307825782C55
:103CF000307825782C307825782C30782578006D30
:103D000063736277323035676C706F3D3078257839
:103D10000000006D637362773230756C35676C70CC
:103D20006F3D30782578006D637362773430356786
:103D30006C706F3D30782578000000757362757483
:103D40006D695F63746C3D307825780065787470B8
:103D5000616761696E32673D3078257800616E7405
:103D6000737763746C32673D307825780070726FBA
:103D7000647563746E616D653D25730074785F646E
:103D80007574795F6379636C655F74687265736875
:103D90005F25645F35673D25640072786761696EF1
:103DA00065727232676125643D30782578006167FD
:103DB00030006D61787032676125643D3078257818
:103DC000006277647570706F3D30782578006E6F93
:103DD0006973656C766C35676125643D25642C25B7
:103DE000642C25642C25640062773430706F3D307C
:103DF0007825780070613567627738306125643DD9
:103E0000307825782C307825782C307825782C302F
:103E10007825782C307825782C307825782C3078D7
:103E200025782C307825782C307825782C3078251A
:103E3000782C307825782C307825780075736233AB
:103E400030753175323D3078257800706465747254
:103E5000616E676535673D30782578006D61636117
:103E60006464723D25730074656D70735F68797367
:103E7000746572657369733D2564006D63732564B1
:103E800067706F25643D3078257800626F617264D9
:103E9000666C616773323D3078257800626F6172BD
:103EA00064666C616773333D30782578006C6564B7
:103EB000626825643D307825780072786761696EA4
:103EC000732564672563747269736F6125643D258A
:103ED0006400616132673D307825780070726F64EC
:103EE00069643D307825780074656D70746872651A
:103EF00073683D256400636869707265763D25646A
:103F0000006C65676F66646D6277323035676C7020
:103F10006F3D307825780000006C65676F66646DD2
:103F200062773230756C35676C706F3D307825780C
:103F3000006C65676F66646D6277323035676D70EF
:103F40006F3D307825780000006C65676F66646DA2
:103F500062773230756C35676D706F3D30782578DB
:103F6000006C65676F66646D6277323035676870C4
:103F70006F3D307825780000006C65676F66646D72
:103F800062773230756C356768706F3D30782578B0
:103F90000075736266733D25640074656D70735FB0
:103FA000706572696F643D25640073623430616EC0
:103FB00064383025637235672563706F3D3078252E
:103FC000780063633D2564002004D002A6A9FFFFAA
:103FD000646F7431316167647570256372706F3D11
:103FE000307825780061676125643D307825780058
:103FF000747269736F35673D307825780074656D2C
:104000007073656E73655F736C6F70653D256400DA
:104010006D61787035676125643D307825782C3086
:104020007825782C307825782C30782578007061C8
:10403000316974737369743D256400706130623056
:104040003D25640070613062313D2564007061304F
:1040500062323D256400706135676125643D3078CA
:1040600025782C307825782C307825782C307825D8
:10407000782C307825782C307825782C3078257875
:104080002C307825782C307825782C307825782CB1
:10409000307825782C30782578006D637362773816
:1040A0003035672563706F3D307825780073756211
:1040B00062616E6435677665723D25640072737364
:1040C0006973617635673D2564006D63736277328D
:1040D000303267706F3D307825780000006D637373
:1040E00062773230756C3267706F3D3078257800BA
:1040F0006D6373627734303267706F3D3078257846
:104100000000007265677265763D3078257800633F
:1041100063746C3D30782578006E6F6973656C76DA
:104120006C32676125643D256400757362333072BB
:10413000656773303D307825782C307825782C30C1
:104140007825782C307825782C307825782C3078A4
:1041500025782C307825782C307825782C307825E7
:10416000782C307825780075736233307265677308
:10417000313D307825782C307825782C30782578AA
:104180002C307825782C307825782C307825782CB0
:10419000307825782C307825782C307825782C309C
:1041A0007825780063636B706F3D307825780074F4
:1041B000726935673D25640063636B64696766698E
:1041C0006C74747970653D25640076656E6469640D
:1041D0003D307825780066656D6374726C3D2564AA
:1041E0000075736233307265677325643D307825DE
:1041F000782C307825782C307825782C30782578F4
:104200000070646F6666736574326725646D61253E
:10421000643D307825780075736265706E756D3D0C
:10422000307825780070613168696D6178707772D7
:104230003D2564007278636861696E3D3078257849
:1042400000626F617264666C6167733D30782578D7
:104250000070613162303D25640070613162313D32
:1042600025640070613162323D25640074786368B2
:1042700061696E3D307825780072786761696E7388
:104280002564672563656C6E616761696E6125648D
:104290003D2564006770646E3D307825780070615C
:1042A000306D61787077723D2564006278613567A2
:1042B0003D2564006167626725643D30782578009C
:1042C00075736273737068795F736C656570303D88
:1042D000307825780075736273737068795F736CDA
:1042E000656570313D307825780075736273737041
:1042F00068795F736C656570323D3078257800753C
:10430000736273737068795F736C656570333D3089
:10431000782578006C656464633D307825303478A6
:10432000006D63733332706F3D307825780072739F
:10433000736973617632673D2564006F706F3D2548
:104340006400697474326761313D30782578007299
:1043500078706F35673D25640065787470616761BA
:10436000696E35673D30782578006F66646D356716
:1043700068706F3D307825780074776F72616E6772
:1043800065747373692564673D2564007362323018
:10439000696E3430256372706F3D30782578006D1A
:1043A000616E6669643D3078257800656C6E6132B7
:1043B000673D3078257800727063616C32673D30FC
:1043C0007825780000000000000000727063616CC6
:1043D000356762303D3078257800000000000072BB
:1043E0007063616C356762313D307825780000007C
:1043F000000000727063616C356762323D30782571
:1044000078000000000000727063616C35676233F1
:104410003D30782578000000000000706130623087
:104420005F6C6F3D25640070613062315F6C6F3D81
:1044300025640070613062325F6C6F3D25640073EB
:10444000623230696E3830616E64313630256372A5
:1044500035672563706F3D3078257800636464703C
:104460006F3D3078257800626F6172647479706591
:104470003D3078257800616E747377697463683DA8
:104480003078257800626F6172646E756D3D2564C9
:104490000072646C69643D30782578007874616CD2
:1044A000667265713D2564006D617870356768617D
:1044B000303D307825780072786761696E732564C5
:1044C00067656C6E616761696E6125643D25640096
:1044D00075736273736D64696F25643D30782578F8
:1044E0002C307825782C307825782C307825780079
:1044F00073756264657669643D3078257800706113
:10450000316C6F62303D2564007061316C6F6231D7
:104510003D2564007061316C6F62323D256400732B
:10452000746263706F3D30782578007278676169D6
:104530006E65727235676125643D307825782C3060
:104540007825782C307825782C30782578007061A3
:10455000316C6F6D61787077723D25640070646FA7
:10456000666673657425646D6125643D30782578D1
:104570000074656D70636F7272783D2564006F66BC
:10458000646D3567706F3D30782578007573626EA5
:104590006F73733D3078257800616135673D307801
:1045A000257800637573746F6D76617225643D3094
:1045B0007825780074785F647574795F6379636CCB
:1045C000655F6F66646D5F25645F35673D256400D8
:1045D000757569643D257300757362646573635F07
:1045E000636F6D706F736974653D30782578007402
:1045F000656D7073656E73655F6F7074696F6E3D26
:10460000256400706170646361702564673D256492
:10461000006C65676F66646D627732303267706F09
:104620003D307825780000006C65676F66646D62C8
:10463000773230756C3267706F3D30782578007056
:10464000646761696E2564673D2564006D617870FB
:10465000356761303D30782578006D617870356759
:1046600061313D30782578006D637325646725637B
:10467000706F25643D307825780070687963616CCF
:104680005F74656D7064656C74613D256400706174
:1046900025646725637725646125643D3078257836
:1046A0000063636F64653D307830007265677769D9
:1046B0006E646F77737A3D2564006F66646D6C720B
:1046C000627732303267706F3D3078257800776FCF
:1046D000776C5F6770696F706F6C3D256400616E09
:1046E00074737763746C35673D3078257800636345
:1046F0006B3267706F3D307825780074726932676D
:104700003D25640063636B627732303267706F3DC2
:104710003078257800000063636B62773230756C07
:104720003267706F3D307825780069747435676141
:10473000303D3078257800697474356761313D30DB
:10474000782578006D63736C7235672563706F3DF3
:10475000307825780070646F6666736574326725FB
:10476000646D76616C69643D307825780072786795
:1047700061696E732564677472656C6E61627970CD
:104780006125643D256400626F6172647265763DE7
:10479000307825780072617774656D7073656E731B
:1047A000653D307825780075736273737068795F42
:1047B00075746D695F63746C303D30782578007571
:1047C000736273737068795F75746D695F63746C1D
:1047D000313D307825780075736273737068795F46
:1047E00075746D695F63746C323D307825780000B4
:1047F000000000006F66646D35676C706F3D307847
:104800002578007061306974737369743D256400A4
:1048100074737369706F7335673D307825780072F3
:1048200078706F32673D25640074737369706F73BD
:10483000736C6F70652564673D256400747269351B
:1048400067683D2564006D616E663D257300747276
:104850006935676C3D2564006D637362773230356E
:104860006768706F3D307825780000006D63736273
:10487000773230756C356768706F3D307825780019
:104880006D637362773430356768706F3D307825BB
:104890007800000073726F6D7265763D2564006C60
:1048A00065676F66646D3430647570706F3D307825
:1048B0002578006D61787035676861313D30782505
:1048C000780064657669643D307825780072786791
:1048D00061696E73256467747269736F6125643DE5
:1048E0002564006D61787035676C61303D307825E6
:1048F00078006D61787035676C61313D307825786E
:10490000006570616761696E2564673D25640077A5
:1049100070736770696F3D256400776F776C5F67B0
:1049200070696F3D25640072737369736D663567D6
:104930003D256400747269736F32673D3078257865
:104940000074737369706F7332673D307825780037
:104950007770736C65643D256400656C6E613567C6
:104960003D307825780070613567627734303830B3
:104970006125643D307825782C307825782C307886
:1049800025782C307825782C307825782C307825AF
:10499000782C307825782C307825782C307825784C
:1049A0002C307825782C307825782C3078257800B4
:1049B0006D63736277323035676D706F3D30782587
:1049C000780000006D637362773230756C35676D07
:1049D000706F3D30782578006D63736277343035C1
:1049E000676D706F3D3078257800000063636F64F9
:1049F000653D25632563006D63736277313630351D
:104A0000672563706F3D3078257800496E76616C5C
:104A100069642F556E737570706F72746564207859
:104A200074616C2076616C756520256400726D6917
:104A30006E00636C646F5F627572737400706C6C8F
:104A40002564006C6E6C646F3100722564640072C2
:104A5000256474007874616C6672657100000000F2
:104A60000C000000020016000200000004000D000F
:104A70000700000001000A000800000004000D000B
:104A80000A00000004000D000D00000001000700F6
:104A900017000000040004001B00000004000100D7
:104AA0001C000000010007000000000002000200DE
:104AB00001000000010001000300000002000200EC
:104AC00004000000010001000500000001000100D9
:104AD00006000000010001000900000001000500BF
:104AE0000B000000010001000C000000020030007B
:104AF0000E000000010001000F0000000100010095
:104B00001000000001000100110000000100010080
:104B10001200000003000300130000000100010068
:104B20001400000001000100150000000100010058
:104B30001600000001000100180000000200130030
:104B400019000000020013001A0000000200130008
:104B50001D000000010001001E0000000100010016
:104B60000C00000002003000726D61780000004B04
:104B700000079065000C1892000F6C706C646F3128
:104B80000000000001000000000000000000000024
:104B90000000000002000000000000000100000012
:104BA00000000000040000000000000003000000FE
:104BB00000000000080000000000000000000000ED
:104BC00000000000100000000000000007000000CE
:104BD000000000002000000000000000571100004D
:104BE000000000004000000000000000170100006D
:104BF00000000000800000000000000057010000DD
:104C000000000000000100000000000003000000A0
:104C10000000000000020000000000000000000092
:104C2000000000000004000000000000030000007D
:104C30000000000000080000000000000704000061
:104C400000000000001000000000000057010000FC
:104C5000000000000020000000000000D715000048
:104C6000000000000040000000000000F7BDC20E80
:104C7000000000000080000000000000F73DC20EB0
:104C80000000000000000100000000000000000023
:104C9000000000000000020000000000F73DC00E10
:104CA000000000000000040000000000F73DC20EFC
:104CB000000000000000080000000000F73DC20EE8
:104CC000000000000000100000000000F73DC006DA
:104CD000000000000000200000000000F73DDA0E98
:104CE000000000000000400000000000F73D00064A
:104CF000000000000000800000000000F73D4006BA
:104D000000000000000000010000000000000000A2
:104D1000000000000000000200000000D7010000B9
:104D2000000000000000000400000000D70D00009B
:104D3000000000000000000800000000F73DC00671
:104D4000000000000000001000000000F73DCA0E47
:104D5000000000000000002000000000F73DCA1E17
:104D6000000000000000004000000000F73DFA3E97
:104D700000000000726567256400636C646F5F70FB
:104D8000776D006368697063256400626F617264A7
:104D9000747970650070726F64696400737764651C
:104DA0006E61626C65006770646E00626F61726450
:104DB000666C6167730062746378776172666C61B8
:104DC0006773007874616C6672657100626F6172FE
:104DD00064726576006465766964006D7578656EE9
:104DE000616200776C30696400776C25643A204218
:104DF000726F6164636F6D2042434D2573203830BC
:104E0000322E313120576972656C65737320436FA0
:104E10006E74726F6C6C65722025730A0074656D18
:104E2000705F74686F72745F6D6F6E69746F725FBC
:104E300074696D650074785F6D696E696D756D5F1D
:104E4000647574795F6379636C650074785F647509
:104E500074795F6379636C655F63636B006167623C
:104E600067300061676267310061676267320074B2
:104E7000656D7062617365645F647574795F637991
:104E8000636C655F656E006161300074785F6475A6
:104E900074795F6379636C655F6F66646D000000B1
:104EA0001133820025348200000000000000000061
:104EB0004E5652414D526576007361723267006101
:104EC00061326700204325430343214324431843B1
:104ED00019431A4311431343124314431543164312
:104EE0001B431C431D43284329432A432B432C4384
:104EF0002D4341434043504351435243534357434F
:104F00009DA9760554435F433F434F432F433443AA
:104F100035433643374338433943164748472747D5
:104F2000434360434643474348433143324333435B
:104F3000AA43584359435A43A943554356436343ED
:104F400080438143824364436543664374436743BC
:104F5000A043A143A243AE43AF43B043AB43AC43F2
:104F6000AD43E343E443E543E243D043D143D2437B
:104F7000BA43BB43BC43B143B243B343A343A4438B
:104F8000A543B743B843B943C043C143C243D34326
:104F9000D443D543D643D743D843D943DA43DB433D
:104FA000DF43E043E143EC43ED43EE43E943EA43AF
:104FB000EB432243D6A867A868A89CA9D8A89DA9B6
:104FC0001343144386A83143A7A9DBA8D1A8DCA8C2
:104FD000A4A952AAC6A902AA31AA32AA74785F74F7
:104FE000656D705F74687265736800646576696486
:104FF0000031316E5F64697361626C6500616730B6
:1050000000616B6D00000000299483005DB7830090
:10501000059283000000000045338400DD398400E0
:1050200000000000000000007A626378676369672F
:1050300070696F00616E74737763746C32670061BE
:105040006E74737763746C356700776C25643A64AB
:105050006D6125640061613267006C746563786618
:105060006E73656C006274635F6D6F646500626F80
:10507000617264666C616773006D61636164647220
:10508000006C746563787061646E756D0076656E32
:10509000646964007A626378666E73656C0062743A
:1050A00063786C657363616E007A626378706164C3
:1050B0006E756D00637573746F6D76617231006328
:1050C0007573746F6D76617232006274635F7061C4
:1050D00072616D732564006274635F666C616773EF
:1050E0000062746378776172666C61677300626FE7
:1050F000617264666C61677332006C7465637867B3
:1051000063696770696F00626F617264666C616782
:10511000733400626F6172647265760064657669EB
:10512000640073726F6D7265760062745F646566A9
:1051300061756C745F616E74006D6F6E69746F720F
:105140005F74696D655F6F75740062746364796E16
:105150005F64656661756C745F6274635F6D6F64D4
:10516000650070726F7465637465645F74696D6502
:105170005F6F75740062746364796E5F6D73775FDF
:10518000726F77300062746364796E5F6D73775FFE
:10519000726F77310062746364796E5F6D73775FED
:1051A000726F77320062746364796E5F64736E73DA
:1051B0005F726F77730062746364796E5F636F65AB
:1051C000785F74776F5F616E74007478635F647585
:1051D000725F7468726573680062746364796E5F8D
:1051E0006D73775F726F77330062746364796E5F9B
:1051F0006D73775F726F77730062746364796E5F4B
:1052000064666C745F64736E735F6C6576656C0066
:1052100062746364796E5F6274727373695F6879D4
:10522000737465720070726F745F62747273736905
:105230005F746872657368006374733273656C665B
:105240005F6475725F74687265736800616C657223
:10525000745F74696D655F6F7574006274636479FF
:105260006E5F686967685F64736E735F6C657665AF
:105270006C007266615F636F756E745F74687265EF
:1052800073680062746364796E5F6D69645F6473F0
:105290006E735F6C6576656C0062746364796E5FD3
:1052A0006C6F775F64736E735F6C6576656C0062BC
:1052B000746364796E5F666C6167730062746364C3
:1052C000796E5F64736E735F726F773000627463C0
:1052D00064796E5F64736E735F726F7731006274AE
:1052E0006364796E5F64736E735F726F77320062AE
:1052F000746364796E5F64736E735F726F7733008B
:1053000073636F5F727373695F746872657368004B
:1053100063636F646500636300726567726576003E
:105320006576656E7471006873323000B1968600E0
:10533000F196860061848600B1848600B19686006D
:10534000F196860061848600B1848600B19686005D
:10535000F19686002D858600998686000000000063
:105360000000000000000000000000002D85860005
:10537000998686000000000000000000B1968600BB
:10538000F1968600B1968600F1968600B196860069
:10539000F1968600000000000D060F0000000000DE
:1053A00004063004000000000206400672737369B0
:1053B000636F72726E6F726D00676C616369616CAE
:1053C00074696D65720063616C5F706572696F64AA
:1053D000006C64706300747373696C696D75636FDE
:1053E000640025732E6661622E25640074656D70FD
:1053F000746872657368002E6661622E007478703E
:10540000777262636B6F6600696E7465726665724F
:10541000656E636500676C697463685F626173657C
:10542000645F6372736D696E0032675F636761000A
:1054300072737369636F7272617474656E00706801
:105440007963616C5F74656D7064656C7461007420
:10545000656D70735F6879737465726573697300E5
:1054600072737369636F727270657272673267000C
:1054700074737369666C6F6F723267007662617401
:105480005F616464007061706476616C6964746506
:1054900073740073776469765F6770696F5F31005A
:1054A0006D63733267706F300073707572636F6E07
:1054B000666967006D63733267706F310063636B99
:1054C00064696766696C74747970650065755F6599
:1054D000647468726573683267007265645F7278BD
:1054E000626C6F636B696E67000001006C094B00B2
:1054F00076011300323016000300417E0006000AD8
:10550000D903270025000000910900006C09000064
:10551000000005035BE708003F5812122F141F1FFD
:105520001F1F20512761000009603F7002007109B0
:105530004B0076011300323016000300417E000656
:10554000000AD90327002500000091090000710915
:105550000000000007030D8208003F5812122F14AC
:105560001F1F1F1F20512761000009603F700300AB
:1055700076094B0076011300323016000300417E9D
:105580000006000AD9032700250000009109000049
:105590007609000000000903BF1C08003F581212E2
:1055A0002F141F1F1F1F20512761000009603F702B
:1055B00004007B094B007601130032301600030013
:1055C000417E0006000AD90327002500000091094A
:1055D00000007B09000000000A0371B708003F5873
:1055E00012122F141F1F1F1F205127610000096076
:1055F0003F70050080094B00760113003230160021
:105600000300417E0006000AD903270025000000A0
:10561000910900008009000000000C0323520800DB
:105620003F5812122F141F1F1F1F21512761000006
:1056300009603F70060085094B0076011300323087
:1056400016000300417E0006000AD903270025004A
:105650000000910900008509000000000D03D5EC51
:1056600008003F5812122F141F1F1F1F21512761BE
:10567000000009603F7007008A094B0076011300A3
:10568000323016000300417E0006000AD9032700CD
:1056900025000000910900008A09000000000F03A6
:1056A000878708003F5812122F141F1F1F1F2151F8
:1056B0002761000008603F7008008F094B007601E9
:1056C0001300323016000300417E0006000AD903A1
:1056D000270025000000910900008F09000000004C
:1056E0001103392208003F5812122F141F1F1F1FC9
:1056F00021512761000008603F70090094094B00A8
:1057000076011300323016000300417E0006000AC5
:10571000D90327002500000091090000940900002A
:1057200000001203EBBC08003F5812122F141F1F79
:105730001F1F21512761000008603F600A0099097E
:105740004B0076011300323016000300417E000644
:10575000000AD903270025000000910900009909DB
:105760000000000014039D5708003F5812122F1428
:105770001F1F1F1F21512761000008603F600B00A1
:105780009E094B0076011300323016000300417E63
:105790000006000AD9032700250000009109000037
:1057A0009E090000000015034FF208003F58121236
:1057B0002F141F1F1F1F21512761000007603F602A
:1057C0000C00A3094B0076011300323016000300D1
:1057D000417E0006000AD903270025000000910938
:1057E0000000A309000000001703018D08003F58C6
:1057F00012122F141F1F1F1F215127610000076065
:105800003F600D00A8094B007601130032301600EE
:105810000300417E0006000AD9032700250000008E
:1058200091090000A809000000001903B32708002F
:105830003F5812122F141F1F1F1F215128610000F3
:1058400007603F600E00B4094B0076011300323050
:1058500016000300417E0006000AD9032700250038
:10586000000091090000B409000000001D035E0162
:1058700008003F5812122F141F1F1F1F21512861AB
:10588000000007603F606D61787032676130000032
:1058900001006C09340004010D0023304F000300A7
:1058A000417E0006000AD90327001A000000A20961
:1058B00000006C0900000000B208277608003F587D
:1058C00017173C191F1F1F1F3B511961000009606A
:1058D0003F7002007109340004010D0023304F00B5
:1058E0000300417E0006000AD90327001A000000C9
:1058F000A2090000710900000000B708B1130800F8
:105900003F5817173C191F1F1F1F3B5119610000FB
:1059100009603F7003007609340004010D00233054
:105920004F000300417E0006000AD90327001A0039
:105930000000A2090000760900000000BB083BB18E
:1059400008003F5817173C191F1F1F1F3C511961B2
:10595000000009603F7004007B09340004010D0061
:1059600023304F000300417E0006000AD9032700C0
:105970001A000000A20900007B0900000000C00816
:10598000C44E08003F5817173C191F1F1F1F3C51DA
:105990001961000009603F700500800934000401AE
:1059A0000D0023304F000300417E0006000AD9039A
:1059B00027001A000000A209000080090000000072
:1059C000C4084EEC08003F5817173C191F1F1F1F33
:1059D0003C511961000009603F70060085093400E0
:1059E00004010D0023304F000300417E0006000A31
:1059F000D90327001A000000A20900008509000051
:105A00000000C908D88908003F5817173C191F1F04
:105A10001F1F3C511961000009603F7007008A098F
:105A2000340004010D0023304F000300417E0006C6
:105A3000000AD90327001A000000A20900008A0901
:105A400000000000CE08622708003F5817173C19D5
:105A50001F1F1F1F3C511961000008603F700800A4
:105A60008F09340004010D0023304F000300417EF4
:105A70000006000AD90327001A000000A20900004E
:105A80008F0900000000D208ECC408003F58171727
:105A90003C191F1F1F1F3C511961000008603F7017
:105AA00009009409340004010D0023304F00030065
:105AB000417E0006000AD90327001A000000A2094F
:105AC0000000940900000000D708766208003F58E3
:105AD00017173C191F1F1F1F3C5119610000086058
:105AE0003F600A009909340004010D0023304F0083
:105AF0000300417E0006000AD90327001A000000B7
:105B0000A2090000990900000000DC08000008005C
:105B10003F5817173C191F1F1F1F3C5119610000E8
:105B200008603F600B009E09340004010D00233023
:105B30004F000300417E0006000AD90327001A0027
:105B40000000A20900009E0900000000E008899DF5
:105B500008003F5817173C191F1F1F1F3D5119619F
:105B6000000007603F600C00A309340004010D0031
:105B700023304F000300417E0006000AD9032700AE
:105B80001A000000A2090000A30900000000E508B7
:105B9000133B08003F5817173C191F1F1F1F3D518B
:105BA0001961000007603F600D00A809340004017E
:105BB0000D0023304F000300417E0006000AD90388
:105BC00027001A000000A2090000A8090000000038
:105BD000E9089DD808003F5817173C191F1F1F1FC1
:105BE0003D511961000007603F600E00B4093400A8
:105BF00004010D0023304F000300417E0006000A1F
:105C0000D90327001A000000A2090000B40900000F
:105C10000000F4084EEC08003F5817173C191F1FEE
:105C20001F1F3D511961000007603F6070726F7067
:105C3000627732303267706F0072636F725F6163D8
:105C40006900706D696E00706170646D6F646500ED
:105C500063616C69647865737474617267657432CA
:105C6000670063616C69647865737462617365323F
:105C700067007061326761305F6C6F0063636B3225
:105C800067706F0063636B7363616C650074656D4F
:105C9000705F6D756C7400706170646570736F66B1
:105CA00066736574006F66646D3267706F00706153
:105CB00063616C69647832670073776469765F73D7
:105CC000776374726C5F656E006F66646D6469679C
:105CD00066696C74747970656265004176566D69A9
:105CE00064495163616C0063636B696478706368D5
:105CF0006F6666730074656D705F616464007377CE
:105D00006469765F6770696F006D637362773230C4
:105D10003267706F0070617064656E6469647800EA
:105D200001006C092600C0000A001A308000030040
:105D3000417E0006000AD903270013000000B009C5
:105D400000006C0900000000C70B000008003F586D
:105D500017173C191F1F1F1F5051196100000960C0
:105D60003F70020071092600C0000A001A3080004E
:105D70000300417E0006000AD9032700130000003B
:105D8000B0090000710900000000CD0B00400800C0
:105D90003F5817173C191F1F1F1F51511961000051
:105DA00009603F70030076092600C0000A001A301F
:105DB00080000300417E0006000AD903270013007B
:105DC0000000B0090000760900000000D30B00803D
:105DD00008003F5817173C191F1F1F1F5151196109
:105DE000000009603F7004007B092600C0000A0023
:105DF0001A3080000300417E0006000AD903270004
:105E000013000000B00900007B0900000000D90B5E
:105E100000C008003F5817173C191F1F1F1F515182
:105E20001961000009603F70050080092600C0006C
:105E30000A001A3080000300417E0006000AD903E0
:105E4000270013000000B0090000800900000000D6
:105E5000E00B000008003F5817173C191F1F1F1FB9
:105E600051511961000009603F7006008509260044
:105E7000C0000A001A3080000300417E0006000ABC
:105E8000D903270013000000B009000085090000B5
:105E90000000E60B004008003F5817173C191F1F71
:105EA0001F1F51511961000009603F7007008A09E6
:105EB0002600C0000A001A3080000300417E000660
:105EC000000AD903270013000000B00900008A0966
:105ED00000000000EC0B008008003F5817173C1929
:105EE0001F1F1F1F51511961000008603F700800FB
:105EF0008F092600C0000A001A3080000300417E8E
:105F00000006000AD903270013000000B0090000B2
:105F10008F0900000000F20B00C008003F5817175F
:105F20003C191F1F1F1F52511961000008603F706C
:105F3000090094092600C0000A001A3080000300FE
:105F4000417E0006000AD903270013000000B009B3
:105F50000000940900000000F90B000008003F5801
:105F600017173C191F1F1F1F5251196100000860AD
:105F70003F600A0099092600C0000A001A3080001C
:105F80000300417E0006000AD90327001300000029
:105F9000B0090000990900000000FF0B0040080054
:105FA0003F5817173C191F1F1F1F5251196100003E
:105FB00008603F600B009E092600C0000A001A30EE
:105FC00080000300417E0006000AD9032700130069
:105FD0000000B00900009E0900000000050C0080D0
:105FE00008003F5817173C191F1F1F1F52511961F6
:105FF000000007603F600C00A3092600C0000A00F3
:106000001A3080000300417E0006000AD9032700F1
:1060100013000000B0090000A309000000000B0CF1
:1060200000C008003F5817173C191F1F1F1F52516F
:106030001961000007603F600D00A8092600C0003C
:106040000A001A3080000300417E0006000AD903CE
:10605000270013000000B0090000A809000000009C
:10606000120C000008003F5817173C191F1F1F1F74
:1060700052511961000007603F600E00B40926000C
:10608000C0000A001A3080000300417E0006000AAA
:10609000D903270013000000B0090000B409000074
:1060A0000000210C000008003F5817173C191F1F63
:1060B0001F1F53511961000007603F6069747373BB
:1060C00069636F72720073776469765F656E0065ED
:1060D000646F66667468643230756C00696E6974EA
:1060E00078696478706368006473736674680074B8
:1060F00073736974696D650063636B627732303204
:1061000067706F007061706474656D7000706132EB
:106110006761305F3270777200696E6974786964A4
:10612000780063636B7077726F66667365743000B6
:106130004176566D69645F63300074656D705F71A0
:1061400000766261745F6D756C740063636B696E79
:106150006974786964780073726F6D726576006F28
:1061600066646D64696766696C74747970650070E3
:1061700061706474656D7062696173006C636E3226
:10618000305F6E6F69736563616C5F74626C5F65CD
:106190006E0065646F6E74686432306C006C6567A5
:1061A0006F66646D627732303267706F0070613293
:1061B0006761300074787077726F666673657432E9
:1061C0006700706D617800766261745F7100060728
:1061D0003F038A00000006073F0384000000060713
:1061E0003F038000000006073F037B000000060716
:1061F0003F037700000006073F0372000000060718
:106200003F036E00000006073F036A000000060718
:106210003F036700000006073F0363000000060716
:106220003F036100000006073F035C000000060713
:106230003F035A00000006073F035700000006070F
:106240003F035400000006073F035100000006070B
:106250003F034F00000006073F034D000000060704
:106260003F034B00000006073F03480000000607FD
:106270003F034600000006073F03440000000607F6
:106280003F034200000006073F03400000000607EE
:106290003F033F00000006073F033D0000000607E4
:1062A0003F033B00000006073F033A0000000607DB
:1062B0003F033800000006073F03360000000607D2
:1062C0003F033500000006073F03340000000607C7
:1062D0003F033200000006073F03310000000607BD
:1062E0003F033000000006073E032F0000000607B2
:1062F0003C032F00000006073B032F0000000607A9
:106300003B032D00000006073A032D00000006079E
:106310003A032C00000006073A032B000000060792
:106320003A03290000000607390329000000060788
:10633000380328000000060738032700000006077E
:106340003803260000000607380325000000060772
:106350003803240000000607370324000000060766
:10636000370323000000060737032200000006075A
:10637000370321000000060735032100000006074F
:106380003503200000000607340320000000060744
:1063900034031F000000060732031F000000060739
:1063A00033031E000000060733031D00000006072C
:1063B00031031D000000060732031C000000060721
:1063C00030031C00000006072F031C000000060716
:1063D0002D031C00000006072B031C00000006070D
:1063E0002A031C000000060729031C000000060702
:1063F00028031C000000060728031B0000000607F6
:1064000027031B000000060727031A0000000607E9
:1064100026031A000000060724031A0000000607DE
:1064200023031A000000060722031A0000000607D3
:1064300021031A00000006072103190000000607C7
:1064400020031900000006071F03190000000607BB
:106450001E031900000006071E03190000000607AE
:106460001E031900000006071E031900000006079E
:106470001E031900000006071E031900000006078E
:106480001E031900000006071E031900000006077E
:106490001E031900000006071E031900000006076E
:1064A0001E031900000006071E031900000006075E
:1064B0001E031900000006071E031900000006074E
:1064C0001E031900000006071E031900000006073E
:1064D0001E031900000006071E031900000006072E
:1064E0001E031900000006071E031900000006071E
:1064F0001E031900000006071E031900000006070E
:106500001E031900000006071E03190000000607FD
:106510001E031900000006071E03190000000607ED
:106520001E031900000006071E03190000000607DD
:106530001E031900000006071E03190000000607CD
:106540001E031900000006071E03190000000607BD
:106550001E031900000006071E03190000000607AD
:106560001E031900000006071E031900000006079D
:106570001E031900000006071E031900000006078D
:106580001E031900000006071E031900000006077D
:106590001E031900000006071E031900000006076D
:1065A0001E031900000006071E031900000006075D
:1065B0001E031900000006071E031900000006074D
:1065C0001E031900000006071E0319000000060F35
:1065D0003FFF62000000060F3FFF5E000000060F55
:1065E0003FFF59000000060F3FFF55000000060F57
:1065F0003FFF51000000060F3FFF4D000000060F57
:106600003FFF4A000000060F3FFF47000000060F53
:106610003FFF44000000060F3FFF41000000060F4F
:106620003FFF3E000000060F3FFF3C000000060F4A
:106630003FFF3A000000060F3FFF37000000060F43
:106640003FFF35000000060F3FFF33000000060F3C
:106650003FFF32000000060F3FFF30000000060F32
:106660003FFF2E000000060F3DFF2E000000060F2A
:1066700039FF2F000000060F3AFF2D000000060F23
:1066800039FF2C000000060F37FF2C000000060F1A
:1066900036FF2B000000060F36FF2A000000060F11
:1066A00035FF29000000060F35FF28000000060F07
:1066B00033FF28000000060F31FF28000000060FFE
:1066C00030FF27000000060F2FFF27000000060FF5
:1066D0002DFF27000000060F2EFF25000000060FEB
:1066E0002CFF25000000060F2BFF25000000060FE1
:1066F00029FF25000000060F28FF24000000060FD8
:1067000026FF25000000060F24FF26000000060FCC
:1067100022FF26000000060F21FF26000000060FC2
:1067200021FF25000000060F22FF23000000060FB6
:1067300020FF23000000060F1FFF23000000060FAC
:106740001FFF22000000060F1FFF21000000060FA0
:106750001CFF22000000060F1CFF21000000060F96
:106760001CFF20000000060F1CFF1F000000060F8A
:106770001CFF1E000000060F1AFF1F000000060F7E
:106780001AFF1E000000060F19FF1E000000060F72
:1067900019FF1D000000060F18FF1D000000060F66
:1067A00018FF1C000000060F16FF1D000000060F5A
:1067B00016FF1C000000060F17FF1B000000060F4D
:1067C00017FF1A000000060F17FF19000000060F40
:1067D00016FF19000000060F15FF19000000060F34
:1067E00014FF19000000060F16FF17000000060F27
:1067F00015FF17000000060F17FF15000000060F19
:1068000016FF15000000060F15FF15000000060F0B
:1068100014FF15000000060F15FF14000000060FFE
:1068200014FF14000000060F14FF13000000060FF1
:1068300015FF12000000060F12FF13000000060FE4
:1068400013FF12000000060F12FF12000000060FD7
:1068500011FF12000000060F10FF12000000060FCB
:106860000DFF14000000060F0FFF12000000060FBE
:106870000EFF12000000060F0CFF13000000060FB1
:106880000DFF12000000060F0CFF12000000060FA3
:106890000BFF13000000060F0CFF11000000060F95
:1068A00008FF14000000060F09FF13000000060F88
:1068B00008FF13000000060F0AFF11000000060F7A
:1068C00008FF12000000060F07FF13000000060F6C
:1068D00008FF11000000060F07FF12000000060F5E
:1068E00007FF11000000060F05FF13000000060F50
:1068F00008FF0F000000060F09FF0E000000060F42
:1069000008FF0E000000060F07FF0F000000060F33
:1069100004FF11000000060F05FF10000000060F25
:1069200003FF12000000060F04FF10000000060F16
:1069300001FF14000000060F02FF12000000060F06
:1069400001FF13000000060F02FF11000000060FF8
:1069500001FF12000000060F02FF10000000060FEA
:1069600001FF11000000060F01FF10000000060FDC
:1069700001FF10000000060F01FF10000000060FCD
:1069800001FF10000000060F01FF10000000060FBD
:1069900001FF10000000060F01FF10000000060FAD
:1069A00001FF10000000060F01FF10000000060F9D
:1069B00001FF10000000060F01FF10000000060F8D
:1069C00001FF10000000060F01FF100000007261BF
:1069D000746573656C007374660063636B5F6F6EE0
:1069E00065636F72655F74780074656D70735F7056
:1069F0006572696F64007478636861696E007278AB
:106A0000636861696E0073776469765F736E727430
:106A100068726573680073776469765F74785F770E
:106A200065696768740073776469765F736E726C0A
:106A3000696D0073776469765F73776374726C5FF6
:106A40006D61736B0073776469765F63636B736EFC
:106A500072636F72720073776469765F73776374C1
:106A6000726C5F616E74300073776469765F737700
:106A70006374726C5F616E74310073776469765F02
:106A80007765696768740073776469765F736574A6
:106A9000746C650073776469765F656E0073776404
:106AA00069765F72785F706F6C6963790073776481
:106AB00069765F63656C6C5F706F6C696379007396
:106AC000776469765F73776374726C5F656E007369
:106AD000776469765F746872657368007377646958
:106AE000765F6770696F5F310073776469765F63A3
:106AF000636B6E6F6973656573746C696D00737732
:106B00006469765F6C6F673261766700737764697A
:106B1000765F6770696F0073776469765F74785F1A
:106B2000706F6C6963790073776469765F74696DFF
:106B3000656F757400616E746469765F72737369F2
:106B40006469666674687265736800776F776C5FF6
:106B50006770696F00776F776C5F6770696F706FD0
:106B60006C00000073B54369164600222F2B0446C3
:106B70000D46019208DD332B06D013460121E2F3C6
:106B8000D9F183059B0D07E0002120460A46E2F378
:106B900031F2064B03401B0C1B022046336001A957
:106BA0002A4600F005F801987CBD00BF0000FF03F5
:106BB000F8B504460E461546E5F380F540F6120199
:106BC000002207462046E6F31BF32046E5F37EF558
:106BD00020463946E6F322F3024B33604FF4C86394
:106BE0002B60F8BD4C6403000B46C06F11461A467B
:106BF000FFF7B8BF10B501210446C06FE2F35CF2A5
:106C0000E06FE6F337F3002010BD37B50024694686
:106C100001AA054600940194FFF7E6FF9DE80600EF
:106C20000346284624F052DC20463EBD38B50446D3
:106C3000C06FE2F3D3F148B12046FFF7E6FF054607
:106C400038B92046FFF7D6FF284638BD4FF0FF3051
:106C500038BD002038BD2DE9FF4107464FF4B6701E
:106C60000E4615469846E0F36BF40446002832D0F1
:106C700000214FF4B672DBF34DF40A9B38460093C3
:106C800004F18003019304F18403029331462A4600
:106C90004346F2F7F1FBE067C0B10123637440F6AD
:106CA00012010022E6F3ACF20C210022C4F88800A5
:106CB000E06FE5F3F7F42046F5F722FF2046FFF7F3
:106CC000B5FFE06FF2F780F9002500E00B252046C4
:106CD000E0F348F400E01E25284604B0BDE8F0814A
:106CE000CDAB000001BC600300104E03BFDE02F01C
:106CF0000E5C0280C12700000403BFDE02F01059C1
:106D000003A85E02F0001203A65E02F000120282E7
:106D10005E5300001202855EAF000012020200BF47
:106D200000000F03A85E02F000120282DEBB00002A
:106D3000120282DEB300001202845EB7000012026B
:106D4000845EB3000012028600C700001202848035
:106D5000C300001201BC63FF1FF040000080000070
:106D60000000035B5E02F0001401BC6013001043DE
:106D700000015E02F0000000025E02F0182C020228
:106D800000BF0000B402045EFF00001B006B4465FE
:106D900056801B01846002F7F7BF01BC6003000A44
:106DA000A600025E02F012370202DEFF00002000A1
:106DB0006B44655520200182E002F7F7BF03BFDE78
:106DC00002F006C30201AC7B00002500E8446561C7
:106DD00077A101BC607F0817A2006D5E86F4402594
:106DE00000A82C7B010B1E00682B4F00002A02809C
:106DF000DEFF0000B4006B44655A60B40184E00615
:106E0000F577AB00025E02F0159B020480C700001C
:106E10002C028180C700002E01806002F7F7BF01BD
:106E2000BC6003000ADA00902BE300D7A200E02B3D
:106E3000DEF457A3006D446AF4603200B02BD70033
:106E40000AF001876002F7F7BF00682BBF00003A25
:106E500000E944655DF7A300E8C4695E77A20068B5
:106E6000DE8B00003A006DDE8D5E003A0286ABD309
:106E700000003A01876006F7F7BF0207DEFF000057
:106E80003F00E844655A37A2006D5E895A003F0111
:106E900087E002F7F7BF01BC6003000AD100682C4D
:106EA0006F00004501BC61F70017A100E84465636D
:106EB00077A2006D5E8AF4204501BC6003000B1BC5
:106EC00000A82C7B002B1E00682AE700005100E878
:106ED00044655737A1006DDE8556404C00682B2372
:106EE00000005100E844655917A1006DDE85564049
:106EF0004E03BFDE02F0005101BC6003000ABA017C
:106F0000BC6003000AB901BC6003000AC801BC6090
:106F100003000AC000A82C7B004B1E0202DEB30057
:106F200000540200420300005400025E02F00D2FE4
:106F30000203C57300005702845EB30000B400680A
:106F4000AAEF0000B40284DEB7000059020180C736
:106F500000007900B02AAB0017A202802BD30000FA
:106F60006000B02B030017A1006DDE855BE0AB0075
:106F7000685E8700006000682BE700006000B02BAF
:106F8000E70017A200682AEB00006600E844655796
:106F900057A101856006F5D7AE006DDE86F440ABE3
:106FA00000E05E8554F7A1006DDE86F440AB0185FC
:106FB0006002F5D7AE0202DEBB00007900682A9BB2
:106FC00000007900E8446555D7A100E02A9B0157ED
:106FD000A2006EDE86F440720182E002F5D7AE01B7
:106FE00081600163CB1E01BC6003000AEA01BC6042
:106FF00003000AA601BC6003000AE503BFDE02F03D
:107000000079006EAA9AF4207800E82A9AF437A151
:1070100000902A9B0037A2006E2A9EF4407700B0B1
:107020002A9F0017A20069DE86F4407903BFDE02C2
:10703000F000AB0284DEB700009E028881AB000046
:107040009C02045EB70000B4020480C70000850003
:10705000682AF700208500682AF700808500682AE2
:10706000DF00008400682AF702E0820068AAF708BF
:10707000608400E844655637A1006D5E8556E0B433
:1070800002005EFF00009C028080BF00009C006840
:107090002B2300008B02802BD300008B00B02B2B06
:1070A0000017BB006E2B02F760B403BFDE02F000D6
:1070B0009C0205DEB700008E00682AF70860B40362
:1070C000BFDE02F0009C028400C700009002860030
:1070D000C700009200682AEB00009C02812C270068
:1070E000009C00E844655637A10206ABD300009629
:1070F00000E845C95AF7A203BFDE02F0009700E896
:1071000045895AF7A20286ABD300009A00E85E8652
:10711000F457A10069DE8557009C006CC465566079
:10712000B402855EB70000B400025E02F015BE0333
:10713000BFDE02F000B40285ABD30000A50206ABAF
:10714000D30000A301BC63FF1FF7A1006845C6F48C
:10715000209C03BFDE02F000A501BC63FF1FF7A166
:1071600000684586F4209C0203C5730000AB0285CD
:107170005EB70000AB020100C70000B4006B4465BD
:107180005680B40020E3FE1460B40282DEBB00002F
:10719000B402022C270000AE0282DEBB0000AE0368
:1071A000BFDE02F0009C028881AB0000B40282DEE8
:1071B000B30000B4028080BF0000B40284DEAF00E0
:1071C00000B402825EBB0000B400025E02F015EE65
:1071D000018060020D906C03595E02F000B603D886
:1071E0005E02F000B703D8DE02F000B801BC618394
:1071F00000112900B0007B00112B01BC63030011BA
:107200002303125E02F00CB003975E02F00D4303FD
:10721000D05E02F0039403D0DE02F0063D03D5DE1B
:1072200002F00C6203915E02F006980396DE02F013
:107230000C5D0288C17300012303C45E02F00810D4
:1072400003C75E02F0083403DCDE02F0163503AA41
:107250005E02F008A40386DE02F00CA10287C037AC
:10726000000CA103835E02F00A50020680C70000F2
:10727000D00202B0E70000D0006C30EE2320D00135
:1072800082E001872C3901BC607F1FF7A201E05E1C
:107290008A1070830391DE02F00720020680C70087
:1072A0000107020601AB0000E3020030E70000E343
:1072B0000068DE4B0620E3020042030000E3028484
:1072C00045230000E30280B0E70000E3006E4517AD
:1072D0000020E301BC600300108000A8412300F0FF
:1072E0004803D0DE02F000DC03D05E02F000DD03D4
:1072F000D5DE02F000DE00E001DF0020770180E053
:1073000005872C3901BC6003000C3A00025E02F0D4
:10731000180700025E02F0181B020E01AB0000F01D
:10732000028445230000F0020130E70000F000E095
:1073300001E300207801816001872C390180E001A0
:10734000872C39010C81430017A60068DE9B006082
:10735000ED01BC6003004C3A03BFDE02F000EF0019
:1073600068DE9B0040EF01BC6003002C3A00025E27
:1073700002F01807020681AB000107020230E700A5
:1073800000FB028042030000FB028445230000FB57
:1073900003915E02F0069800E001EB00207A018084
:1073A000E005872C3901826001872C3901BC60031C
:1073B000000C3A00025E02F0180700025E02F018AC
:1073C0001B0201B0E70000FE006C30F22320FE013A
:1073D00081E001872C39020330E7000107006C309F
:1073E000F623210701836001872C39020042030044
:1073F000010700685E4B04410500685E4B004105D3
:1074000003BFDE02F001070182600609104801BCDB
:10741000600300114503C2DE02F00D0A00025E02A5
:10742000F0123603D4DE02F007B903A3DE02F00047
:107430000203C85E02F005FB0204DEB30001100285
:107440000145230001100184E002F597AC00025EC3
:1074500002F006370201C5230001120187E002F5A0
:1074600077AB00025E02F00EAF00025E02F0117711
:1074700002182E2700011600025E02F0118A03A2F4
:107480005E02F0012003565E02F0011D01866006D7
:10749000091048031F5E02F0011D006A5E2300010F
:1074A0001C00B0002700178800E85E23003788031F
:1074B000A65E02F0018E00025E02F011F800286064
:1074C0000E08E1B403C4DE02F00D7A0020C203000E
:1074D00021BC03BFDE02F0020D03815E02F0012534
:1074E0000300DE02F000C30188E0020B905C03BFE2
:1074F000DE02F0039102874063000127018EE00E57
:10750000F43018028740630001290002DE02F00017
:10751000000287406300012B00B05E8B0010190150
:107520008EE00AF430180002DE02F0000001BC60B8
:107530006300107B01BC601B00107A01AC607EF41C
:107540007075028741D70001320002DE02F00000B0
:1075500001BC606300107B01BC601B00107A01ACB1
:1075600060BEF47075028741D70001370002DE0269
:10757000F0000001BC606300107B00B05E8B001067
:107580007A01AC607EF43075028741D700013C007F
:1075900002DE02F0000001BC606300107B00B05E00
:1075A0008B00107A01AC60BEF43075028741D700C1
:1075B00001410002DE02F0000001BC60030280060F
:1075C0000280DE0700014D01DA6002F01780020838
:1075D0005E0700016101BC60031E17A100E05E02AE
:1075E000F4306501BC60031C17A100E05E02F430BA
:1075F0006401BC600300281103BFDE02F0016701D3
:10760000105E030017A101035E030017A200E05EF5
:1076100086F457A100885E870037A200E05E86F4FA
:1076200057A100E0015AF43063028600C3000158FC
:1076300000B0560B00106200B0540300106201BC91
:10764000600300281103BFDE02F0016900B0418F22
:107650000010620109DE030017A10068DE87004107
:107660005C00E05E870037A100885E870057A100BC
:10767000E05E8504B7A100E05E8703C00601BC6040
:107680000300481103BFDE02F0016901BC6007027C
:1076900017A100E05E02F4306501BC60070017A18D
:1076A00000E05E02F4306401BC600318000601BC17
:1076B000600300081100B05A0300106200B05803C4
:1076C0000010630002DE02F0000001BC6003063718
:1076D0009201BC63FF1FF0C301BC60031890E3017B
:1076E000BC60FB1C10E501BC600300501000B04002
:1076F0004300180000B040470010E70002DE02F02F
:10770000000000E840330097A100B0400B0017A331
:10771000006D5E86F4617700905E8F0037A303BF33
:10772000DE02F0017800905E870037A301BC601B89
:107730000437A100E05E8EF437A301F041970017F3
:10774000A1006DDE86F4618C0287C1970001800183
:10775000385A030017A1013C5A030017A203BFDEE9
:1077600002F00182013C5A030017A101385A0700B8
:1077700017A200685E86F4818700D85E8B0037A26E
:1077800000E14196F4506500E1C19700306503BF08
:10779000DE02F0017A00D85E8B0037A200E141964C
:1077A000F457A100E1DE870037A101F05E870017E2
:1077B000A1006EDE86F4618D01BC63FF1FF7A4009B
:1077C00002DE02F00000020681AB0001900182603F
:1077D00001872C390020E38E090002031EDE02F02F
:1077E0000196039F5E02F0019601BC60430117A160
:1077F00000A84122F4304803BFDE02F00002020874
:10780000411F00019301816005610B0800025E02C7
:10781000F00D2F00B000AB00108600B00163001027
:107820008A00025E02F0107301BC6003041792002C
:10783000B0003B00111D0190600609104803A1DE55
:1078400002F001AE0181E00609104801BC600300AE
:10785000904201BC600300112D039EDE02F001B1D5
:1078600001846002F2979400B0451700178F00B0B2
:107870005E170017900200441F0001AA01856002F4
:107880000910480181600700104701F0DE0F003742
:10789000A1020400BF0001AD01F084C70037A100C0
:1078A000A044B6F43145039EDE02F001B101BC6193
:1078B0003712B08003BFDE02F0000200A044B42AF9
:1078C000314501BC612712708003BFDE02F0000267
:1078D0000020E082090002010CDE530017A101889C
:1078E0005E8700104701BC60030050420108411F41
:1078F0000017A1018CDE86F2979403BFDE02F00030
:10790000020002DE02F000000020E07E090002001A
:10791000025E02F012020283C21F00000202028015
:10792000F30001C600B044670017A1017C5E862306
:1079300057A302835EFF0001C500E000FAF4682946
:1079400001836006F7F7BF006BDE8D0521CA0206D2
:10795000D0030001CE00E950862337A100E8D08A89
:107960002357A20069DE8B0001CE00025E02F00DFB
:107970002F0191601684F42700E020A700882903D6
:10798000BFDE02F0036E00025E02F003710204002B
:10799000BF0001D603945E02F000020020C28F06F1
:1079A000000200A0428F01F78000685E002DC00237
:1079B00000025E02F00D2F03BFDE02F00012020192
:1079C000C28F000002011400630017A100685E87E7
:1079D00000600200025E02F00D2F0194600F0000B3
:1079E0001800025E02F001DD03BFDE02F0001201AA
:1079F0001400630017A100B05E870010A501BC60F1
:107A0000131B906000685E870001E400E04183067C
:107A1000D06000E85E870037A103BFDE02F001E01E
:107A2000028050C30001F2018760040310A000B07F
:107A300000630010B400B042D300180000884183F6
:107A40000030B601BC60030B10B500B0006300B09D
:107A5000B40317DE02F001EB0397DE02F001EC0144
:107A60008060068614300068D0D30001F20068D030
:107A7000D70001F200B0446700143400B0446B003A
:107A800014350002DE02F000000020E01280420CFB
:107A9000018760040310A000B000630010B401BCB3
:107AA00060030E10B500B0006300F0B401BC605775
:107AB0000310B600B000630010B401BC600302D034
:107AC000B50207500B00020901BC600303D0B501E9
:107AD0008E6002F297940204500B0002020204D05E
:107AE0000B00020201866006F2979400E042D70084
:107AF000D0B500A0500B1117A10068DE8711020855
:107B00000186E006F2979400E042D70050B50207E4
:107B1000D00B00020800E042D70090B500B042D779
:107B20000011E100B0006300B0B40317DE02F00200
:107B30000A0397DE02F0020B0002DE02F0000000F2
:107B40006820C3000210006CC46506001201BC600E
:107B500003000830006820BB00021600B044670034
:107B600017A2006C446988A215006B446988A012B2
:107B7000006EDE8905E01201BC600300082E0020C3
:107B8000E0BE090002020681AB00021A0281B0E7E2
:107B90000000020280B0E700000203905E02F000E5
:107BA0001203A25E02F0022C00025E02F0116302D8
:107BB0000200BF00022B0284DEAF00022302045E3B
:107BC000B700022B00025E02F0156902045EB700E6
:107BD000022B03BFDE02F0000202045EB7000226A1
:107BE000020480C700022B02805EFF00022B00020D
:107BF0005E02F0150D0206ABD300022A02052C230B
:107C000000022A03BFDE02F0022B03BFDE02F000F7
:107C10000200025E02F012020200421F0002430054
:107C20006842F300022F006D42F30062430114002A
:107C3000630017A100B05E870017A203A25E02F0E6
:107C4000023703145E02F00245006EC4568062459E
:107C500002814523000245006E5E8700624301BC3D
:107C600060030077A200886006F457A300885E8B4B
:107C700001001800E85E8B0037A20020C28EF4627B
:107C80003D006ADE86F4423703BFDE02F0024302A3
:107C90000400BF00026F0090006301016500808551
:107CA000970217A100E064820DA16600025E02F057
:107CB00011DF03BFDE02F0026F018260020910488B
:107CC00003BFDE02F0000201BC600300111500B02A
:107CD000017F0017A6031F5E02F00254020300C3D7
:107CE00000024A0020C28F02024E03255E02F0020B
:107CF000540020C28F02024E00688153FFE012033D
:107D0000BFDE02F002500194601300001803BFDED2
:107D100002F0026F039EDE02F002530068DE980B51
:107D2000C2530201411F000F25018560020910485E
:107D300000685E980BC25800695E9F0062720298EC
:107D4000428F00025803BFDE02F002720201411F9F
:107D5000000F25020400BF00025F0218428F000FCF
:107D60002500025E02F011C100025E02F011DF0187
:107D700094058700001803BFDE02F0026F020015B1
:107D80000B000268020016BB00026B00B0149700E3
:107D900017A10068DE84B2226800B0149B0017A10E
:107DA0000068DE84B2426800B0149F0017A100682A
:107DB000DE84B26268029E14E700026B0201C28F89
:107DC00000026D0194600F00001803BFDE02F00294
:107DD0006F0201C28F00026D018060060D906C027F
:107DE00000C28F000F250194600700001800025E9A
:107DF00002F001DD020400BF0002A103BFDE02F0B9
:107E000002A101BC60031810600129500B001792F9
:107E100000B0017B001065006800EB00027A00886A
:107E20005A130117A100E84466F437A1006EDE84FE
:107E300007427A03BFDE02F007B201906012091018
:107E4000480194601F00001801085A0F00178101B3
:107E5000885E0681540A01345A0F00178000025EC2
:107E600002F0014300B0017B00106500B056230012
:107E700017A100E05E86A097A100E85E8400F403ED
:107E800000E85E8400F41600B05A0300141300B03A
:107E90005A0700141400B05A0B0014150068DE07CE
:107EA00000429200E800970057A101BC5E86F014E2
:107EB0001B017C5E8700F41C00B020470017810086
:107EC000025E02F0108400B0017B00106501085AC8
:107ED0000F00178100B05E8700141E03BFDE02F0A2
:107EE000029500B0561700141B00B0561B00141C5E
:107EF00000B0541300141E00B05013001086006D23
:107F000000A700829B0190016300108A00B0418F9E
:107F100000106200025E02F0160200B0422B001454
:107F20000601BC60031817A1006DC18C20029E01E0
:107F3000BC60030297A100E05E840377A100E05ECD
:107F400086B0111D03BFDE02F00337020300C70035
:107F500002B1020CD0030002B1011400630017A1AA
:107F6000028500630002B10080DE8701F7A201BC38
:107F7000601B1857A200E05E8A0DB06500B0419703
:107F80000014320080DE8700B7A201BC601B15D749
:107F9000A200E05E8A0DB06400B04193001433008B
:107FA00068D8130002BF02005A1B0002B3018060B0
:107FB0000684F42703BFDE02F006C30201D00300EB
:107FC00002B300B0509B00142F0281D0C700036B96
:107FD00000025E02F00371010BD0030017A1013C07
:107FE000502B0017A2018C5E86F457A10148014373
:107FF0000017A2010C81430017A300685E8F0022C6
:10800000BC018CE0000A17A200685E86F442BF0142
:1080100091601284F42703BFDE02F0036E00025E5B
:1080200002F001F300B0501300108600B0501700AA
:10803000108A03A25E02F0030B020CD0030002DEE2
:10804000020300C70002DD00B050CB001065000243
:108050005E02F01698020350C70002CB01BC6023F9
:108060000097A100A85002F4340003BFDE02F00222
:10807000E2020481AB0002CD006D4246C0801200D6
:10808000B05A1300178000025E02F0014D00B05498
:108090000F00141E00B05A070017A100B05A1300B9
:1080A000178001875A16F0178000B0418F001065C5
:1080B00000025E02F0160B00E05E86A074030287E9
:1080C0005E030002DC0109DE030017A300E05E8B03
:1080D0000077A200E05E8AF477A200885E8B00370A
:1080E000A100E05E86F4508903BFDE02F002E200E8
:1080F0006D424A848012010650070017A1028CD0FD
:10810000030002E100685E870002E20182DE8686EB
:108110003431018260028634310020D0030402E849
:1081200000B0504F0011F200B050530011F300B0F6
:1081300050570011F401BC60030091F0020601AB3E
:1081400000030402015003000304020601AB000314
:108150000403A25E02F00304028030E7000304017E
:10816000806005872C3900E001E700207901BC60C0
:10817000430890E600025E02F0016A01BC60031948
:1081800010E401BC600300000601BC600301D7825B
:1081900001D2DE0877F0E000B00F030010E100B07C
:1081A000004700108600B00F1F00108A01BC60035A
:1081B00000378100025E02F0107000B0059B0010D5
:1081C0006400E8581A28F14500B0058B00106400DF
:1081D0006A4516C082FF00025E02F01095006E45EF
:1081E0001700430101BC600300514501BC6003005E
:1081F00010BB01BC610303B08003BFDE02F00012BC
:1082000003945E02F0030B0206500300030702878B
:10821000DEAF00030B028150030005DC0202D0C771
:1082200000030A0208502B00030B0285D00300054F
:10823000F301906012863431011050070017A60038
:1082400068DE9B004317013A500700178000885EE4
:108250000300778000E000AEF0106400B05E07001D
:10826000081301BC602306D78100E04183017063DD
:1082700000E0418F00B06500025E02F010AB00B07C
:10828000204F00178103A25E02F0032300B0500FBD
:108290000011160202D0C700031B00B0505B001192
:1082A000160282D003000323028147C300031C028D
:1082B00080504F000321002047C73F83230020C781
:1082C000DB00C36D03BFDE02F0032303A55E02F0F3
:1082D00003230280C7DF00036D028850C700033FFD
:1082E0000129500B001792020300C7000330020C53
:1082F000D003000330028350C700033000B050CBDE
:1083000000106501385A1300178001825A17005770
:1083100081010E5A130017A1018E5E86F03781028B
:1083200002D0C700033F00B0501B00108A03BFDE1D
:1083300002F0033F0282D0C7000337013850270004
:10834000178001085013001781010250130017A174
:1083500001825E86F0378100B0507F00108903BF34
:10836000DE02F0033F0138506F0017800108502BE8
:108370000017810106D0070017A101825E86F03741
:108380008100B0501B00108A00B05083001089019A
:108390000E50730017A1018E5E86F0378100025ED9
:1083A00002F0014300025E02F010700102421B0065
:1083B000178101825E0502378100025E02F010849F
:1083C000020680C700034B010C81430017A600681A
:1083D000DE9B00634900885E870057A103BFDE0271
:1083E000F0034B0068DE9B00434B00885E8700373C
:1083F000A100E05E840117A101D9DE87001083018E
:10840000BC613703B79100685E4B02837F020400B2
:10841000BF0003520287500300035203945E02F030
:10842000035303225E02F00360020681AB00035E89
:1084300000685E4B04435700685E4B00435703BF20
:10844000DE02F0035E00E001EF00207B01BC600370
:1084500002914501836005872C3900E044670A0CCE
:108460003D018C600E1770BB01BC610302308003BC
:10847000BFDE02F0000201BC610300308003BFDEFA
:1084800002F0000201BC613303B791028500630072
:108490000366009000630097A100E06482F43065F9
:1084A000006E5A130023660188E006F23791020637
:1084B00001AB00036A0068DE4B05A36A01BC6103DF
:1084C00000308003BFDE02F0000203BFDE02F003D3
:1084D0007F0191600E84F42703BFDE02F0036E017A
:1084E00091600684F42701BC60030010B40181E0B0
:1084F0000686343103BFDE02F006C3011C508F0034
:1085000017A10080DE870197A200E0015E0DB06533
:1085100002805A7F00037E02815A7F00037A0203A1
:10852000DA7F00037E00685A8700037E00886006B9
:10853000F437A100201CBAF4237E00025E02F00D85
:108540002F0191601E84F42700015E02F0000003F9
:10855000BFDE02F0036E0002DE02F0000003C4DEA4
:1085600002F00D7A020650030003870207DEAF0017
:10857000038701BC610300379102075003000385A4
:1085800001BC620300F79100E0010B00204203BF31
:10859000DE02F0038801BC600300204200B05E47A9
:1085A000001080020400BF00039000B0058B001093
:1085B00064006E45170000020068DE4B02838F00E6
:1085C000A044B42A314503BFDE02F0000200025E7F
:1085D00002F010950068C51700000203D05E02F09B
:1085E000039400025E02F0109503BFDE02F0000269
:1085F000020601AB0003970068DE4B05A3970180DC
:108600006001872C39020E01AB00039A0200B0E72B
:1086100000039A01816005872C3900E10DB228E33F
:108620006C00E08DB700036D01836002F7F7BF01B6
:10863000BC600300900400A8412330104801BC62D4
:108640000F0011E001816002F5D7AE020200BF0009
:1086500003B80068DE4B0203A400025E02F017BA02
:108660000068DE4B0623B802045EB30003B80206BE
:10867000ABD30003A90204C5AF0003B803BFDE02F9
:10868000F003AA0200456F0003B800E844655637BE
:10869000A100E82A96F437A100695E870823B80292
:1086A00006ABD30003B2006BAC422323B100E0441D
:1086B00067014B100183E0022B915C03BFDE02F0E7
:1086C00003B80183E0022B915C01BC600318517870
:1086D00000B045E3001800018360022F317900A843
:1086E0004138F9D7A100B05E84FE704E0187E002E8
:1086F000F577AB0068810B0023BB00B04467000036
:10870000430182E00609104800A841B310906C01B3
:108710008260062891440188E0020B905C00025EB2
:1087200002F012360185E002F7F7BF0288421B0013
:1087300003C30185E006F7F7BF035B5E02F003C5E4
:1087400001BC601300104301BC600300108501BC34
:1087500060030010B8008850770090B90208502BD1
:108760000003CC013850730017A1017C506EF43720
:10877000A100885E870090B9020047A30003D001E2
:10878000BC60030011EA009042E70091EB00B047A3
:10879000A300D1E8020047B30003D201B0E08E3D50
:1087A00091EC01D2E00210908403A95E02F004FD76
:1087B00001BC600300108400E001C300207000B021
:1087C0004467000C0D00B0446B000C0E0320DE0269
:1087D000F0044B00685E4B18A3E30068DE4B078390
:1087E000EC01BC63FF1F708401BC600300F08501D5
:1087F0003813630010B500E042D700D0B501BC606B
:10880000030010A601BC602314D0B400E01357008D
:1088100024D503BFDE02F004930184E006F597AC93
:1088200001BC60FF1FF08400025E02F0042801BC5E
:1088300060030010B401BC60030010A601BC60031B
:1088400002D0B501BC602304D0B400E0135B002467
:10885000D603BFDE02F0049301816006F5B7AD00D8
:1088600068DE4B04A3FF0203DEBB0003F100E02E31
:108870000B00106503BFDE02F003F201BC602301B0
:10888000106500A05E7FFE10EC00B05A030010EDF2
:1088900000B05A070010EE00B05A0B0010EF00B005
:1088A0005A0F0010F001BC63FF1EF08401BC60038E
:1088B00000308501BC60030010B401BC600301D02E
:1088C000A601BC60030450B501BC602304D0B40011
:1088D000E002AF0020AB03BFDE02F0049301BC61F5
:1088E000FF1FF08401BC60030010850068DE4B05AB
:1088F000240701BC60030010B401BC600B0B50A640
:1089000001BC600302D0B501BC602304D0B403BF36
:10891000DE02F004130068DE4B02441E00B0306734
:108920000010840285C38F00040B00E05E2700372F
:108930008901DA5E270010EE01BC63FF1FF0CE0153
:10894000BC60030010B40080E02183180000E069DF
:10895000820DB0A601BC600303D0B501BC60230446
:10896000D0B400E001D3002074018460070011E05E
:108970000282DEB30005BC02045EB30005BC0181C7
:10898000E006F5D7AE0183E00609104800B04123A8
:1089900000180001BC600306B78E0188204610D77E
:1089A0008100025E02F0108400885E8700708303FD
:1089B000BFDE02F005BC01BC60031FF0840103DED2
:1089C000530017A200680ECF00042300B00ECF00A2
:1089D00017A200901CBAF457A202005EFF00042503
:1089E00001BC60030037A200682B4F00042701BCC4
:1089F00060030037A201865E8A1C70E3006AC3939D
:108A000000043100E8439000D0E40202421B00045D
:108A10002F0090001B0037A10020421B00442E00B5
:108A2000B020970017A100E04392F430E40069C33E
:108A30009300043101BC60030010E400682B4F0078
:108A4000043300E043915B30E401BC60030010B4E8
:108A500001BC60030010A601BC60030210B501BC9C
:108A6000602304D0B400685E4B06A44900E001CB4B
:108A7000002072020681AB0004930280B0E700047C
:108A8000930203B0E700049301BC600704F7A60259
:108A900088421B00044101BC600F0017A6028242FD
:108AA0001B00044101BC60170017A6010C814300A4
:108AB00017A50068DE9700644400885E9B0037A617
:108AC00000E04466F4CC3C0181E005872C3901824A
:108AD0006005872C390183E001872C3903BFDE0252
:108AE000F0049300E001CF00207303BFDE02F00426
:108AF0009303205E02F0049A0181E002091048000D
:108B0000E001D7002075031EDE02F0047A01BC608C
:108B1000030017A2006A5E230004530102428F0083
:108B200017A201855E8A0910480180E00610308195
:108B30000284DE5300045A00B000770017A100E061
:108B40005E840437A100885E870057A100E05E873D
:108B50000D57A103BFDE02F0045B01BC60030D579B
:108B6000A10068002700047A00E05E8401F7A101FB
:108B7000BC6023009065008841970030B601BC605E
:108B8000030010B400905E870050A601BC60030192
:108B900010B501BC602300B0B40317DE02F004631B
:108BA0000397DE02F004640020DE8700446D00209D
:108BB000DE8700246A01B85E22D0168001805E8ABA
:108BC000D0368103BFDE02F0047301BC5E22D016F2
:108BD0008001845E8AD0368103BFDE02F004730018
:108BE00020DE8700247101B85E22D0368101805ECC
:108BF0008AD0568203BFDE02F0047301BC5E22D02D
:108C0000368101845E8AD0568201886002F430A8E1
:108C100000B05A030010B000B05A070010B1028033
:108C200042A300047600E042A30090A800B05A0BD3
:108C30000010B000B05A0F0010B10187600610900C
:108C40008400E05E2700378901DA5E270010EE011C
:108C5000BC60030010B401BC60030350A600B00068
:108C6000330010B50284DE5300048400E060680322
:108C7000B0A600E042980430A600B000370010B55E
:108C800001BC602304D0B401846006F2979401868D
:108C90006002091048039EDE02F0048E0280441F29
:108CA00000049100B05E3F00114501BC6003001755
:108CB0008F00B05E4300178500B05E0F0017900371
:108CC000BFDE02F0049100B05E0F00178502804401
:108CD0001F00049100A044B6F0B14501BC6003013F
:108CE000104201836006F29794018460070011E04E
:108CF00003A05E02F005BA02065EAF0005BC018665
:108D0000E006F577AB01BC600300108000025E0254
:108D1000F00D3703BFDE02F0072003A15E02F0056D
:108D200027011400630017A10068DE8700E49F019B
:108D300081600609104803BFDE02F00527028500A6
:108D4000630004A10183E0060D906C01816006F5CB
:108D5000D7AE011C508F0003BD0206508F0004A93E
:108D600000B044670010F300B0446B0010F401BC85
:108D700063FF1FF0D301BC63FF1FF0D400B04217A4
:108D80000310850020600E8624D001876004031044
:108D9000A000B000630010B401BC60030B10B5006C
:108DA000B0006300F0B4020300C70004BB020CD0A3
:108DB000030004BB028050C70004B300B05413008A
:108DC00017A100E05E8680741A00B0506B0010E4BA
:108DD00000B042130210840209502B0004BB00B003
:108DE000421300308401D2E03AA030E0028050C744
:108DF0000004C101D2E052A030E003BFDE02F00463
:108E0000C10202D0C70004C100B0505F0010E000F2
:108E1000B050630010E100B050670010E200B050A5
:108E20006B0010E400B0421302F084020050C7004F
:108E300004CB018AE00E10908401BC60FB1C10E59D
:108E400001BC60030890E600B000630010B401BCF0
:108E500060030210B500B0006304D0B40184600761
:108E60000011E001BC600300178E03BFDE02F005B5
:108E7000C700E001C700207100B000630010B4011A
:108E8000BC600302D0B500B0006304D0B403BFDE01
:108E900002F0055403225E02F004D200E002A700B3
:108EA00020A9010350030017A100B85E870037A175
:108EB00001875E86101080020400BF0004E0032BCF
:108EC000DE02F004E0020000F30004DA00E8002310
:108ED00000514201BC600A28514203945E02F00432
:108EE000E000B0058B00106400E058230036080055
:108EF0006858030004E000B0446700111200B05845
:108F000003001115020CD003000526020300C70060
:108F100004F300B050CB00106501BC60030016855F
:108F200000E05A3300368C020350C70004E800E02A
:108F30005A2700368903BFDE02F0052701BC600313
:108F40000017B200B05A0B000B8301385A130017F8
:108F5000A101BC5A06F430E0013C5A130017A101EC
:108F60007C5A06F430E10181E0061090840185E02E
:108F7000070010E30185E0070010C30282D0C7009C
:108F800004F803BFDE02F004FB0202D0C70004FDB8
:108F900000B02A330017A101B8506EF430E000B0E1
:108FA00050730017A101B82A36F430E1028242134F
:108FB0000004FB00B0507B0010E400B0421302102C
:108FC000840185E0061C30E100B04213007084018A
:108FD0008760040310A0020300C700051300B0500F
:108FE000CB001065006D5ECAD1C5030185E0021893
:108FF00070C300E05ECB00368E01BC601B1FD065E5
:1090000000E04196F6506500B05097001680006869
:10901000DECB00050B01BC60230150B800E001F37A
:1090200000207C00682E0F00251103BFDE02F00532
:109030001E00B05ECB0010B500B000630870B40233
:109040008342D300050D01BC60030170B80068AE17
:109050000F00251E01BC60030170B802BC50670000
:10906000051D03BFDE02F0051C010CD0030017A193
:1090700003A95E02F0051901BC60230150B800E0AD
:1090800001F300207C00685E8700651C03BFDE02E0
:10909000F0051E01BC60030170B800685E870045E2
:1090A0001E01BC60030170B80181E0021710B80115
:1090B000BC600300F0A501BC60030E10B500E00128
:1090C000F700207D00B000630010B400B000630022
:1090D000F0B400B042D3001800018860080310B457
:1090E000018160060D906C03BFDE02F005540202A0
:1090F000D0C700052D00B0506F0010E000B05073D5
:109100000010E100B050770010E202824213000527
:109110002C00B0507B0010E400B0421302F0840039
:10912000E05E9F0037A703A15E02F0053601BC6038
:10913000030017A7018760040310A000B0006300BC
:1091400010B401BC60030E10B500B0006300F0B4B1
:10915000018860080310B403BFDE02F0054900B0C7
:10916000017B00106500B05A030010E500B05A07FB
:109170000010E600B05A0B0010E70068A04B000595
:109180003C00E05E270037890068204B0005400165
:1091900085E0070010E30185E0070010C300B0423E
:1091A0001301108401DA5E270010EE0187600610BB
:1091B000908400B042131C108401BC60030010B402
:1091C00000E0606803B0A600B000970010B501BCD5
:1091D000602304D0B4018460070011E003BFDE0205
:1091E000F005A901085E4B0017A100685E87002505
:1091F0005402025003000553029E509F0005500286
:1092000001D00300055000E05E2700378901585E59
:109210002700142D01DA50B70010EE018760061008
:10922000908403BFDE02F0055401BC600300142DDE
:109230000104C1070017A100680EF700055900B02E
:109240000EF70017A100901CBAF437A103BFDE028D
:10925000F0055B03225E02F0055B0103DE5300179D
:10926000A100B05E870017A202005EFF00055E014C
:10927000BC60030037A200682B4F00056001BC6092
:10928000030037A202885E4B00056300685E4B0650
:10929000856301BC60030017A200688EF7000565B6
:1092A0000183DE86F297940183DE8684F4270281AF
:1092B000C21300056B01865E8B0010E30186600718
:1092C0000010C30181E00610908403BFDE02F005A8
:1092D0006D01865E8A1C70E3018660061870C30209
:1092E000B847A70005A502A047B70005A703A95ED8
:1092F00002F0057501085E4B0017A100685E87004B
:1093000025A6021E509F0005750185E0061C70E32E
:109310000185E0061870C3011400630017A10068FE
:10932000DE8700857E00B001530017A20068DE8B47
:10933000FFE57A0068424700257B0068DE8A84C525
:109340007E018560020910480186E0021C70E3017D
:1093500086E0061870C3011050070017A600685E6B
:109360009B0005A601BC60030011E4013A50070010
:10937000178000885E0300778000E000AEF0106484
:109380000068DE9B00458B0207D00300058901BC05
:10939000602B11F7A200E05E000B37A300025E0213
:1093A000F010D601BC602306906401BC6047001732
:1093B000A200025E02F010FE00685E9B0045A7015D
:1093C000A46046F471E00068DE9B00C59901BC61B1
:1093D0001300B7A1020600F300059201BC60130060
:1093E000B7A10192C21AF437A203295E02F00597D1
:1093F00001BC60030011EE009042E70091EF019282
:10940000E00EF437A200B05E8B0011EC03BFDE0269
:10941000F005A700685E9B00659E00685E9B00A546
:109420009E00B0502F0011E200B050330011E20353
:10943000BFDE02F005A7018760023D11E80068DE8B
:109440009B00A5A1018760063D11E801BC600300F7
:1094500011EA009042E70091EB0192C21B00B7A213
:1094600001B85E8A3D11E803BFDE02F005A7018462
:1094700060070011E001BC600300112D00B04483BF
:1094800000142C03A3DE02F005BD01BC600300172D
:109490008E00685E4B05A5AD020050030005B701C4
:1094A00083E00609104800B0412300180001BC60A9
:1094B0000306378E00685E4B05A5BC00E002A300E2
:1094C00020A801BC600304B78E03A95E02F005BCAE
:1094D00000685E4B0425BC01BC600306B78E03BF69
:1094E000DE02F005BC01816006F577AB00B05E0FCF
:1094F00000178500025E02F0109501BC60030017A2
:109500008C01BC600300178D0323DE02F005C70247
:109510000680C70005C6010C81430017A10068DE64
:10952000870065C60108421B0017A10068DE87009E
:1095300005C601BC607F1FF7A101E05E8610708345
:109540000182E005872C3900E04467258C3B0187C8
:10955000E006107083006D00A70085D903295E0224
:10956000F005D9020300C70005D600B050CB0010AB
:10957000650282D0C70005CE00E05A23003688037A
:10958000BFDE02F005CF00E05A2700368900682EC2
:109590000F0025D600E05ECB0037B2010A5ECB009B
:1095A00017A100E050CAF4306500D06006F657A25B
:1095B00000205A1AF445D603BFDE02F005D000029F
:1095C0005E02F012360350DE02F005D603BFDE0263
:1095D000F0063D02055EAF0005DB0187E00626715F
:1095E0003303BFDE02F000020190600A86343102CC
:1095F00082D0C70005E5013C5027001780010950C3
:109600002B001781010750070017A101825E86F029
:10961000378100B0501F00108A00B0500F001116A3
:1096200003BFDE02F005EB0138505F001780010A2E
:10963000502B0017810107D0070017A101825E8619
:10964000F0378100B0502300108A00B0505B001149
:1096500016020300C70005F0020CD0030005F0025B
:10966000085E070005F0013854070017800190429A
:109670002AA1308A028050C70005F901BC600305A9
:10968000B79203BFDE02F0031B01906006863431FF
:10969000020300C70005DD020CD0030005DD00B0A9
:1096A000001F0017A100E05E8680741A03BFDE026F
:1096B000F005DD01BC600306379203BFDE02F00354
:1096C0001B00E0135F0024D70204DEB30000020099
:1096D000B0130B001065011998870017A101095AF2
:1096E000130017A201895E86D0968400B01307008C
:1096F00017A3006DDE8498260400B05E870017A3D0
:1097000001885E8ED096840068DE8AF4210E01BC4A
:1097100063FF1FF0D000B05A130010F001BC6003CB
:109720000017A501825E961E10F001BC63FF1FF0BA
:10973000CF01BC601B00F0EF01BC63FF1FF0D10044
:10974000B044670010F101BC63FF1FF0D200B044C9
:109750006B0010F201BC60030404D801BC63FF1F5E
:10976000F0C301BC60031C10E301BC63FF1FF0C425
:1097700000B052130010E401BC63FF1FF0C500B03D
:10978000522F0010E501BC63FF1FF0C600B052333A
:109790000010E601BC63FF1FF0C700B05237001095
:1097A000E701BC63FF1FF0C800B052170010E801CA
:1097B000BC63FF1FF0C900B0521B0010E901BC637D
:1097C000FF1FF0CA00B0521F0010EA01BC63FF1F68
:1097D000F0CB00B013470010EB01BC63FF1FF0CCCF
:1097E00000B0134B0010EC01BC63FF1FF0CD00B0C4
:1097F000134F0010ED00B0136700106201BC60034E
:1098000000281100025E02F0107400025E02F00DEA
:109810002F01BC602B1877A100025E02F001270126
:109820006040670011C000E040649B17A100E05E4B
:10983000870097A101BC63FF1FF0C001BC6003015A
:10984000550101D2DE86A030E000905E870177A14D
:1098500001BC60030797920190600A09104803BF9A
:10986000DE02F0035301BC60070011C101BC602B94
:109870001817A101BC60030017A200025E02F001EC
:109880002B01BC60030011C10002DE02F0000002E7
:1098900001C2E3000665020300C700064200682E0D
:1098A0000F002652006E4246F6465203BFDE02F01B
:1098B0000644006E4247002652020300C700064FCE
:1098C0000355DE02F0064401806002861430013840
:1098D00050830017A100B050CB001065006DDA3244
:1098E000F42C6200A84123141048011400630010F6
:1098F0006500E041970ED06500E05A030036800114
:10990000BC621F0011E003BFDE02F000120181E023
:10991000068634310191600E84F42703BFDE02F025
:109920000665013C50670017A101AC5E861750BA6E
:1099300001BC60030190B8020300C700065F006825
:10994000AE0F00265A0181E0021710B80350DE0264
:10995000F0065803BFDE02F0066500E82E0F002B6C
:109960008300B05ECB0010B500B000630870B40295
:109970008342D300065D03BFDE02F006600186E08D
:10998000040310A000025E02F001E603D5DE02F03F
:109990000C6203D6DE02F00C7A0350DE02F00661A0
:1099A00003BFDE02F003C301BC600300F0A5018227
:1099B000E00209104801BC621F0011E001BC600315
:1099C0000011EC01BC600F0011E80285500B00068D
:1099D0006C0182600209104803A0DE02F0067003E9
:1099E000D5DE02F00C6203D6DE02F00C7A03205EB4
:1099F00002F006760188600209104801BC6003008D
:109A0000083100685E4B18A0020068DE4B078675BF
:109A100000025E02F0063703BFDE02F0001201BC56
:109A200060030037A100025E02F00E9603A3DE027F
:109A3000F00012020050C700068201BC6003001053
:109A4000800182600609104801806002863431007E
:109A5000688EF70006800104C1070017A10183DEAC
:109A600086F2979400E001CB00207203BFDE02F083
:109A7000020D00B0010B0017A1006DDE840806C3C3
:109A800000E844640877A1006E5E840826C301875D
:109A9000E006F577AB020200BF000697028881ABB3
:109AA000000697028400C70006970129500B001793
:109AB000A10068DE870206970282DEBB00069702DD
:109AC00003C5730006960283DEB30006960286ABDA
:109AD000D30006920282DEBB00069200682AE700ED
:109AE0000697006DDE2F01E6970182E006F7F7BFCB
:109AF00001BC613B0417A100E04466F42AA903BF3E
:109B0000DE02F0001203BFDE02F006C301BC6003F8
:109B100000114902825EAF0006B201826006F5774D
:109B2000AB00B0446700081C020400BF0006A3009D
:109B300068451F0006A30185E002F577AB032BDE25
:109B400002F006A10185E006F577AB00B0058B00B9
:109B5000106400025E02F0119700B0014B0017A2E2
:109B60000208421B0006A600B0016B0017A20068A5
:109B70005E8B0006AE0090452B0097A10080DE862C
:109B8000F457A1006E20BA0DA6AE00B041B7000890
:109B90002E00E120BA23282F00E0DE86234C45006A
:109BA000B041B6F4282E02055EAF0006B001BC61DC
:109BB0000300113300E10D8229436000E08D87002E
:109BC000036100E844650397A5006D5E970100C13D
:109BD000020200BF0006C00068DE4B06A6B7018483
:109BE000E002F7F7BF0068DE4B0406BA0282DEB37C
:109BF0000006BA01BC6003000B0A02045EB3000653
:109C0000BD0068DE4B0626BD00025E02F0158F0027
:109C1000025E02F0123703A3DE02F006C00183E009
:109C200002F597AC00025E02F017C001826002F5F7
:109C300077AB03D15E02F00002020050C3000719A7
:109C40000325DE02F006C70183600684F42703BF04
:109C5000DE02F006F9020CD0030006F7020300C78B
:109C60000006E6011400630017A1006DDE87008680
:109C7000F701BC600300178000B050CB00106500F6
:109C8000B050CF001064018160060D906C018260BD
:109C90000686343100B05A230017A101BC600300CE
:109CA000168801BC5A2AF437A101BC600300168A49
:109CB00000B05E8700148F00B05A270017A101BCC6
:109CC000600300168901BC5A2EF437A101BC600361
:109CD00000168B00B05E8700149000B05A1B001471
:109CE0008D00B05A1F00148E01BC600300160400E2
:109CF00068DE030006E3020350C70006E2010050DD
:109D00009F00178001805E0291B48D01BC5E0292BB
:109D1000149001BC600300378000025E02F016E47C
:109D200000B05E0300148C03BFDE02F006F2006890
:109D3000C2470006EB0181E0068634310191600ED6
:109D400084F42701BC600300143003BFDE02F0007E
:109D50000200B0509F0017A100025E02F001E50072
:109D6000B05E870014270186E0040310A000B04213
:109D700083001800010CD0030017A10068DE8700E3
:109D800066E6010250C70017A101805E8684F427B1
:109D9000018AE00E84F42700B050BF00142603BFF0
:109DA000DE02F006F90186E0040310A00200509FD5
:109DB0000006F90286C10700071403295E02F006B7
:109DC000FE00B0523300142D00B052370017A1012D
:109DD0009E5E8684F42700B0509F0017A10180DEAC
:109DE00086F437A1020580C300070500B0303B00B0
:109DF000108F00B0303700108E00B050D700108D9B
:109E000000B050D300308C00B050BB00108F00B0B9
:109E100050B700108E00B0509B00108D018060067E
:109E2000F4308C020250C700071100B052430010FA
:109E30008F00B0523F00108E00B0523B00108D01D9
:109E40001A52370017A10198DE870437A101B85EC6
:109E50008691B08C01826002863431018160020DEE
:109E6000906C01BC600300143401BC600300143525
:109E70000325DE02F00717019C600284F42703BF6C
:109E8000DE02F0071B0285500B00071900A850C71F
:109E90000D143101BC600300143001816002F5D75C
:109EA000AE0183600284F4270185E00209104801B5
:109EB000BC600300142E03A25E02F0020D03BFDE9D
:109EC00002F000120323DE02F0079103A35E02F00A
:109ED000079103A2DE02F0079101816006F577ABDE
:109EE00003AA5E02F007910183E0020910480351C2
:109EF000DE02F0072C020680C70007290182E0017C
:109F0000872C3900E0026B00209A0180E006F5778B
:109F1000AB03BFDE02F007310301DE02F0072F00C2
:109F2000685E4F06272F01BC60030017A803A45EDC
:109F300002F0073103C1DE02F0079402045EB300B1
:109F4000073A01846002F597AC0183E002091048EA
:109F500000B02B3F0017A1006D2AEEF4200200E0B4
:109F6000027B00209E01BC6003000ABB00025E026F
:109F7000F0159203BFDE02F000020203DEB3000719
:109F80004A0183E002F597AC00E020CF00283302BD
:109F9000015EBB00074A00B02A830017A1006D20B4
:109FA000CEF4274501BC600300083300E0027F00C7
:109FB000209F03A95E02F007480191601A84F427EC
:109FC00003BFDE02F0036E01BC63FF1FF7A10002B6
:109FD0005E02F00E9603295E02F0074A0191601AB4
:109FE00084F42703BFDE02F0074A018460020910EF
:109FF0004800E10DC229437000E08DC700037102E3
:10A000000400BF00075101BC6003001115011400DA
:10A01000630017A100E06602F4306500025E02F002
:10A02000109A0182600209104800685E3B18A7552B
:10A030000068DE3B07075603BFDE02F0000203297B
:10A040005E02F007590201500300075900685E3BA9
:10A0500004A76001F0DE1700378500A05E16F097B8
:10A060008500685E3B0627600201500300075F021F
:10A070008780BF00075F0185E0060910480280D095
:10A080000300077000B05E1B0017A300B0008B0038
:10A0900017A4020400BF000766006E419730676690
:10A0A00001185A030017A3011A5A030017A40068E5
:10A0B000C18318076900E002930020A403BFDE02F9
:10A0C000F0076B006D5E2EF4876B0182E00686342C
:10A0D0003100E05E3300378C0068DE32F4676E00DA
:10A0E000B05E0F001785006DDE2EF4677C03BFDEC7
:10A0F00002F0078C00B05E1F0017A300B0008F00B5
:10A1000017A4020400BF000776006E4197306776FF
:10A11000011C5A030017A3011E5A030017A4006D67
:10A120005E2EF487780182E00686343100E05E37E7
:10A1300000378D0068DE36F4677B00B05E0F0017D5
:10A1400085006D5E2EF4678C0185E00209104803DE
:10A15000D1DE02F0077E03295E02F00780020300D1
:10A16000C700078100B05E0F00178500025E02F095
:10A170001095006841831807B2020300C7000788E2
:10A18000020CD003000788028350C70007880068CC
:10A19000DE4B05A78803BFDE02F016640181E006EE
:10A1A0008634310068DE3B06278B00E0029F0020EA
:10A1B000A703BFDE02F006C300025E02F0109501A5
:10A1C00081600209104803295E02F00791028300B2
:10A1D000C700166403BFDE02F006C303D1DE02F03F
:10A1E000079203A5DE02F006C303BFDE02F00012F1
:10A1F00000E10DBA29436E00E08DBF00036F020637
:10A20000500300079C00B001030017A1006D810AF4
:10A21000F4279C00E844640877A1006E5E84082758
:10A220009C0187E006F577AB01085E4B0017A100A3
:10A23000685E4B05279F00685E870027A000B05E20
:10A240000F00178500025E02F0109500685E3B0665
:10A2500027A601BC600300178C0200D0030007ABE7
:10A2600001BC600300178D03BFDE02F007AB01BC29
:10A27000600300178C020300C700020D020CD0031C
:10A2800000020D019C600284F42703BFDE02F0028D
:10A290000D006841831807B10180600684F427032C
:10A2A000295E02F006C30182600686343102830013
:10A2B000C700166403BFDE02F006C300E002970089
:10A2C00020A50181600209104801BC60030008124A
:10A2D00000E0017B00A05E01BC60131417A1006DBB
:10A2E000017AF4201201BC60130C805E03BFDE0211
:10A2F000F0001200025E02F00D2F0338DE02F000C3
:10A3000012039EDE02F0001200E8444C00F7A100A8
:10A31000E85E840117A1006ADE840107C200E85EDE
:10A320008401118701BC600300118801A5E022307F
:10A33000118001BC600300111301BC600300111403
:10A3400000B044670017A100B0446B0017A200B032
:10A350005E8700110400B05E8B00110503B8DE02B9
:10A36000F007C403BFDE02F0001201BC600304B7B3
:10A370009201BC60030417A101BC63FF1FF0CE0073
:10A38000B052170010E800B0521B0010E900B052A4
:10A390001F0010EA01BC60030010E4028600C30045
:10A3A00007E200B0540F0017A20069DE8A9087D53B
:10A3B00000E85212F450E40068A0470007E201BC34
:10A3C00060030010E400B054270010E000B0542FE8
:10A3D0000010E103BFDE02F007EB01BC600302974F
:10A3E000A101BC60031890E801BC60030010E90102
:10A3F000BC60030010EA03BFDE02F007E203A4DE44
:10A4000002F00A5003A9DE02F00A5001BC60030109
:10A41000D7A1020600C30007E40280DE5F0007E95F
:10A4200000B054070010E0006820470007E701D2A1
:10A43000DE86A030E000B0540B0010E103BFDE0266
:10A44000F007EB01BC5E869010E001BC601F0010BD
:10A45000E101BC60030010E200B052230010E500EF
:10A46000B052270010E600B0522B0010E700025E49
:10A4700002F0107403A9DE02F00AB100685E4F0416
:10A48000280701BC63FF1FF0C300685E4F16A7F9E1
:10A4900000685E4F05A7FC01BC60031A90E301BC95
:10A4A000600306B79200685E4F05280703BFDE020F
:10A4B000F0080101BC600318B79201BC60030E9064
:10A4C000E303BFDE02F007FE01BC60030637920122
:10A4D000BC60031890E3028E01AB000801029844AF
:10A4E00007000BB502804607000BB500B0204700FF
:10A4F000178100025E02F0108400E85E8400D7A19C
:10A50000006A5E8690880700E85212F430E403BFC8
:10A51000DE02F0080A01BC60030010E40338DE022A
:10A52000F0080A0187E0061C90E40190600A091017
:10A530004801BC610304379100685E4F16AC4000CF
:10A54000685E4F05ABB503835E02F00A5003BFDEC1
:10A5500002F000020204416300081D01876002F559
:10A5600077AB01BC600300114901BC6003010B899A
:10A5700000E10DB228E36C00E08DB700036D0184AB
:10A5800060020B105802055EAF0008190187E00653
:10A59000267133020400BF00081C0185E002F57734
:10A5A000AB00025E02F0119703BFDE02F00002036F
:10A5B000A35E02F0081F00025E02F017C00285C50C
:10A5C00023000002018460060B10580200DEFF0029
:10A5D00008250180E002F7F7BF00682B4F0008252F
:10A5E00000E044655A4AD302055EAF00082701BC6B
:10A5F0006103001133020580BF00082D01BC601308
:10A600001157A100025E02F001270196600E03308F
:10A610001900B040670017A200025E02F0012B0291
:10A6200003C03700082F03BFDE02F0001202875E6E
:10A63000AF00083100E0021F002087018260062879
:10A64000914401BC6003010B8903BFDE02F00012DC
:10A65000020601AB00083601806001872C39020632
:10A6600081AB0008380183E001872C390183E002C7
:10A670000F1078028140130000020200420300081C
:10A680003D01846002F597AC01BC6003000ABB0188
:10A69000BC600300108003A3DE02F008400190605C
:10A6A0000209104800B0446700179E00B0446B00D8
:10A6B000179D00B0446F00179C00B0447300179BB7
:10A6C0000068DE7A23284000E0022300208801157C
:10A6D000403B001797006D80A700884B00A05E5F8D
:10A6E000003797006880A700084B01BC6003003763
:10A6F0009700B001430017A1010C81430017A3008C
:10A70000685E8F00284F018CE0000A17A101C9DEA6
:10A71000840527FF01BC60031077950191E0020DCD
:10A72000906C0286403700085500E002BB0020AE66
:10A7300003BFDE02F00CA401BC600300148001BC66
:10A74000600300148101B8600A04902401BC600316
:10A7500004082401BC600300482301BC600300D04E
:10A760002A01B3600700100401BC6003000808015F
:10A77000BC600300080901BC600300080A01BC605A
:10A780000300080B0183E002F5D7AE00E044671F29
:10A790004C1F0287C037000C9E00025E02F012368A
:10A7A0000286403700086703C35E02F0087903BFE2
:10A7B000DE02F00C9F0068C033004877006B4465F0
:10A7C00083E87700B041270017A100B0412701D0EE
:10A7D0004900B05E870017A100B05E870017A10096
:10A7E000B05E870017A100B05E870017A100B05EC1
:10A7F000870017A100B05E870017A100B05E870038
:10A8000017A100B05E870017A100B05E870017A1F6
:10A8100000B05E870017A100B05E8700104903BF3B
:10A82000DE02F00D1303435E02F008620286403739
:10A8300000088500685E5F000C9F00685E5F004C4A
:10A840009F0152D2030017A10185D206F437A2035B
:10A85000BFDE02F00880013C52030017A101BC5288
:10A8600006F437A20323DE02F008830068DE8B01C2
:10A87000CC9F03BFDE02F0088500685E8B028885EE
:10A880000068DE8B038C9F006D403300CCA4006811
:10A890005E5F00489800685E5F002895006800A72A
:10A8A00000C88A006880A700A88B00E04466902852
:10A8B0003001BC62C30017A10280520300088E0160
:10A8C0009652030017A10080DE8690379A02035249
:10A8D0000300089300E05E6A90379A0207D20300F3
:10A8E000089300E85E6B00379A029E5E6B000CA432
:10A8F00003BFDE02F0089C0152D2030017A10185BC
:10A90000D206F4379A03BFDE02F0089C013C5203E2
:10A910000017A101BC5206F4379A006E5E680BACBA
:10A92000A400685E6B000D130204C03B0008AE017A
:10A9300081E0060D906C0207C0AF0008A40207403A
:10A94000370008A200E0027300209C03BFDE02F083
:10A950000CA400025E02F0123603BFDE02F0089E75
:10A9600000B02023000C1100B02027000C1200B012
:10A97000202B000C1300B0202F000C1400B05E7FC1
:10A98000000C150287C0AF000C9E0282403B000CF9
:10A990009E015840AF00179A01BC603F1E17A100EE
:10A9A0006DDE6AF42C9E035B5E02F008B001BC60B1
:10A9B0001300104301BC60FF1E17A1006E5E6AF415
:10A9C0002C9E00B0412328104801806002F2979429
:10A9D0000184E002091048015840AF00102A0068C5
:10A9E00040AB002C9E01BB5E5600900402035E57F4
:10A9F0000008C1020047A30008BE01BC621E3C1152
:10AA0000E001BC60030011EA00B05E6B0011EB01D5
:10AA100098601E3D11E8020047B30008C100B05E17
:10AA20006B0011EF01B0E0CE3D91EC03835E02F0CC
:10AA300008C400025E02F01236006D403304C8C143
:10AA400003AADE02F008E001BC63FF1FE3B301BC10
:10AA5000601F10D06401BC600300B7A101BC63FF9C
:10AA60001FE79300E04186F4306501BC63FF1FF6E9
:10AA70000000E05E870077A100025E02F00F1F0277
:10AA800000C0770008D6012940770017A2006D5E4C
:10AA90008B04C8D400E85E8B04D60001BC601F059F
:10AAA000F06300E0418EC01063010C56030003B355
:10AAB0000068DE870168D600B05E8B000793006DEA
:10AAC000DE8701C8D900E0419300306403BFDE0295
:10AAD000F008C903B05E02F008DF018360020D9048
:10AAE0006C00681E1BFFE8E001BC601F05F06500FC
:10AAF000E04194F0D06502005A030008E001836051
:10AB0000060D906C0020402F08A8E201BC600300F5
:10AB100003B301BC60030007FC0188E00F0007FDE0
:10AB2000006D4033020A4A0129520F0017930109B0
:10AB3000520F0017AA0068DE4F03A8EA012952232A
:10AB400000179301A95E4F00379301966002F297B8
:10AB50009400E0418701F06501BC600F0017A1007F
:10AB600028DE869068F101866006F2979400E04145
:10AB70009700706500E0209300C82401065E530032
:10AB800017A200A05E4F0477A10068DE870448FF8B
:10AB90000186E006F2979400B85E8B0037A200B001
:10ABA0005A030017A0020ADA030008F901876006B9
:10ABB000F297940284C03B0008FF0203DA03000806
:10ABC000FF03AB5E02F008FD020441070008FF012D
:10ABD000806004FFA7FD01065E530017A20182DE1C
:10ABE0008A00900403AADE02F0094503AB5E02F07E
:10ABF0000917018460020D906C01BC63FF1FF79977
:10AC000000B01E230017A20068DEAB00290900A0D7
:10AC10005E4FFF77A10068DE8707291503BFDE02BC
:10AC2000F0090B0284520F0009150204D20F00092B
:10AC30000E03B15E02F0091400B01E1F0017A2033C
:10AC4000BFDE02F0090F03B35E02F00914020052E6
:10AC50001700091500685E8BFFE91500E0015EF43E
:10AC6000506502015A4700091500B01E4F001799A0
:10AC7000018460060D906C020052170009430331F5
:10AC80005E02F00943020200BF0009430180E001B7
:10AC9000610B080200521700091E0068DE4F04090C
:10ACA0001D00B02AD70017A2006DDE8955093102B8
:10ACB00002AB2F00093E02832B2F00092000685EA3
:10ACC0005F00092B01BC60030017A3013852030089
:10ACD00017A30283AB2F0009270068DE5F00292736
:10ACE00001085E8F0017A300695E8F00693E03BFF5
:10ACF000DE02F0092B006DDE5F00492903BFDE0292
:10AD0000F0093E02842B2F00093E0068DE8F000907
:10AD10003E00682A9B00093E00B02B930017A2005A
:10AD20006DAA9AF4493E00685EAB00493100685E46
:10AD30004F06893103BFDE02F0093A00B02B9B00B9
:10AD400017A200B02A9B0017A10283AC2700093686
:10AD500000682C87000937006D5E8564293700B0D4
:10AD60002C7F0017A2006D5E895CA93900B02C4BC6
:10AD7000000B110184E006F7F7BF0068DE4F02897F
:10AD80003E00025E02F017BA0206DEFF00093E0036
:10AD9000E02BC7002AF10068DE5F0009410068DE91
:10ADA000AB0049410180E005610B0800682B4F00B2
:10ADB00009430180E006F7F7BF01BC63FF1FF7A559
:10ADC000032B5E02F0094600B01E4F0017A50207D4
:10ADD000520F0009C2028047A30009BF028047B397
:10ADE0000009BF00E0209300882400E8208F00883D
:10ADF0002301BC60030011E401BC600303D1E10244
:10AE0000065E5300094F01BC60030491E10206DEB7
:10AE10005300095300E047870051E10207D20F00B9
:10AE2000095300E047870091E1006D403302CA4AB0
:10AE300000685E4F0589560068DEAB0049C203AB6F
:10AE40005E02F00959020052170009C2020580F3A0
:10AE500000095E00685E97FFE95B00E05E9700977F
:10AE6000A50068DE97FFE95E028052170009C20262
:10AE70000700BF0009C201BC601B0437A200904755
:10AE80008700306500E04196F4506500E047870197
:10AE9000081A03835E02F0096500025E02F01236B2
:10AEA000006D4031034962006D4031034A4A01BCE4
:10AEB000600B1D57A10068DE97FFE975010F5A0767
:10AEC0000017A5031EDE02F00975020052170009E3
:10AED00075032C5E02F009C200685E67FFE9750029
:10AEE000E05E6700979900E05E66F43064012A58DE
:10AEF000030017990100DE970017A500E05E66F4D5
:10AF0000B79900E05E67003799011558030017A64E
:10AF100003BFDE02F0098500E05E96F43064012A8A
:10AF20005803001799020580F30009840182E002AA
:10AF3000F33799020052170009840116D80300174D
:10AF4000A6010F5A070017A4010CD8030017A1008F
:10AF500068DE92F4298000E05E6702179903BFDE85
:10AF600002F00989010DD8030017A10068DE92F4F0
:10AF700029C200E05E6704179903BFDE02F0098969
:10AF8000011058030017A60068DE9B00C9890181E3
:10AF9000DA030017A100B85E86C017A10281DE8720
:10AFA0000009C200885E6700778000E000AEF01004
:10AFB0006401AADE64FF87FC0068DE9B0049A302EF
:10AFC000078187000996006DDE030C099602855201
:10AFD0000F0009960298523B0009960181E004FF98
:10AFE000A7FD00E05E000B37A300E05E8F0097A393
:10AFF00000E041870077A200025E02F010D600E870
:10B00000208F01082301BC602306D78100885E974A
:10B010000077A100E85E86F4B06301BC60070E17FC
:10B02000A100E0418EF4306300B056170017A10074
:10B03000B0561B0017A20068DE86D049C20068DE49
:10B040008AD069C200025E02F010AB01BC60230628
:10B05000906401BC624F0017A200025E02F010FE75
:10B0600000E047870217A103835E02F009A7006E84
:10B07000C032F429A5006EC032F42C9E00685E9B9D
:10B080000049BF01BC621EF471E00068DE9B00C98C
:10B09000B201BC611300B7A1020600F30009AE01C2
:10B0A000BC601300B7A101BC60030011EE00B05EEC
:10B0B0006B0011EF0192E00EF431EC03BFDE02F001
:10B0C00009BF00685E9B0069B40068DE9B00A9BFF1
:10B0D000019860063D11E800E0209300882400E814
:10B0E000208F00882301BC60030011EA0068DE5F46
:10B0F0000049BA00B05E6B0011EB0192DE5E3D11BB
:10B10000E8018760023D11E80068DE9B00A9BE01EE
:10B110008760063D11E8019860163D11E80181E065
:10B1200004FF87FC01AADE64FF87FC03BFDE02F098
:10B1300009C701BC620F0011E001BC60030011E40B
:10B140000181E000FFA7FD01BC600F0011E801BC18
:10B1500060030011EC02001FF70009CE00E0208E12
:10B16000F3482300B0209300102500E8208E04A8A7
:10B1700023006AA08F01C9CE01B8600604902401A3
:10B1800082E006F297940188600A00900401BC6096
:10B190000318779503A0DE02F009DB00685E4F0616
:10B1A000A9E00138520300178000B05E5F001781EC
:10B1B0000204DEB70009DA00685E070009D901BCA5
:10B1C000600301778001BC600300378103BFDE02AA
:10B1D000F009DA01BC600301578000025E02F00151
:10B1E000430068DEAB0049E000A05E4F0477A10099
:10B1F000685E87004C2D00685E87044C2D03BFDE1F
:10B2000002F00E350180600186EC37006EB08300DD
:10B210002A1C0068DE4F040A1C03335E02F00A1C7D
:10B220000180600184AC2500E030B3002C2C039237
:10B23000DE02F00A1C00E03093002C2400B03083C2
:10B240000017A1006D3092F429EB03BFDE02F00A73
:10B250001A0180600584AC2501BC60270897A10015
:10B26000025E02F001270187E006032C2A00B001EC
:10B2700043000C2B03835E02F00A18006DC03305F7
:10B28000C9FB00E860BA0197A60080DE9B0117A504
:10B2900000685E5F0009F60080DE9B0057A500B0E5
:10B2A00041B7000C360080B0DB0C8C3600B041B7E3
:10B2B000000C3600B030DB001040000080000000C1
:10B2C0000001BC601B06D06501BC600300B7A40090
:10B2D000025E02F0017200685E9300AA0303835EBF
:10B2E00002F00A18006DC031842A1801BC60030600
:10B2F0004C3603BFDE02F009F70207C197000A06C9
:10B3000001385A070017BB03BFDE02F00A07013CF1
:10B310005A030017BB01BC601B0437A600E8419626
:10B32000F4D7A300885E8F0037A300E05E8EF77726
:10B33000A500E05E970057A503835E02F00A18009F
:10B340006DC031842A18006DC032F4AA1800E85E7E
:10B35000960197A60080DE9B0117A400685E5F003F
:10B360000A130080DE9B0057A400B041B70017A469
:10B370000080DE930C97A400B041B700104000009D
:10B38000800000000003BFDE02F00A0C0386DE022C
:10B39000F00CA103BFDE02F00D8B0180600184ACD4
:10B3A0002501BC6003000C240386DE02F00CA10220
:10B3B00087C037000C9E00025E02F0123603035E67
:10B3C00002F00A1C03A9DE02F00A2600025E02F067
:10B3D000123602074037000A210386DE02F00CA174
:10B3E0000287C037000C9E00025E02F00EA3006EC2
:10B3F0004030020A500301DE02F00A500068DEAB62
:10B40000000A37032B5E02F00A2C00E0022B00201A
:10B410008A03BFDE02F00A3002805217000A2F00B2
:10B42000E0024300209003BFDE02F00A3000E00299
:10B430005700209500685E4F040D8500685E4F023E
:10B440008D8500685E4F020BC100685E4F050E25BA
:10B4500000685E4F060E2500685E4F068E2F03BF04
:10B46000DE02F00E350068DEAB002A49032B5E02D7
:10B47000F00A3B00E0022F00208B03BFDE02F00A3F
:10B480003F02805217000A3E00E00247002091036D
:10B49000BFDE02F00A3F00E0025B00209600685E1B
:10B4A0004F06AB8E00685E4F042E4D00685E4F0461
:10B4B000AE4D00685E4F05AC3200685E4F062B8EC5
:10B4C00000685E4F052E2300A05E4FFF77A1006845
:10B4D0005E87072E4000685E4F16AC3D03BFDE025C
:10B4E000F00BB503BFDE02F00BB900E0020F002045
:10B4F0008301BC60030011EC01BC600F0011E80285
:10B5000084C03B0009C20184E00609104803BFDE85
:10B5100002F009C20200C09300000203A35E02F021
:10B520000A5403C35E02F00A5303BFDE02F00D119A
:10B5300000025E02F012360207C0AF000A5702078F
:10B540004037000A540107C0AF0017A100B85E875A
:10B550000037A101825E860D906C00B0447F000729
:10B56000FE018360020910480287C037000C9E0369
:10B5700086DE02F00CA100025E02F0123603435E8A
:10B5800002F00A5C0287C037000C9E0301DE02F065
:10B590000A7B03305E02F00A7B01BC601F15506518
:10B5A00000E04194F530650138402B001680012DF4
:10B5B000406B0017A200885E8B0137A202884027EB
:10B5C000000A6A01846006D0168000B05A02F45660
:10B5D000800205C027000A6D0187E006D0168001B1
:10B5E000BC601B0DD7A100025E02F0012700B04035
:10B5F0006700168101BC601B0DF7A100025E02F01E
:10B60000012700B0406700168200B05A0B0017A156
:10B6100000E85A06F437A200E15E8AF457A100E080
:10B62000DE86F457A100985E8700B7A100E01EA750
:10B630000067A900691EA7018A7B01BC600300079F
:10B64000A902801FF7000A7D006E4030020B8903BB
:10B6500081DE02F00A8A00E002170020850329DE5D
:10B6600002F00A8102902E27000A8201BC600300CA
:10B670002B8903A9DE02F00A860184E0060910483E
:10B680000180E0020910480184E002F7F7BF038659
:10B69000DE02F00CA101806004FF87FC01806006DF
:10B6A000F2979403BFDE02F00B370068DE4F040A06
:10B6B0008D03335E02F00A8D01BC6003000C24018F
:10B6C000836002F7F7BF0329DE02F00A910288AE19
:10B6D00027000AA301BC6003000B8903AB5E02F0E4
:10B6E0000A9E00685EAB002AA200685EAB000A9C5E
:10B6F000010C520F0017A100685E87002A980068AD
:10B700005E87004A9A03BFDE02F00AA203B0DE029F
:10B71000F00A9E03BFDE02F00AA003B15E02F00A47
:10B720009E03BFDE02F00AA003B35E02F00A9E038E
:10B73000BFDE02F00AA001BC6003004B8903BFDE3C
:10B7400002F00AA301BC6003008B8903BFDE02F094
:10B750000AA301BC6003002B890386DE02F00CA162
:10B7600003AB5E02F00AA801F0521300118601A596
:10B77000E00A30118003BFDE02F00ACA03A9DE022C
:10B78000F00AAE0068DEAB004ACA00B0523B0017B8
:10B790009F00B0523B0017BE01BC600300280803A5
:10B7A000BFDE02F00ACA02875E53000AD703A0DE9A
:10B7B00002F00AB903BFDE02F007CA0190600A096D
:10B7C000104800B0523B00179F00B0523B0017BE1C
:10B7D000019E5E8300B0EB0106520F0017A100B876
:10B7E0005E870037A10182DE86F577AB01BC61037D
:10B7F00000308000E8523AF3F7A2006BD23AF3EA45
:10B80000BC00E85E7E91D7A200905E8B0097A101FC
:10B81000BC6023011064006B523AF3EAC701185E62
:10B82000870017A2010A5E870017A300886006F44C
:10B8300057A200E04192F4706400B05802F4560040
:10B84000006BDEFA91CACA00B0523B0017BE03BFBC
:10B85000DE02F00ACA00025E02F0164F00B020239A
:10B8600000280800B0523B00179F0320DE02F00AB8
:10B87000D702075E53000ACE0180E0020910480398
:10B88000BFDE02F00AD70068DE5F000AD4021A5455
:10B8900007000AD20103C0270017A101825E8610AB
:10B8A000D0860102C0270017A100E0422AF4308AA6
:10B8B0000180E004FF87FC03A9DE02F00AD700B094
:10B8C0005E4700108001085E4F0017A100685E8788
:10B8D000002B0503AB5E02F00B0902005217000AB1
:10B8E000EF0068DEAB004ADD00E002530020940266
:10B8F000865E53000B370284520F000D130284D270
:10B900000F000AE203AC5E02F00AED03BFDE02F0B4
:10B910000AF8032C5E02F00AF800685E4F040AED94
:10B920000106D20F0017A100808ECF0197A200E080
:10B93000015E0DB0640181DE86C3F61F0187DE86DD
:10B9400024912400683077FFEAED00B04467000CD2
:10B950001E02005E87000AED00E0446583AC1E0015
:10B96000685E4F020B3703BFDE02F00B24031EDEBE
:10B9700002F00AF503315E02F00AF50068DEAB0062
:10B980004AF500808ECF0197A200E0015E0DB06401
:10B990000181E002C3F61F0068DEAB004AFA00E056
:10B9A000023F00208F03BFDE02F00AFD00685EAB9D
:10B9B000004AFD0280522F000B3702024107000AA5
:10B9C000FD00685E4F040B3700685E4F028B370244
:10B9D00006DE53000B020028E01EF40B0200A04418
:10B9E000B703E14500B005130017A100E05E84280D
:10B9F000A14602844107000B3701806006F297944C
:10BA000003BFDE02F00B37032B5E02F00B3700683A
:10BA10005E4F05AB2400685E4F052B2403BFDE029A
:10BA2000F00B370068DEAB004B12006D8ECF002BA1
:10BA30001201BC6003000AB501826002F5D7AE02B4
:10BA4000805EFF000B1000682B4F000B1200E044DB
:10BA5000655A4AD300682B6BFFCB1200E02B6B00BA
:10BA60002ADA02065E53000B1500E00263002098FC
:10BA700003BFDE02F00B370323DE02F00B1F0129A8
:10BA8000500B0017A30068DE8F052B1F020680C72E
:10BA9000000B1A0182E001872C390187E002107047
:10BAA000830184600209104800B05E870017A1007E
:10BAB0006EE003002B1E03D1DE02F00B1F0068DED8
:10BAC000AB004B2100E0022700208900685E4F0098
:10BAD0000B3700685E4F010B3700685E4F058B37F0
:10BAE00000808ECF0197A200E0015E0DB0650020BE
:10BAF000DA7F140B37028047C7000B870329DE0269
:10BB0000F00B2D0102DEAF0017A10106520F001746
:10BB1000A200385E86F44B370182DE8AF577AB00EF
:10BB2000B052230011F200B052270011F300B052BE
:10BB30002B0011F40106520F0017A100E05E8700F0
:10BB400031F500B0005B0011F000B047C3001800F1
:10BB50000134C7C70017A1006EDE8402AB3701BCF9
:10BB600060030810420283C107000B3B0301DE02A1
:10BB7000F00B3A03B55E02F00B3B02805E53000D02
:10BB80001300B040330017A101089FF70017A2006F
:10BB9000685E8B006B4300E840310497A102811F6F
:10BBA000F7000B4300B020930017A102809FF7001D
:10BBB0000B4300B05E630017A1006E5E84020B8928
:10BBC00000B05E870007F401816000FF87FC02027D
:10BBD000C013000B4900E05E840347F40181600458
:10BBE000FF87FC02011FF7000B8201035E53001761
:10BBF000A10187DE84FF87FC0386DE02F00CA10032
:10BC0000025E02F0123603855E02F00B4C018E607C
:10BC1000023D11E80107C7830017A101825E84FF7E
:10BC200087FC02019FF7000B550103C7970017A17E
:10BC300001825E84FFA7FD00B020330017A1018EB2
:10BC40005E84FFA7FD032A5E02F00B5D00025E0228
:10BC5000F00E870329DE02F00B5C0301DE02F00B1D
:10BC60005C0182E0060D906C03BFDE02F008A401C7
:10BC7000BC60030011EC01BC600F0011E80184609E
:10BC800004FFA7FD01075EAF0017A10185DE84FF59
:10BC900087FC00B040270007F600B0406B0007F8B3
:10BCA00000B0406F0007F900B0402B0007F701BC5F
:10BCB000601B0DD7A100025E02F0012700B04067B3
:10BCC0000017A201BC601B0DF7A100025E02F0018B
:10BCD0002700B040670017A100E85E8AF437A20091
:10BCE000E15E8AF457A100E0DE86F457A100985E79
:10BCF0008700B7A101BC5E860147F700681F3300CB
:10BD00000B7C018F60060127F600681F33002B793A
:10BD100000B01FC70017A100025E02F0012700A0BB
:10BD20004064F9D7A200B85E88FE17A103BFDE0207
:10BD3000F00B7A00A04138FE17A10068DE87000BE7
:10BD40007C018F60020127F601846004FFA7FD01DA
:10BD5000075EAF0017A10185DE84FF87FC00025E4D
:10BD600002F00EA301BC63FF1FD7A800025E02F021
:10BD7000109A00025E02F00E8701A8600A0090048B
:10BD800002011FF700163B00A8401300500403BF38
:10BD9000DE02F0072000E002870020A103BFDE02E0
:10BDA000F00B8A00E0020B00208203A9DE02F00DF6
:10BDB00013018460060910480184E0060910480355
:10BDC000BFDE02F00D13032B5E02F00BB10068DE44
:10BDD0004F06AB9200E0023B00208E03BFDE02F074
:10BDE0000B9300E0023700208D0323DE02F00BB539
:10BDF0000068DE4EF1CBB5020680C7000B970182CA
:10BE0000E001872C390187E0021070830184600211
:10BE100009104800B05E870017A1006EE003002BF8
:10BE20009B03D1DE02F00B9C00685E4F062BAF0136
:10BE3000BC600300083303295E02F00BA10203DE9D
:10BE4000B3000BA20191601A84F4270183E002F58C
:10BE500097AC020200BF000BAE0206ABD3000BA7EB
:10BE6000020345AF000BA90185E0062D716B03BFEE
:10BE7000DE02F00BA90203456F000BA90185E00665
:10BE80002B715B02045EB3000BAE0187E002107001
:10BE9000830183E00209104800025E02F01593035B
:10BEA000BFDE02F00BB50205500B000BB50182603E
:10BEB0000609104803BFDE02F00BB500025E02F077
:10BEC0000BBC0068DE4F062BB500E0024F0020934C
:10BED00003BFDE02F00BB503AB5E02F00BB702044A
:10BEE0004107000BBA02834107000A5003BFDE027C
:10BEF000F00BBA02844107000A5001806006F297F5
:10BF00009403BFDE02F00A50028700C3000BC0009A
:10BF100068D213000BC001BC600300118301BC6038
:10BF2000030011820002DE02F00000039F5E02F0B7
:10BF30000BC4039EDE02F00E3502035E53000E3585
:10BF4000010C81430017A10068DE87002BC90100A6
:10BF500001630017A10102C0270017A20038DE8686
:10BF6000F44BB903AB5E02F00BCB02005217000B8F
:10BF7000B90280522F000BCD03335E02F00E350262
:10BF8000181DF3000BF101BC601B06106501BC60BD
:10BF9000031BB7A400025E02F0017200B05E8F00C6
:10BFA00017A60068DE931BABED0207C197000BDA02
:10BFB00001385A070017A1013C5A070017A201BC1B
:10BFC0005A0AF457A2013C5A0B0017A301BC5A0E9F
:10BFD000F477A303BFDE02F00BDD013C5A03001728
:10BFE000A100B05A070017A200B05A0B0017A30017
:10BFF0006D5E87008BE701BC61BF0A17A50068DE94
:10C000008AF4ABE201BC60271357A500685E8EF48A
:10C01000ABE601BC605F0017A50068DE8AF4ABE701
:10C0200001BC60171E57A50068DE8EF4ABE703BFA6
:10C03000DE02F00C2900D85E870037A100E14196AE
:10C04000F4306500E1C19700306501F041970017B9
:10C05000A200E05E8B0077A2006D5E8AF4CBD00078
:10C06000E840330097A5006E5E96004C2900B01D95
:10C07000EF0017A10068DE840A0E35023C523F0033
:10C080000C02013C523F0017A10068DE84048C279B
:10C0900001BC600316106401BC601B0630650068BB
:10C0A0005E87002BFE00B05A030017A20068DE8AEC
:10C0B000C00C2700E0419700306500E0419300305C
:10C0C0006400E85E870057A1006A5E87002BF700D6
:10C0D000685E87000C0301385A030017A101385825
:10C0E000030017A20068DE86F44C2703BFDE02F0CF
:10C0F0000C030285C107000E3501BC601B061065EC
:10C1000001BC600305B7A400025E02F00172028068
:10C1100000C3000C2701BC60131417A600E0017FC8
:10C1200000B7A5006D5E96F4CC0B01BC60130C97B4
:10C13000A500685E940BCC2B00B0017B001065005D
:10C14000B052270017A200B0522B0017A30068417D
:10C15000940BEC160068DE8ED04C1200685E8AD01C
:10C160002C2700E0419700B065006D4196F4CC0F9C
:10C1700001BC60130C906503BFDE02F00C0F00E001
:10C18000028B0020A200B0017F00106500B0522396
:10C1900000168000B0522700168100B0522B001606
:10C1A0008200808ECF0197A200E0015E0DB0640294
:10C1B00003587F000C2001BC602F0037A103BFDEB5
:10C1C00002F00C2101BC5202F2F7A101A95E02F4B7
:10C1D000368300904467011684020281AB000C256F
:10C1E0000068DE9305AC2601846006D0968400B01A
:10C1F0005E9700005F020781AB000C29018060069A
:10C20000F2979403AB5E02F007DF03BFDE02F00A91
:10C210005000E0028F0020A303BFDE02F00BB90341
:10C22000835E02F00C2F006D4033038C2D006D40B7
:10C2300033038BB9032B5E02F00E3903BFDE02F02D
:10C2400007DF032B5E02F00C3700E0023300208C86
:10C25000020681AB000C360183E005872C3903BF51
:10C26000DE02F007E100E0024B002092008800238C
:10C270000037A200E05E8800F7A200E0001AF45147
:10C28000890186E00630118003BFDE02F00BB503A2
:10C290002B5E02F00C3800E013530024D403BFDE01
:10C2A00002F007DA02045247000BB501BC601F1010
:10C2B000F06401BC60030177A101BC63FF1FE79339
:10C2C00000E04186F4306501BC63FF1FF60000E02A
:10C2D0005E870077A100025E02F00F1F0200C077A8
:10C2E000000BB5012940770017A2006D5E8B04CBCF
:10C2F000B500E85E8B04D60001BC601F05F063004A
:10C30000E0418EC010630200D603000BB502065652
:10C3100003000BB50184E006F597AC0116D60300C7
:10C3200017A200885E8B0077A200E0019EF45065A2
:10C3300000B041970004C201BC602B1817A100B0E7
:10C340005A0F0017A200025E02F0012B01BC602B05
:10C350001837A100B05A130017A200025E02F001C4
:10C360002B00B0418B0004D903BFDE02F00BB503F4
:10C37000A2DE02F000C203A3DE02F00C7A00E001AC
:10C38000FF00207F01BC60030017A303BFDE02F0A3
:10C390000C7C018760040310A001BC60030051E421
:10C3A00000B0479300180001BC600302900401BC78
:10C3B000620F0011E001BC600F0131E800B047A33B
:10C3C00000180001BC600F0011E801BC60030131DE
:10C3D000EC00B047B300180001BC60030011EC0191
:10C3E0008460060910480020601E090C7100E001FD
:10C3F000FB00207E03BFDE02F00C8501BC60030E53
:10C40000D7A1011400630017A200E05E86F4506516
:10C4100000E05A03003680020300C7000C7703A92E
:10C420005E02F00C7C0291509F000C7B0191601A1F
:10C4300084F42703BFDE02F00C7B00E001FF002044
:10C440007F01BC60030037A30323DE02F00C8501EB
:10C4500083E00209104801846002F597AC01BC60DA
:10C4600003000ABB01BC600300178E020680C700F0
:10C470000C830182E001872C390187E00210708370
:10C480000182600209104803D0DE02F00C8603D05E
:10C490005E02F00C870182E00209104803D5DE023B
:10C4A000F00C8901BC60030010B401BC600300F70C
:10C4B000A1006800A7000C8D0185421AF437A10085
:10C4C000025E02F0012700B040670017A501BC63BF
:10C4D000FF1FF7A200025E02F0012B008860070137
:10C4E00057A400B85E86F497A100025E02F0012B0B
:10C4F0000283C21F000C9400025E02F0114C028401
:10C500004523000C9603D0DE02F00C9800685E8F85
:10C510000000020020E01E090C9C00B05E97001491
:10C520002E03BFDE02F0036E00A8412300F0480393
:10C53000BFDE02F000020183600209104800E00241
:10C540001300208403BFDE02F00CA401BC600700CE
:10C550001042006E4030020CA400E0027700209DE3
:10C5600000025E02F0170A03A35E02F00A5003C63F
:10C57000DE02F00CA7032ADE02F00CAE00B030475A
:10C5800000080800B0304B00080900B0304F000828
:10C590000A00B0305300080B00B0305700179F035B
:10C5A000BFDE02F00D130184E00609104803BFDE70
:10C5B00002F00D13020681AB000CB30281B0E7005C
:10C5C00000BD028330E70000BD028445230000BDAA
:10C5D0000320DE02F00CBB0068A0C7000CB801BC51
:10C5E000609F0217A100E04466F42831006B4465A7
:10C5F000062CBC0020E1020900BD00025E02F00D25
:10C600002F01BC60030008310020E38A0900BD024D
:10C610008445230000BD00B05E870017A103915E32
:10C6200002F000BD0396DE02F000BD03965E02F04C
:10C6300000BD00025E02F00D2F00E10DB228E36C98
:10C6400000E08DB700036D01BC600300114701BC21
:10C65000600300602000680173000CD701BC601308
:10C660000890E600025E02F0016A00B0017300105B
:10C67000E401BC600300000601BC600300005C0133
:10C68000BC600301D78201D2DE0877F0E000B00F72
:10C69000030010E100B0004700108600B00F1F003B
:10C6A000108A01BC600300378100025E02F0107046
:10C6B0000190600A09104801BC610300308003BF8B
:10C6C000DE02F0000201BC60030030420187E0029C
:10C6D00024712300025E02F014DB03975E02F00D6A
:10C6E0004303125E02F00CDA01BC6003004020013B
:10C6F000BC6003000B8901BC600300114901BC61EF
:10C700008300112500B0007B00112701BC60130CD1
:10C71000805E01BC60130C805F0180E006F5D7AE3F
:10C720000107C1070017A101805E86F577AB01BC48
:10C73000600F0011E801BC620F0011E000025E0210
:10C74000F00CF701BC61CF0C105C01BC6003001061
:10C750005D01BC61CF01F05E01BC603B0AF05F018E
:10C76000866005610B0800025E02F0145C018660C1
:10C7700001610B0801BC600300082E020300C70022
:10C78000001201BC60030006B201BC60030006B7E2
:10C7900001BC60030006BC01BC60030006C103BF0E
:10C7A000DE02F0001201BC60430017BB00A0412272
:10C7B000F7704801BC63FF1FF05401BC63FF1FF01A
:10C7C0005501BC63BF1FF05601BC63FF0FF057005B
:10C7D000025E02F0170A0187E00624712301BC60A3
:10C7E0000300105401BC600300105501BC6003003D
:10C7F000105601BC600300105701BC600F002017E9
:10C800000106C1070017A101825E8402E01701073B
:10C8100041070017A100B85E870037A10180DE87BD
:10C820000000160002DE02F000000285C0370000A2
:10C830000200025E02F0123602864037000D0A0046
:10C84000E0021B00208601BC6003010B890386DE29
:10C8500002F00CA10287C037000CA100025E02F0BA
:10C8600017D003BFDE02F0001201B8600A04902462
:10C8700003AA5E02F00D160158600300102A01BCE5
:10C88000600302900400B0401300180001836002AE
:10C8900009104801806000FFA7FD00025E02F0124F
:10C8A0003603855E02F00D1A01BC620F0011E00133
:10C8B000BC600F0131E800B047A300180001BC6064
:10C8C0000F0011E801BC60030157A100E85E87007A
:10C8D00037A10068DE87000D2101BC6003029004CF
:10C8E00000B0401300180001BC60030131EC00B03F
:10C8F00047B300180001BC60030011EC0324DE0202
:10C90000F0072001866006F577AB00025E02F00DAD
:10C910002F0180600610308100B05E870017A101F2
:10C9200080600210308103BFDE02F00720020601A2
:10C93000AB000D3101806001872C3901BC6103001F
:10C94000108000B04203001800006EE003002D3498
:10C9500003505E02F00D3700015E02F0000003BFDD
:10C96000DE02F0039401846002F597AC01BC600321
:10C97000000ABB00A8412304F048018260020910AC
:10C98000480206DEAF000D3E03D5DE02F00D3E0389
:10C9900050DE02F00D3C01BC60030010B40284C7FD
:10C9A00083000D4101BC600B0011E0018E6002F5B7
:10C9B00077AB0002DE02F0000003A2DE02F000BD51
:10C9C00002BC4287000D4A01BC60030037A401BCD1
:10C9D00060031FF7A3011400630017A2008860061C
:10C9E000F457A203BFDE02F00D4F00886007011765
:10C9F000A401BC63FF0017A3011400630017A20089
:10CA0000E05E8B0117A200886006F457A201BC60AB
:10CA1000131B906501BC601B18506401BC600300CF
:10CA200017A50020C286F48D5900E0419706D06515
:10CA300000E0419301F06400E05E970037A50088B4
:10CA40005E930037A400205E92F46D7803BFDE028F
:10CA5000F00D520068DE92F44D5E00680083006DB8
:10CA60005E03A0DE02F00D5E0020C123160D530010
:10CA7000025E02F00D2F006DDE93200D74020300A4
:10CA8000C7000D68006DDE97008D6801BC60030073
:10CA9000160801BC600300160901BC600300160AF9
:10CAA00001BC600300160B01BC600300160C01BC46
:10CAB000600300160D01BC600300160E02005AC38D
:10CAC000000D73023C5A9F000D7300680083006DD7
:10CAD000730385DE02F000BD03855E02F000BD0336
:10CAE000A2DE02F000BD03A3DE02F000BD0397DE6C
:10CAF00002F000BD00B041970010600191600A840F
:10CB0000F42703BFDE02F0036E01806002D616B088
:10CB100000B05E930010A101836002F7F7BF01BC73
:10CB2000600300304303BFDE02F00D5300688083D2
:10CB30000060BD03BFDE02F00CDB0283C21F0000F9
:10CB40000200B05E870017A103D0DE02F0063D01AF
:10CB5000BC6003041042039EDE02F0001200B05ECF
:10CB60003F00114501BC600300178F00B05E430019
:10CB7000178500B05E0F00179000025E02F00D2FC7
:10CB800003BFDE02F00012006D4033058BBA03AC28
:10CB90005E02F00D8A00685E4F028DEB00E00267D6
:10CBA00000209903BFDE02F00DEB00685E4F028D9E
:10CBB000EB028030DF000D8E00E0025F0020970165
:10CBC00080600586EC3700025E02F00EAF018660E1
:10CBD00002F5B7AD01826002F5D7AE01BC6003007B
:10CBE0000AB5039EDE02F00DA00321DE02F00DA0C7
:10CBF00000E0026F00209B00025E02F00D2F018614
:10CC0000600209104800A8412301304801BC6003BC
:10CC10000210420280441F000D9F00B05E3F0011D1
:10CC20004501BC600300178F00B05E43001785000C
:10CC3000B05E0F00179003BFDE02F00DA000A0440D
:10CC4000B6F07145028200C3000DEB00B000730026
:10CC500017A100E05E86B017A100E15E7AF4379E6E
:10CC600000E1DE7700179D00E1DE7300179C00E015
:10CC7000DE6F00179B039EDE02F00DAF006E5E6E4E
:10CC8000924E21006D5E6E924DAF006E5E72922EDE
:10CC900021006D5E72922DAF006E5E76920E2100C5
:10CCA0006D5E76920DAF006DDE7A91EE210200305E
:10CCB00097000DB400B05E7B000C3200B05E7700D0
:10CCC0000C3300B05E73000C3400B05E6F000C35A6
:10CCD000028201AB000DC500B0446700082D00B012
:10CCE000446B00082C00B0446F00082B00B0447364
:10CCF00000082A0068A0B6232DAF00E920B6F3D7BC
:10CD00009E00E9A0B2F3B79D00E9A0AEF3979C00A6
:10CD1000E8A0AAF3779B00E15E7A91F7A100B05EEC
:10CD20008700111900E1DE7692111A00E1DE72929D
:10CD3000311B00E0DE6E92511C0068DE86232DBEA2
:10CD400003BFDE02F00DEB00E9523EF3D7A100E98C
:10CD5000D242F3B7A200E9D246F397A300E8D24A41
:10CD6000F377A400880ECF0057A500E0015EF4B071
:10CD70006400E95E86C9A78100E9DE8AC9C782002E
:10CD8000E9DE8EC9E78300E8DE92CA078400808E60
:10CD9000CF0197A501BC601F07778000E05E020D00
:10CDA000B06500885A0F00F7A500B05E970817A578
:10CDB0000134DA0F0017A600E95E94F037A500E809
:10CDC000DE98F057A6017BDE96F4D7A500685E9644
:10CDD000D06DEB00E85E96D077A600B05E970016A7
:10CDE0008300685A13000DDD00E05A16F4D6850062
:10CDF000685A1B000DDF00E05A1EF4D68700885EDB
:10CE00009B00F7A10134DE9B0017A201BC60030068
:10CE100017A301BC60030017A40069DE9B000DE7A7
:10CE200001BC63FF1FF7A301BC63FF1FF7A401C38D
:10CE3000DE8EF457A200E95936F4364D00E9D93AAE
:10CE4000F4564E00E9D93EF4764F00E8D942F49604
:10CE500050031EDE02F00E21039F5E02F00E210041
:10CE6000685E4F028E21032C5E02F00E2101BC6031
:10CE70001B06D06501BC600300B7A400025E02F08F
:10CE8000017202003097000DF600685E9300ADF667
:10CE900000E030C7002C3103BFDE02F018840068C8
:10CEA000DE9300AE210207C197000DFC013C5A073A
:10CEB0000017BB013C5A0B0017A101385A07000CA0
:10CEC0002603BFDE02F00DFF01385A070017BB0131
:10CED000385A0B0017A1013C5A03000C2600B05E23
:10CEE00087000C2700808ECF0197A200E0015E0D25
:10CEF000B06400B05EEF0016280181DE86C3F61F25
:10CF000000683073FFEE0802005E87000E0800889C
:10CF100030730071260090307301B12800683077BB
:10CF2000FFEE0C00B04467000C1E02005E87000E8E
:10CF30000C00E0446583AC1E0187DE862491240248
:10CF40000680F3000E100181E002C3F61F0187E0A6
:10CF50000224912402003097000E2100E030B70037
:10CF60002C2D028680F3000E140281D87F000E1F44
:10CF700000B0309F0017A100025E02F00F0802808F
:10CF80005E8B000E1F00E85E6984D7A100685E8595
:10CF9000846E1B00E030BF002C2F03BFDE02F00EBA
:10CFA0001F00E030BB002C2E01BC6003000C2501EB
:10CFB000BC600700104303BFDE02F00D1300E85E03
:10CFC0006984CC2303BFDE02F0188403AB5E02F059
:10CFD00007DF03BFDE02F00A50032B5E02F00BB93D
:10CFE00003BFDE02F007DF03AB5E02F00E28032C66
:10CFF0005E02F00BB903BFDE02F00E3900B052231F
:10D000000011F200B052270011F300B0522B0011B2
:10D01000F401BC60030091F501BC600308104200FC
:10D02000B0005B0011F003BFDE02F007DF013852F1
:10D030003F0017A102065E53000E320138524B002A
:10D0400017A10068DE87008E3503AB5E02F007DFB4
:10D0500003BFDE02F00A500068DE4F020E380207FE
:10D0600081AB000E3801806006F2979403AB5E023C
:10D07000F007DF020000F3000E3E0206DE53000E52
:10D080003E01185E830017A10068DE8700AE3E01F6
:10D09000BC600B02514202005217000BB903BFDE05
:10D0A00002F00A5001BC600300118301BC60030060
:10D0B0001182032C5E02F00E450199E0062011005A
:10D0C00003BFDE02F00E490119402F0017A10068CE
:10D0D0005E87000BB50199DE8620110003315E02E8
:10D0E000F00BB500A05E3B0097A200205E4EF44B13
:10D0F000B50184600209104803BFDE02F00BB503DE
:10D10000AB5E02F00E5000025E02F00BBC03BFDE0D
:10D1100002F00BB50068DE4F042E5400B05233000D
:10D12000179F00B0522F0010EB0281522F0007CA48
:10D1300000E002AB0020AA0281522F000B930329CA
:10D140005E02F00E5A0203DEB3000E5A0191601A1D
:10D1500084F4270183E002F597AC0208522F000700
:10D16000DF03BFDE02F00A5001BC6003001067015C
:10D17000BC60030010460180E0060930490282C10C
:10D180001F000E6401BC603F1FF06501BC6003001E
:10D19000168000E841970030650069C197000E6174
:10D1A00001BC600B00179401BC60030017AB01BC0D
:10D1B00060030017AC01BC60030017AD01BC600345
:10D1C0000017AE01BC60030017BF01BC63FF1FF76F
:10D1D000B501BC600300202001BC60030017A10062
:10D1E000025E02F0012701384067000028011C4060
:10D1F0006700002901BC600300504901BC600300C6
:10D2000017A701BC60030017A801BC60030017A9A1
:10D2100001BC60030017AC01BC60030017AD0182C4
:10D22000E0060F10780206C1E3000E77006880A7C1
:10D23000000E7A03BFDE02F00E7B006880A7008E2E
:10D240007B01BC601302600001BC60230E40010141
:10D25000BC63F318600201BC614B15600301BC6044
:10D260000300000401BC604305200501BC601B04F1
:10D27000306101BC601702506001BC6003000822ED
:10D2800000B05E0F00178500A044B6F0714503BFE3
:10D29000DE02F00CC30183E0060F107801885E5CAB
:10D2A000FEC7F601BC601F1E900701BC6003019021
:10D2B00008018860060090040386DE02F00CA103DA
:10D2C00005DE02F00E8C0386DE02F00CA10385DE83
:10D2D00002F00E8E00B05E870017A1006EE0030022
:10D2E0002E920386DE02F00CA1006EC0146FEE9544
:10D2F00001BC60070010420002DE02F000000321C2
:10D300005E02F00E9A00E0204AF4281200B0204B92
:10D3100000178B03BFDE02F00EA2028150C7000E81
:10D320009F011C509F00178B00E05E2EF4378B018D
:10D330009C5E2E84F42703BFDE02F00EA2011E5075
:10D340009F00178B00E05E2EF4378B019E5E2E84CB
:10D35000F4270002DE02F00000006800A7008EA89B
:10D360000102C027000821006880A700AEAE00E0DF
:10D3700020870028210002DE02F0000001BC6003CB
:10D3800000282101BC402B0017A100985E870117DF
:10D39000A10098402B0117A2006ADE8AF42EAE018C
:10D3A000BC60030088210002DE02F00000028280DF
:10D3B000BF000F0700B0418F00081300B0418B0081
:10D3C000081400B044670017A2017BDE8A2357A12E
:10D3D00001BC601F07706501BC60030017A201BC9F
:10D3E000601F03D06401BC601F11506300685A03C2
:10D3F000000EFE01BC601F0FB06200E0418AF450D5
:10D40000620090540300F7A6006B5E86D06ED400D5
:10D41000B05A030017A300E05A0EF4D58000E05A7A
:10D420000EF4768300E85A2F00368B0069DA2F005D
:10D430000EC300E85A0700368B006CDA0EF42EBEDD
:10D4400000E85A0EF437A400905A030077A5006E46
:10D45000DE92F4AECA01BC600300360001BC600B72
:10D4600000104301BC600300278900205A0B080EFE
:10D47000CD01BC600300279203BFDE02F00ED40092
:10D48000205A0B140ED400202C27080ED000205A4E
:10D490000B040ED401866006F5B7AD0088009B0032
:10D4A000D1260090009B01512801BC630300112488
:10D4B000006B5E86B00EDC00685A13000ED901883E
:10D4C0006006D0568200B056030017A400E05E92BA
:10D4D000D0968500E05A0EF4D58000205A0B080E35
:10D4E000DC01BC600300079200685A13000EE400E0
:10D4F0006B5E86D0AEE40188600AD0568200B056DA
:10D50000030017A400E05E92D0968501BC60030082
:10D51000360101BC600B00104301BC600300278989
:10D5200000685A1B000EFE006B5E86D0EEFE020104
:10D530005A0B000EF300E85A1B00368600B05A273B
:10D540000017A300E05A1EF4768701BC601F11D0BB
:10D550006200E0418AF4506200B05A2B0017A30029
:10D56000E05402F475000203D403000EF100E05A07
:10D570001F0036870130540300150001816002D07E
:10D58000568203BFDE02F00EF600B05A230017A346
:10D5900000E05A1EF4768701816006D0568200684A
:10D5A0005A1B000EF8006CDA1EF42EE602015A0B2C
:10D5B000000EFB01BC600300360203BFDE02F00E6A
:10D5C000FC01BC600300360301BC600B001043018A
:10D5D000BC600300278900E0419701906500E05E90
:10D5E0008B0037A200E0419300906400E0418F007F
:10D5F0003063006D5E8B008EB802981DF3000F053E
:10D6000001BC600300079200B0204F00106300B01F
:10D6100020530010620002DE02F0000001BC600333
:10D620000017A20068018B000F1E0090018B00778D
:10D63000A201806002F437A1006E5E86F44F1E02E4
:10D6400007C197000F1001385A070017A303BFDE68
:10D6500002F00F11013C5A030017A300E85E8F008F
:10D6600097A300E85E8AF437A2006A5E8AF46F1E10
:10D6700000D0419700306400E05E8B00B7A300E06B
:10D680004192F4706400D841930030640207C19362
:10D69000000F1B013C58030017A103BFDE02F00F6F
:10D6A0001C013858030017A100A0018B00F7A2004D
:10D6B000905E86F457A20002DE02F0000000B05A2D
:10D6C0000300101F00B05A0700102000B05A0B00D2
:10D6D00010210180600700101D02804077000F2399
:10D6E0000002DE02F000000187E002F577AB039153
:10D6F0005E02F000020020E3FE0900020200421F69
:10D700000000020068C2F30000020284452300000A
:10D71000020068C0170000020068AB97000002001A
:10D72000025E02F00EAF00683073FFEF310207C4F3
:10D7300093000F3C00683077FFE00200683077FF0D
:10D74000EF350068307B000F3B006BC46583CF3C36
:10D7500003BFDE02F0000201BC601F07706400E03E
:10D7600041930617A20068D82F000F390281D80B09
:10D7700000000200E04193019064006D4192F44F7B
:10D78000370287C49300000200689E4B000002022B
:10D79000815E53000F4A0283411F000F400281DE69
:10D7A00053000F5B01BC600300115101BC6003001A
:10D7B000115201BC620300115301BC6003005150BF
:10D7C00001896006F2979401BC60E700107701BC04
:10D7D000600300107601BC60031117A300025E0213
:10D7E000F0013403BFDE02F000020280C5430000F6
:10D7F0000201F0C5470011560107C5470017A101F6
:10D80000F0C54AF4315500B0455700107700B045D7
:10D810005B00107601BC60030E97A300025E02F06D
:10D82000013400B04557000C1000B0455B000C0FF0
:10D8300001BC600300115501BC600300115600904B
:10D84000303F00CC0F00B030430017A101AD5E8522
:10D8500081EC0F0189600AF2979401BC6003081003
:10D86000470392DE02F00FAF020480BF000F600199
:10D87000BC63FF1FE7F301BC61FF1FE80E03BFDEBF
:10D8800002F00FB101866002F597AC01BC601F0782
:10D89000706501BC601F0FB06401BC60030037A15C
:10D8A00001BC60030017A300685A03000F9D01BC70
:10D8B00060030017A502035A0B000F6E02805A0B7B
:10D8C000000FAF00E9440AC017BB00E8C40F0017FF
:10D8D000A4017BDEEEF497A400685A13000F7C03CA
:10D8E000BFDE02F00F790068DE87002F700203DED2
:10D8F00053000FAF0203DA0B000F8400B05A0F0081
:10D9000017A400685A07002F7500685A2F002F755A
:10D9100001BC60030037A500685A13000F79006C42
:10D92000DE92D0AF7900B05A170017A401BC600393
:10D930000037A500201CBAF42F7C00685A1B000F8A
:10D940009703BFDE02F00F7F00885E870097BB0061
:10D95000201CBAF76FAF02015A0B000FAF006CDE4C
:10D9600092D0EF9700B05A1F0017A400201CBAF401
:10D970002F8301BC60030037A503BFDE02F00F97C1
:10D980000202DA0B000F9D0204C107000FAF00B0C6
:10D990005A0F0017A400E85A2F0037BB0069DEEFCA
:10D9A000000F8A00E85A070037BB013C016F0017DF
:10D9B000800068DE03000F900138016F00178000BF
:10D9C000685E03000F9300E85E030037BB03BFDE11
:10D9D00002F00F9300E85E030037800080DE02D083
:10D9E000378000E05EEE0DB7BB00685EEF000F977A
:10D9F00000E05E92D017A400E85EEF0037BB03BFE3
:10DA0000DE02F00F9300685E8F000F9A006B5E924B
:10DA1000F44F9B03BFDE02F00F9D01BC6003003793
:10DA2000A300B05E930017A200B05E970017A60097
:10DA3000885E870037A100E0419701906500E041D2
:10DA400093003064006D5E87020F6500685E8F0092
:10DA50000FAF00B044670017A5017BDE962357A5E2
:10DA600000E85E8AF4B7A400885E9300E4DB0090CF
:10DA70005E9301271D00B0012B0017A300689C775F
:10DA8000000FAA006E936EF46FAF03A65E02F00F54
:10DA9000AF00B05E9B00078500E9136EF467F300EA
:10DAA000E89C7700080E03BFDE02F00FB100681E8D
:10DAB0001700000203BFDE02F0105901BC61030031
:10DAC00011230069203B000FB50180E006F2979416
:10DAD00003BFDE02F00FB70180E002F2979403BFAC
:10DAE000DE02F0000200684127000FC602844523D1
:10DAF000000FB8006800A700AFBC006800A700CF07
:10DB0000BC006880A7010FBF00B044670017A100E8
:10DB1000E84466F437A2006D5E8B004FBD0280C101
:10DB200027000FC10392DE02F010590392DE02F0CB
:10DB30000CE700025E02F014E700025E02F0113D05
:10DB400000025E02F0113800025E02F0114801BCD2
:10DB5000600F0011E8031EDE02F00FCD01BC600370
:10DB600000105C01BC600300905D01BC60530410B8
:10DB70005E01BC600300105F03BFDE02F00FD10145
:10DB8000BC600B00105C01BC600300905D01BC60D8
:10DB90004304105E01BC600300105F01BC60030021
:10DBA0000C1E01BC6003008020028500BF001060D5
:10DBB00000B01FCF00115100B0203B001152006E89
:10DBC0001FCE2A8FDA0068A03B000FDA00E01FCEDC
:10DBD00023280F03BFDE02F00FFB00B044670008EC
:10DBE0000F00E91FCE2A915100E8A03B001152011D
:10DBF000BC61FF1F707701BC63FF1FF07601BC6042
:10DC0000031197A300025E02F0013400B0454B00FF
:10DC1000107700B0454700107601BC60030F17A3D2
:10DC200000025E02F0013401BC602F1AB06500B042
:10DC3000455700169100B0455B00169200B0440BAA
:10DC400000169300B0440F00169401BC63FF1FF14F
:10DC50005201BC63FF1FF15101BC6003001155016B
:10DC6000BC600300115601AC607F029075028741D1
:10DC7000D7000FEF00B041DB0003B100B041DF007F
:10DC800003B200B0446700082D00B0446B00082CBC
:10DC900000B0446F00082B00B0447300082A00E174
:10DCA0004464FE6C1A00E0C46901CC1B01BC600333
:10DCB00002315000B0454300180000686003000FB7
:10DCC000FB01BC6003001040000080000000000267
:10DCD0000480BF000FFF0312DE02F00FFB0068C5D7
:10DCE0005700100701BC602F1AB06500B05A4700FA
:10DCF000115500B05A4B00115600B05A4F00110296
:10DD000000B05A5300110301BC60030017A701BC07
:10DD100060030017A801BC600300006601AC607FCF
:10DD20000F1075028741D700100900B041DB0011C8
:10DD30005100B041DF00115200684547001010004B
:10DD4000E91FCE2A87F300E8A03B00080E01866099
:10DD500006F597AC01BC600300107701BC600300BE
:10DD6000107601BC60030F17A300025E02F00134BD
:10DD700001BC6003001150028445430010150207E6
:10DD8000C1E300101600B044670017A100685E866A
:10DD90002330180182E0060F10780206C1E300105C
:10DDA0001A01BC600300402001BC60030000660152
:10DDB00086600620110001BC606300107B01BC601E
:10DDC0001B00107A01AC607F029075028741D7007A
:10DDD000102100E941D876379C00E8C1DC76579BDA
:10DDE00000B0303F0017A10080DE72F4379D00B014
:10DDF00041B700179E0080DE6EF4379C00E15E762E
:10DE00000DB79D00E0DE7300179C017D5E7AF3B7CD
:10DE1000A1017D5E76F397A200905E730157A30087
:10DE2000E120B6F4311900E1A0B2F4511A00E1A0EA
:10DE3000AEF4711B00E0A0AB00111C00E10DAAF4D0
:10DE4000236A00E08DAEF4436B00B0441F0018005D
:10DE5000008844230157A30090442300D7A400B0B6
:10DE6000440B0017A100B0440F0017A200E95E8622
:10DE70002337A100E8DE8A2357A20069DE8B001059
:10DE80004100E1440AF4710200E0C40EF491030081
:10DE9000E85E230037880069DE2300103600E800C2
:10DEA0002700378803BFDE02F010360186600220AB
:10DEB000110001BC600300402000E9306A2337A153
:10DEC00000E8B06E2357A20068DE8B00105001BC42
:10DED000604F1117A3006DDE86F4705001BC600323
:10DEE00000104001BC600300105D018260060BF071
:10DEF0005F00D05E8700713401E1DE8A2691350132
:10DF0000BC63030011330000800000000001826048
:10DF1000020BF05F02865EB300105900681E170006
:10DF2000105901BC60430017A100E04466F437803B
:10DF300001BC600300078900025E02F00EAF006CB6
:10DF40004466F0105900681E2700105503BFDE021A
:10DF5000F00F5B0200DE530010630180E002F297D5
:10DF60009400025E02F0113B01BC6003001040030C
:10DF7000BFDE02F0105E00E044640957A103BFDE7B
:10DF800002F0106301BC600300104000B0012F00DC
:10DF900017A100E0012AF4310900B0012F00110996
:10DFA00001BC61CF0C105C01BC600300105D01BCC2
:10DFB00061CF01F05E01BC603B0AF05F00025E02CF
:10DFC000F0114400025E02F0114B00025E02F011FB
:10DFD0004101BC6003000785006D80A7008CE7004D
:10DFE000E044670477A10068DE8623306E03BFDE5D
:10DFF00002F00CE701885E0610D08601025E070081
:10E0000017A101825E8610D0860002DE02F00000B9
:10E0100000B0004700108601082047001781013832
:10E0200052030017800102C0270017A600025E02FB
:10E03000F015F80068204700507B00B05407001727
:10E040008000025E02F010700068204700308300FC
:10E0500068A04700107F021A54070010830103C014
:10E06000270017A103BFDE02F010820106C03B00AB
:10E0700017A101825E8610D0860002DE02F0000049
:10E0800000B054130017A10068DE4F16B08700B02F
:10E0900054130017A10200DE0700108F00B0418B5F
:10E0A00000106501BC600301D7A10068DE4F16B007
:10E0B0008C01BC60030297A100025E02F0160B0007
:10E0C000E05E8400F7A103BFDE02F010940204803A
:10E0D000F300109402025E0700109402805E0700B5
:10E0E00010940090001B0037A200E85412F457A1CE
:10E0F0000002DE02F00000020400BF0010980002DF
:10E100005E02F011E903BFDE02F0109900A044B6F0
:10E11000F0B1450002DE02F00000020000BF001076
:10E12000AA0068ABEF0010AA00E05EA30037A800C9
:10E130006D5EA005D0AA00B02E2F0017A100025ED0
:10E1400002F0012700B040670017A20068DEA3FFBD
:10E15000F0A700B05E897197A2006D00A70090A69D
:10E16000006DA0870050A803BFDE02F010A7006872
:10E17000A0870010A800B85E897197A200025E0215
:10E18000F0012B01BC60030017A80002DE02F000C2
:10E190000000D85A030117A201B85A06F457A2008A
:10E1A000B0560300083600B0560700083700B056D6
:10E1B0000B00083800B0560F00083900B0561300A5
:10E1C000083A00E05612F4483B00B05A0300083405
:10E1D00001385E8B00083500B020EF0017A401BCA9
:10E1E00060030017A200B0419300106500B85E9272
:10E1F000D017A400E05E06F4506300F05E930017B1
:10E20000A300F05E930077A400E05E8B0037A200CD
:10E21000B85E92F477A400E04192F4506500E056B5
:10E2200002F4958000B056030017A4006EDE8B0048
:10E23000B0B800B85E92C0D7A200D85E8B0037A2FB
:10E2400000E020DAF4483600B020DB0017A400B864
:10E250005E92C0F7A200D85E8B0037A200E020DEFD
:10E26000F4483700D820DF0037A200E020E2F4486D
:10E270003800D820E30037A200E020E6F448390057
:10E28000D820E70037A200E020EAF4483A00D8207E
:10E29000EB0037A200E020EEF4483B00B020EF0096
:10E2A00017A200B85E8AC017A200905E8B0037A24A
:10E2B00001BC5E8906A8350002DE02F00000018084
:10E2C00060063C91E4018760063CD1E601A860024B
:10E2D0003CD1E6018B60023CD1E600B05E8F0010BD
:10E2E0006300B056030011E700B056070011E700C5
:10E2F000B0560B0011E700B0560F0011E701A960FE
:10E30000423C91E401A860023CD1E6018B60063CEE
:10E31000D1E600B05E8B00106301BC60030057A122
:10E32000020456030010E601BC60030117A100E0DF
:10E33000418EF4306300B056030011E700B0560779
:10E340000011E700B0560B0011E700B05E8B001023
:10E350006301BC600300B7A10204D6030010F00102
:10E36000BC60030117A102065E530010F001BC60FF
:10E37000030197A100E0418EF4306300B056030022
:10E3800011E700B056070011E700B0560B0011E787
:10E3900001BC60030017A10206DE530010FB00B0B1
:10E3A0005E8B00106302065E530010FA00A0563F19
:10E3B00001F7A103BFDE02F010FB00A0563301F706
:10E3C000A100B05E870011E701BC60030011E70007
:10E3D00002DE02F0000000685E9B00D11801BC6004
:10E3E000070211E30068DE9B00510B00E84787013C
:10E3F00011E101BC60030011E201BC60030011E205
:10E4000001BC60030011E201BC60030011E201BC29
:10E4100060030011E201BC60030011E201BC600373
:10E420000011E201BC60030011E200B06142F4514E
:10E43000E000B058030011E200B058070011E200FC
:10E44000B0580B0011E200B0580F0011E200B058B4
:10E45000130011E200B058170011E200B0581B0081
:10E4600011E200B0581F0011E200B05E9B0017A43B
:10E470000068DE9B00B11601BC60030077A4019226
:10E48000DE930217A30002DE02F0000001BC600769
:10E490000011E300B058030011E200B0580700116A
:10E4A000E200B0580B0011E200B0580F0011E2007A
:10E4B000B058130011E200B058170011E200B05834
:10E4C0001B0011E200B0581F0011E200E00146F00D
:10E4D000106401BC60070031E300B058030011E292
:10E4E00000B058070011E200B0580B0011E200B074
:10E4F000580F0011E200B058130011E200B0581795
:10E500000011E200B0581B0011E200B0581F0011CA
:10E51000E20192E01B0017A30002DE02F0000002FD
:10E520008740C300112D01866006F010300286403E
:10E53000C300112F00B040C70017810002DE02F0B7
:10E540000000028740C300113200B05E07001031A6
:10E550000186E006F010300002DE02F000000068E4
:10E5600000A701978C03BFDE02F0114A00025E0291
:10E57000F0113B00025E02F0114B0002DE02F000DF
:10E5800000006800A701970F0002DE02F000000102
:10E59000816006093049006800A700914000025ED2
:10E5A00002F0114C0002DE02F0000000025E02F0F8
:10E5B000114C018160020930490002DE02F00000C6
:10E5C0000188E00E09304900B0412700180000B072
:10E5D000002B0010020002DE02F0000001BC60030C
:10E5E0000010020182E0020F10780002DE02F0004B
:10E5F00000006800A701978B00B041270017A10019
:10E60000B0412701D04900B05E870017A100B05E7D
:10E61000870017A100B05E870017A100B05E8700D9
:10E6200017A100B05E870017A100B05E870017A198
:10E6300000B05E870017A100B05E870017A100B090
:10E640005E870017A100B05E870017A100B05E874B
:10E650000010490002DE02F000000100DE53001746
:10E66000A601BC60030037A103BFDE02F0115D000C
:10E67000025E02F00127018760060337A20068DE10
:10E680009B001161018760020337A200025E02F065
:10E69000012B0002DE02F000000202411F00117691
:10E6A00002825E5300116801826006F2979400B006
:10E6B000446700180000B0446B00081B00B04467BA
:10E6C00000180000E844690377A4006800A70091DF
:10E6D0006B006DDE9300517000E044670317A303E5
:10E6E000905E02F011730285C5230011730068DE8D
:10E6F0008E23316D01BC600302104701BC60030032
:10E70000904301826002F2979401826002F5B7ADF6
:10E71000006800A7009176006800A700B1760002AB
:10E72000DE02F000000201C11F00118902855EAF08
:10E7300000117C01856006F577AB00B044670008E6
:10E740001E00B0446B00081F00E9446503D7A10018
:10E75000E8C46903F7A200D05E870077A101E1DE7B
:10E760008AF437A200E95E862697A100E8DE8A26B1
:10E77000B7A200695E8B00118901BC6103001133EF
:10E7800000E144DAF4313600E144DEF4513701852A
:10E790006002F577AB01BC600301104701BC600368
:10E7A0000050430002DE02F000000201AE2700111B
:10E7B0008C0284C52300119601BC600F0C1065000B
:10E7C000E0419571306502002E2700119000E04174
:10E7D0009700B06501BC600F0D17A1006E4196F463
:10E7E000319400E15A0229368000E0DA07001681F0
:10E7F00001BC6003000B8901BC60030011490002E9
:10E80000DE02F0000000B0451F00178100B005B720
:10E810000017A601BC600704106401BC60131B90C4
:10E820006501BC60030017A10205DEAF0011B10055
:10E83000B0580F0017800068DE842C31A100E0582A
:10E840002300360803BFDE02F011B902005E9B0010
:10E8500011B10280DA030011A70118581F001782B6
:10E8600000E05E0B00378201985E0AC0F60703BF26
:10E87000DE02F011AA011A581F00178200E05E0B99
:10E88000003782019A5E0AC0F60701F0DE03003706
:10E890008000A05E02C0578000B05E030016030037
:10E8A000A044B6F0178200B05E0B00160500E05ED3
:10E8B0000AC0960603BFDE02F011B900B05813007B
:10E8C000178200E85E06F057A5006ADE970011B7D0
:10E8D00000E85816F4B6050069D8170011B701BC56
:10E8E000600300160500B058170017A500E0581285
:10E8F000F4B60600E0419302106400E0419706D0B0
:10E900006500E05E870037A100905E9B0037A6009F
:10E9100068DE8700919C01BC600300114701BC6068
:10E920000300016D0002DE02F0000001BC60030084
:10E93000016C01BC600300016D01BC60070A10643A
:10E9400001BC60030077A100B0428F00178000A0D7
:10E950005E0301F78000B05E0300016E01BC63FF3F
:10E960001FF7A20068DE030011CB01BC6003001793
:10E97000A200886006F43781002005BAF031D0008B
:10E9800068DE8AC0D1D000E005B300216C00B0057C
:10E99000B6F0216D00685E030011D400205E06F021
:10E9A00011DA006EDE8AC0D1DA03BFDE02F011D5C3
:10E9B000006DDE8AC0D1DA00B05E870017A300B018
:10E9C000419300016600B0581B0017A201BC600310
:10E9D00000016C01BC600300016D00E8419302106E
:10E9E0006400E85E870037A10069DE870011CB0074
:10E9F000B05E8F0001650002DE02F0000000B0058D
:10EA00009B00106400B0581B00114500B0059B002E
:10EA1000016200B0059700016100B0580F00178532
:10EA200000B0580700178300B0580B001784011876
:10EA3000581F00178C011A581F00178D0002DE02A4
:10EA4000F0000000B0058B001064006E41932A11A5
:10EA5000F600A044B6F0B7A100B05E87001605002E
:10EA6000E05812F4360600B0581B001145020000B1
:10EA7000F30011F3006D41932811F30200DEAF00A3
:10EA800011F301BC600B02514200B05E8700016FC0
:10EA900002015EAF0011F600B05E1700160301819F
:10EAA0006002F577AB0002DE02F0000002014523B0
:10EAB0000012010287C49300120101826002F5D79F
:10EAC000AE02012C230011FE00E02C2B002B0A01CA
:10EAD000816001610B0802065EB700120100E02AA6
:10EAE000D7002AB501866002F5B7AD0002DE02F05C
:10EAF0000000020200BF00120F00025E02F0123797
:10EB00000202DEB30012070068428F000F2503BF28
:10EB1000DE02F00002028881AB00120F02845EFF69
:10EB200000120502845EB30012050282DEFF0012AD
:10EB30000502822B2F00120D00682A9B00120F0283
:10EB400084DEAF00120502845EB700120500B05EDD
:10EB5000870017A10002DE02F000000182E002F54A
:10EB600097AC0203DEFF001219028445230012193C
:10EB700002012B2F0012190180E006F29794000287
:10EB80005E02F0114C0180E002F2979400025E02F6
:10EB9000F0114C0180E002F297940201AC230011C5
:10EBA000360181E001610B0803BFDE02F01138027B
:10EBB0000400C70012270206ABD30012210284C54D
:10EBC000AF00123503BFDE02F012220284C56F00CF
:10EBD000123502844523001224020042030012353C
:10EBE00000685E4B04B23500685E4B06B2350068C3
:10EBF0005E4B0632350182E006F597AC0284452370
:10EC000000122A0323DE02F0122B0183E006F5979F
:10EC1000AC0180E006F29794028400C70011360030
:10EC2000B02AD70017A2006DDE8955113602872B56
:10EC30002F00123202005EFF0011360207AB2F00D8
:10EC400011360181E005610B0803BFDE02F01138C7
:10EC500003BFDE02F011360002DE02F00000020205
:10EC600000BF00144D0206ABD30012440104C107DB
:10EC70000017A101855E85610B0802042C23001298
:10EC80004401846001610B0801BC60370017A201D8
:10EC9000BC60031417A100B045E300180000B045A4
:10ECA000E300180000B045E300180001BC62030057
:10ECB000107701BC60031B507600025E02F0013E3B
:10ECC00000682AEB00124900E844655757A101BCCF
:10ECD00063F71D17A2006D5E86F4524900E8446692
:10ECE000F44ABA006CC46556724B00E84467002AC7
:10ECF000B30206ABD3001250006DC46701524E013F
:10ED0000BC6003000B100284C5AF0012BD03BFDE60
:10ED100002F012510280456F0012BD020701AB00E4
:10ED200012530180600209D04E01BC63FF1FF7A19E
:10ED30000068C586F4325601BC6003000ABD0204B7
:10ED4000DEB700144D0184E002F5B7AD0184E001A7
:10ED5000610B080202DEB30012740206ABD300128C
:10ED6000650068AAF700925D00682B0300125E033D
:10ED7000BFDE02F01263018B600E2B915C0287AB49
:10ED8000D30012620182600209D04E03BFDE02F09E
:10ED900012630182600609D04E00025E02F0121179
:10EDA00003BFDE02F01267018360062B915C000254
:10EDB0005E02F012110204DEAF0012740282DEBBAA
:10EDC0000012740068AAF700926C0106AB170017D6
:10EDD000BB0068DEEF001270028480C7001274006E
:10EDE00068AAF700326F006CC4655672730068AA97
:10EDF000F700927400682B0300127400E845895AEA
:10EE0000F7A1006D5E856052740186E005610B0814
:10EE100002835EBB00127A0206ABD300127800E8D0
:10EE200045C95AF7A103BFDE02F0127900E845890F
:10EE30005AF7A1006E5E8554B2970205DEB7001244
:10EE40009300E02B97002AE501BC6003000AE7006D
:10EE5000682C4700127F00E82C47002B11018660C8
:10EE600002F5B7AD0204DEFF00128900B02B9B0053
:10EE700017A200B02A9B0017A10283AC27001286BC
:10EE800000682C87001287006D5E8564328700B0B1
:10EE90002C7F0017A2006D2B96F452890184E002AA
:10EEA000F7F7BF0206DEFF00129300E02BC7020A4D
:10EEB000F100B04467000AFC01182BC70017A1013C
:10EEC0001A2BC70017A2006E5E87001291006DDE3C
:10EED000895E529103BFDE02F0129301BC60030011
:10EEE0000AF10186E002F7F7BF02025EFF00144D4F
:10EEF0000068AAEB00144D00B02AC7000ABA03BF8D
:10EF0000DE02F0144D0182E002F7F7BF02862C23E7
:10EF100000129F0068B05B00129B0068305F001217
:10EF20009F00E9446582D7A600E8C46982F7BB0068
:10EF3000E10EE2F4C3B800E08EE6F763B902025EC8
:10EF4000FF0012A7020600C70012A402802BD30004
:10EF500012A400B02B2B0017BB006E2B02F7744DD0
:10EF600002025EFF0012A700B04467000ABA03BFA6
:10EF7000DE02F0144D0205DEB70012B500682AF774
:10EF80000872AA00E8446555CAB600682C4700120A
:10EF9000AC00E82C47002B1100E02B9F002AE70073
:10EFA000B02BA30017A100B02A9B0017A20283ACCC
:10EFB000270012B200682C870012B3006D5E8964CE
:10EFC00032B300B02C830017A1006D2B9EF432B534
:10EFD00001BC6003000AE50068AAF700B2B800B0FF
:10EFE0004467000AEF00B0446B000AF30068AAF718
:10EFF0000132BC00B04467000B0B02062BD3001299
:10F00000BC00B02C7B010B1E03BFDE02F0144D02CE
:10F010000701AB0012BF0180600609D04E0204DE7A
:10F02000B70012C80283C5730012C201876006F5DB
:10F0300077AB0282DEB300144D0203C57300141CCB
:10F0400000E844655637A1006D5E8555B44D0183D7
:10F050006006F5D7AE03BFDE02F0144D00E10ED31B
:10F060000023B400E08ED70003B502862C230012E3
:10F07000CD00B04467000C1600B0446B000C1702C2
:10F0800006AC230012D001846002F5B7AD0186E022
:10F0900001610B080206ABD30012D701BC6003006C
:10F0A0000AD7006D45C71F52D400B045C7000AD724
:10F0B00000E044655AF7BB00E85EEE2E2AB103BFBC
:10F0C000DE02F012DC01BC6003000AD7006D458748
:10F0D0001F52DA00B04587000AD700E044655AF7AE
:10F0E000BB00E85EEE2C2AB101836002F5D7AE01C9
:10F0F00084E006F5B7AD0185E002F5B7AD018260A9
:10F1000002F7F7BF01856002F5B7AD01BC600300EF
:10F110000B0500E844655637A1006D5E855DD2E2BF
:10F12000006D5E8555B2E600E02B63002AD800B082
:10F130002A930017B30206ABD30012F501BC60039B
:10F1400001917800B045E300180000B045E7000ADF
:10F15000C401BC600301B17800B045E300180000B1
:10F16000B045E7000AC501BC600301D17800B04595
:10F17000E300180000B045E7000AC601BC600301C7
:10F18000F17800B045E300180000B045E7000AC779
:10F1900003BFDE02F0130101BC600300117800B070
:10F1A00045E300180000B045E7000AC401BC600355
:10F1B00000317800B045E300180000B045E7000AD0
:10F1C000C501BC600300517800B045E300180000A1
:10F1D000B045E7000AC601BC600300717800B04585
:10F1E000E300180000B045E7000AC70182E00161B2
:10F1F0000B080207AB1B0013040182E005610B083A
:10F2000000B02B170017BB01285EEF000ABD01BC40
:10F2100060131C57BB02182B1B00130B01182B1B70
:10F220000017A60080DE9AF777BB00B041B7001741
:10F23000B301342B1B0017A201182B1B0017A300CE
:10F24000682AF70033180068AAF700931100685E77
:10F250008F00731A03BFDE02F0131800682AF7014B
:10F2600033170068AAF70053150068DE8B00731986
:10F2700003BFDE02F013170068AAF700731A0068D4
:10F28000DE8B00D31900685E8F00331A00685E8F32
:10F2900000131A018760055E8AF402032BD3001362
:10F2A0002200682AF702D31D0068AAF702B32201E0
:10F2B000BC60131C57BB0234AB170013220134ABE4
:10F2C000170017A60080DE9AF777BB00B041B700A1
:10F2D00017B302022C270013240186600560AB05DA
:10F2E000006E2AF701F3280088600557B7BB00209D
:10F2F000DEED5C532B03BFDE02F0132E00E82AF78D
:10F300000217BB00886006F777BB00205EED5C73D8
:10F310002E01856006F5B7AD020480C300132E01EF
:10F3200084E00560AB05006E2AF701F335008860C4
:10F330000557B7BB00205EEF019333018660016083
:10F34000AB050068AC470013390020DEED5A933856
:10F3500003BFDE02F0133900E82AF70217BB00886A
:10F360006006F777BB00205EED5AB3390184600573
:10F3700060AB050068AAF702F342010DAB17001756
:10F38000A1010EAB170017A200685E8700134200B0
:10F39000E05E86F457A100E05E87080ABD01866042
:10F3A0000160AB0500682C470013420184600160D6
:10F3B000AB0502032BD300134E018360015AAAD57B
:10F3C00000682AF702D3490068AAF702B35E006812
:10F3D000AAE700134C0068AB2300134C0282DEBB8B
:10F3E00000134C02072B1B00134C0184600560AB1B
:10F3F0000503BFDE02F0135E0283C57300135E00D7
:10F40000025E02F015BE0068AAF702B35E018360D7
:10F41000055AAAD500E02C8F002B2301856002F548
:10F42000B7AD0068AAE700135E0068AB2300135E67
:10F430000282DEBB00135E00B02AC30017A20134B3
:10F440002B1B0017A1006EDE8706135900B02ABFE0
:10F450000017A2006E5E8964735E01BC6003000B3E
:10F460002301BC6003000ADA01856006F5B7AD012F
:10F4700084E005610B080068AAF700B36802075E24
:10F48000FF00136801342B1B0017A3006DDE8D6095
:10F49000336800685E8F0013680283AB1700136641
:10F4A0000183600560AB0503BFDE02F0136800B0A6
:10F4B0002BDB000AF000B0446B000AF70068AAF7E3
:10F4C0000133770202AC2700136B0186E00560ABC5
:10F4D000050281ABD300137701BC6003000ADA0098
:10F4E000682C2F00137700E844656177A1006D5EFA
:10F4F0008561937400B02C330017A200E05E89612F
:10F50000B7A2006DDE86F453760200AC23001377B9
:10F510000185600560AB0503BFDE02F01377018053
:10F52000E001610B080068AAF701137A00B02AC74E
:10F53000000AD10187E006F7F7BF0207DEFF0013DC
:10F540007C0181E00560AB0500682AF7003381008B
:10F55000682AF701F38102852BD300138000682A03
:10F56000F70313810068AAF700939201826006F7FF
:10F57000F7BF00B02AC7000AB90068AAF7031388CA
:10F5800000682B2300138800B00013000ABD00B0F0
:10F590002B7F000AC003BFDE02F013910068AAF7B8
:10F5A000009392011C2B17000AC00106AB1700172D
:10F5B000BB00685EEF00138F01BC6003006AC300EC
:10F5C000B02C7B004B1E03BFDE02F0139100A82C71
:10F5D0007B004B1E01BC6003008AC300B02AC70039
:10F5E0000AC80202DEBB00139F0284DEFF001395EF
:10F5F0000206DEFF00139F00B02AD70017A2006D9D
:10F60000DE8955139E00B02B9B0017A200B02A9BE9
:10F610000017A10283AC2700139C00682C870013FD
:10F620009D006D5E8564339D00B02C7F0017A200A5
:10F630006DAB96F4539F0182E00560AB050286AB8B
:10F64000D30013AD0088600557B7A10020DE8563A5
:10F6500093A500E82AF70217A100886006F437A1F5
:10F6600000205E8563B3AB00682C6F0013AB0134E0
:10F670002B1B0017A2006E5E8B0293AA00B02C7B9E
:10F68000002B1E03BFDE02F013AB00A82C7B002B67
:10F690001E0068AAF702F3AD00B04467000B1B0020
:10F6A000E05ECD54B7B301826002F5D7AE00B02C56
:10F6B0002B0017A100B02AD70017A2006D5E895554
:10F6C00013B402865EB70013C503BFDE02F013B6A3
:10F6D000006D5E855FF3CA02812C230013C501BC57
:10F6E000601F07706501BC601F11506401BC601F82
:10F6F00011D7A400685A030013C10088580300F70B
:10F70000A30134D8030017A200E95E8E2337A301BA
:10F71000C3E0022357A500E8DE8AF4B7A20068DE42
:10F720008B0013C1006EDE8EF673C500E0419300BE
:10F73000306400E04197019065006D4192F493B907
:10F7400003BFDE02F013CA00682AF70093CA0068FC
:10F750002AF70053CA00682AF70073CA01826006BC
:10F76000F5D7AE00025E02F015BE01BC60131C5757
:10F77000BB01342B1B0017A20080DE8AF777BB0089
:10F78000B041B70017A200682AF70053D700682AD3
:10F79000F70253D700682AF70273D700682AF700E8
:10F7A00073D700682AF70853D700682AF70873D779
:10F7B00000682AF70893D700682AF703D3D703BF56
:10F7C000DE02F013E60185E006F5B7AD00685E8B5A
:10F7D0000013E100B05E8B000AA60182E006F5D7B7
:10F7E000AE00682C8B0013DE006E5E896453DE0170
:10F7F00081600563CB1E00E02BAB002AEA006E5E41
:10F80000896013E10182600560AB0500E84465563C
:10F8100037A100B044670017A300682AF70893E5F2
:10F8200000E85E8EF42AAE01846002F7F7BF028220
:10F83000DEB300144D0203C57300141C00B02AABE4
:10F840000017A200B02AB30017A30068AAF700931C
:10F85000F602802BD30013F600B02B030017A10093
:10F860006D5E855873F20180E00560AB0500682B82
:10F870004F0013F201BC6003000ABC00025E02F0FC
:10F88000159B00685E870013F600682BE70013F6EF
:10F8900000B02BE70017A200B02BEB0017A3006805
:10F8A0005E8F0013FF00682AEB0013FF00E8446539
:10F8B0005757A100E05E8EF457A2006D5E86F453A8
:10F8C000FF0181600560AB0500682B4F0013FF014D
:10F8D000BC6003000ABC00025E02F0159B0281AB13
:10F8E0002F00140402005EFF0014040204452300EC
:10F8F000140403A0DE02F014040183E00560AB05EC
:10F900000281AC2700141C02862C1700144D0286BD
:10F91000AC1700144D028080BF00144D02825EBB04
:10F9200000144D02822BD300141C0281AC1700146A
:10F930001C0280AC1700141C02812C1700141C023E
:10F94000822C1700141C028881AB00141C0282ACAC
:10F950001700141502832B1700141C02832C1700A8
:10F96000141502852C1700141502842C1700141C82
:10F970000284AC1700141C0283AC1700141C028410
:10F980005EB700141B0204DEAF00141B0281DEBB55
:10F9900000141B0184E002F577AB00025E02F01553
:10F9A0009F03BFDE02F0144D00E844655637A10006
:10F9B0006DDE8554B4280206ABD30014210183E028
:10F9C000022B915C03BFDE02F0144D0183E0022B99
:10F9D000915C01BC600318517800B045E300180049
:10F9E000018360022F317900A84138F9D7A100B016
:10F9F0005E84FE704E03BFDE02F0144D028101AB47
:10FA000000142C020081AB00143702842C17001460
:10FA1000370280AC170014370206ABD30014350050
:10FA20006BAC4223343000E04467014B10018B6023
:10FA3000022B915C0287ABD300143301826006096C
:10FA4000D04E03BFDE02F014340182600209D04EB2
:10FA500003BFDE02F01436018360022B915C03BF0A
:10FA6000DE02F0144D0206ABD3001440006BAC4232
:10FA700023343B00E04467014B10018B60022B9163
:10FA80005C0287ABD300143E0182600609D04E03AE
:10FA9000BFDE02F0143F0182600209D04E03BFDED8
:10FAA00002F01446018B60022B915C01BC600318CC
:10FAB000517800B045E3001800018360022F3179CE
:10FAC00000A84138F9D7A100B05E84FE704E000254
:10FAD0005E02F0121D02845EB700144D02832BD328
:10FAE00000144A00682AF702B44D0184E006F57755
:10FAF000AB00E02B27002AC903BFDE02F015870008
:10FB000002DE02F000000185E002F5B7AD0183607E
:10FB100002F5D7AE0182E002F5D7AE0182E002F72E
:10FB2000F7BF0184E002F7F7BF01BC6003000AD30E
:10FB300001BC6003000AC801BC6003000AC001BC2C
:10FB40006003000AEA018760015F6AFB01BC600391
:10FB5000000C1601BC6003000C170181600163CB2F
:10FB60001E0002DE02F00000020200BF0014B2021A
:10FB700083DEFF0014DA0183E006F7F7BF0185603A
:10FB8000060B705B018560060BF05F0206ABD300CD
:10FB9000146601BC600302116D00B02A9700116E5B
:10FBA000028045AB00147A03BFDE02F0146901BC89
:10FBB000600302115D00B02A9700115E0280456B60
:10FBC00000147A0206ABD3001473006BAC422334EA
:10FBD0006D00E04467014B10018B60022B915C02C9
:10FBE00087ABD30014700182600609D04E03BFDEDC
:10FBF00002F014710182600209D04E0188600E2D5E
:10FC0000516A03BFDE02F0147A018B60022B915C13
:10FC100001BC600318517800B045E300180001836F
:10FC200060022F317900A84138F9D7A100B05E8475
:10FC3000FE704E0188600E2B515A00B0413F1FF0FC
:10FC40004F00682ABB00148001846006F7F7BF01EB
:10FC5000BC602F1717A300E04466F46AB401BC60CF
:10FC600003000AAE00025E02F0144E00E844695F31
:10FC7000D7A1006EDE8700348A00B02BD7000AF0CF
:10FC800001BC6003000AEF00682AEB00148A00B090
:10FC90004467000AB900E84465554ABA00B02AB37F
:10FCA0000017A100E82AEAF42ABA028080BF0014F3
:10FCB000970281DEBB0014A80206ABD300148F02AA
:10FCC00004C5AF00149703BFDE02F0149002004594
:10FCD0006F0014970283C5730014970206ABD3001C
:10FCE000149501BC63FF1FF7A10068C5C6F434A8D2
:10FCF00003BFDE02F0149701BC63FF1FF7A1006889
:10FD0000C586F434A80206ABD300149E018B600EA6
:10FD10002B915C0287ABD300149C0182600209D056
:10FD20004E03BFDE02F0149D0182600609D04E032F
:10FD3000BFDE02F014A4018B600E2B915C01BC604D
:10FD40000318517800B045E3001800018B2B2E2FCB
:10FD5000317900A84138F9D7A100B05E84F9B04EDE
:10FD60000184E002F5B7AD0184E002F577AB0185CF
:10FD7000E001610B0803BFDE02F015920206ABD36F
:10FD80000014AB00025E02F0121D03BFDE02F0148D
:10FD9000AD018360022B915C00025E02F0121D0136
:10FDA00084E006F5B7AD0184E006F577AB0206AB5B
:10FDB000D30014B101846005610B0803BFDE02F0BB
:10FDC0001592018D60020BF05F0206ABD30014B6F2
:10FDD0000188600E2D516A03BFDE02F014B701885E
:10FDE000600E2B515A028181AB0014C80206ABD3BE
:10FDF0000014C1006BAC422334BC00E04467014BEB
:10FE000010018B60062B915C0287ABD30014BF01FD
:10FE100082600209D04E03BFDE02F014C00182608E
:10FE20000609D04E03BFDE02F014D7018B60062B0B
:10FE3000915C01BC600318517800B045E3001800E4
:10FE4000018360022F317900A84138F9D7A100B0B1
:10FE50005E84FE704E03BFDE02F014D70206ABD301
:10FE60000014D1006BAC422334CC00E04467014B5A
:10FE700010018B60022B915C0287ABD30014CF0181
:10FE800082600609D04E03BFDE02F014D00182600A
:10FE90000209D04E03BFDE02F014D7018B60022BA3
:10FEA000915C01BC600318517800B045E300180074
:10FEB000018360022F317900A84138F9D7A100B041
:10FEC0005E84FE704E0184E002F5B7AD0184E0026D
:10FED000F577AB00025E02F0144E0002DE02F00085
:10FEE0000000B0446B000AFE0202DEB30014E70219
:10FEF00006ABD30014E5018360062B915C0287AB4F
:10FF0000D30014E20182600209D04E03BFDE02F08A
:10FF100014E30182600609D04E00025E02F0121165
:10FF200003BFDE02F014E7018360062B915C000240
:10FF30005E02F0121101866005610B08020200BF2B
:10FF400000150C0183E002F7F7BF0203C57300142C
:10FF5000FC020080BF0014FC0206ABD30014F500C5
:10FF60006BAC422334F000E04467014B10018B601E
:10FF70000E2B915C0287ABD30014F301826002095F
:10FF8000D04E03BFDE02F014F40182600609D04EA9
:10FF900003BFDE02F0150B018B600E2B915C01BCE0
:10FFA000600318517800B045E3001800018B2B2E38
:10FFB0002F317900A84138F9D7A100B05E84F9B09B
:10FFC0004E03BFDE02F0150B0206ABD30015050091
:10FFD000E0446700B7BB006CC466F774FE018B6039
:10FFE000022B915C0287ABD30015030182600609E6
:10FFF000D04E03BFDE02F015040182600209D04E2C
:020000041005E5
:1000000003BFDE02F0150B018B60022B915C01BC7B
:10001000600318517800B045E300180001836002C6
:100020002F317900A84138F9D7A100B05E84FE7065
:100030004E0182E002F597AC0002DE02F000000102
:10004000BC60030037A20020E3FE0915680020E031
:10005000420D956802845EB3001568028042030079
:1000600015680284452300156803915E02F0156847
:100070000068AB4F0015680282DEFF00156800685B
:100080002ABB00151900E8446555D7B900E82A9A3B
:10009000F737B902805EFF00159B020180C700158B
:1000A0009200B02AD70017A1006DDE855515920287
:1000B00082DEB30015680203C5730015490204808F
:1000C000C700154900685E8B00152E0284AC230022
:1000D000152E0203C5730015490202ABD300152586
:1000E00002855EBB0015260282DEBB00154900B00A
:1000F0002B830017A1006EAB6AF4352E0203C57383
:1001000000154900682A9B00152D00682ABB0015C0
:100110002E006ADEE554F549006ADEE55A554900CD
:10012000682AE700154902941DF30015310203DE29
:100130005300153603BFDE02F0153401141DF30021
:1001400017A600901CBAF4D7A602005E9B001536D5
:1001500000B02B87000AA703BFDE02F0159201BC96
:10016000600302579201BC63FF1FF0C301BC600330
:100170000910E301865E8A1C70E3018460061C702E
:10018000E300682AEF00153D0185E0061C70E301DD
:10019000BC600303978200025E02F0157200B05447
:1001A000130010E400E043915B30E401BC60030005
:1001B00010EE01BC63FF1FF0CE00E02AEF002ABB67
:1001C00001BC61030077A601141DF30017A200B063
:1001D0005E8B000C1801BC610303EC1903BFDE0247
:1001E000F0156202845EB700156801BC60230890B8
:1001F000E600025E02F0016A00B05ECF0010E4008B
:1002000068AAF70035520205AC2300155200E82A0F
:10021000CE2337A3006DDE8E1C955200B05E8F009A
:1002200010E400682A9B00155A00B02ADB0010E495
:100230000206ABD30015570284C5AF00155A03BFA1
:10024000DE02F015580280456F00155A00695EE71E
:1002500000155A00E05EE556D0E40282DEBB0015D0
:100260005E00682AF700155E00E10EDA1C83B60016
:10027000E08EDF0003B701BC600301D78200025E9D
:1002800002F0157201BC61030077A603BFDE02F025
:10029000156200B0004700108600025E02F015F8FB
:1002A00000025E02F010700190600A09104801849B
:1002B0006006F597AC00B05E9B0010800002DE0285
:1002C000F0000002805EFF00156D0281DEBB0015AC
:1002D0006D020180C7001592020480C700159201CB
:1002E000806002F7F7BF0280C28F0015930201DE23
:1002F000BB00159301BC60030017A203BFDE02F030
:10030000150E00685E4B0635790285DEFF0015800C
:1003100000B02B370017A1006DAAEEF4358001BCA8
:10032000600301378000B02B3B0017A1006D2AEE5F
:10033000F4357B02812BD300157B01BC6003017770
:100340008001BC600300378100025E02F0014301BE
:10035000D2DE0AA030E000B0540B0010E103BFDE93
:1003600002F015860280ABD300157901BC60030151
:10037000578001BC600300178100025E02F0014358
:1003800000B054070010E000885E0B0070E100022E
:10039000DE02F0000000682AF30015920204DEAFCE
:1003A00000159200E844655797A4006E5E9154F5DD
:1003B0009200885E930037A4006D5E9154F5920020
:1003C000025E02F015E303BFDE02F0159F00E84471
:1003D000655797A400885E930037A400025E02F080
:1003E00015E303BFDE02F0159F0284DEAF00159611
:1003F0000181E002F5D7AE03BFDE02F0159F006871
:100400002B6700159B00E044655B2AD300682B6BCB
:1004100000159A00E044655A4AD30002DE02F0005B
:100420000001806006F7F7BF00682AF300159F00FF
:10043000E844655797A400025E02F015E30184606A
:1004400002F597AC01BC6003000ABC01BC6003006C
:100450000AD301BC6003000ABB0104DEAF0017A190
:1004600001845E86F5B7AD0284DEAF0015A8018079
:1004700060060D906C0002DE02F000000285AC23E5
:100480000015BD0203C5730015BD00B02A8F00170B
:10049000A30202AC230015AD00B02AAF0017A302DF
:1004A00002DEBB0015AF00B02A8B0017A300E044AA
:1004B00066F46AB30185E005610B0800B04467008B
:1004C0000B030206ABD30015B7006BAC422335B665
:1004D00000E04467014B100183E0022B915C03BFF5
:1004E000DE02F015BD0183E0022B915C01BC6003CC
:1004F00018517800B045E3001800018360022F31E5
:100500007900A84138F9D7A100B05E84FE704E0092
:1005100002DE02F000000202DEB30015C90206ABE3
:10052000D30015C7018B600E2B915C0287ABD30003
:1005300015C40182600209D04E03BFDE02F015C56A
:100540000182600609D04E00025E02F0121103BF64
:10055000DE02F015DB018360062B915C00025E0277
:10056000F012110203C5730015CE0284DEAF001530
:10057000CE0281DEBB0015CE02805EFF0015CE02EA
:10058000045EB70015E20206ABD30015D5018B60FF
:100590000E2B915C0287ABD30015D3018260020958
:1005A000D04E03BFDE02F015D40182600609D04EA2
:1005B00003BFDE02F015DB018B600E2B915C01BCEA
:1005C000600318517800B045E3001800018B2B2E12
:1005D0002F317900A84138F9D7A100B05E84F9B075
:1005E0004E0183E001610B0801846006F5B7AD019F
:1005F00084E002F577AB01BC6003000ABB018460B4
:1006000002F597AC0185E001610B080186E001610C
:100610000B080002DE02F0000000682B5B0015E50D
:1006200000B02B5B0017A4006D5E915555E700B03C
:100630002AAB0017A400882B070037A500E82B0A77
:10064000F4AAC200885E930037A400E02B0AF48A63
:10065000C200902B0B00AAC100B02B07000AA70014
:1006600002DE02F0000003A0DE02F015F1020042FB
:10067000030015F100025E02F00D2F0183E0056119
:100680000B0801846002F5B7AD0184E006F577AB95
:1006900001BC6003000ABB01846002F597AC00B0A6
:1006A0004467000ABC0002DE02F00000010C814336
:1006B0000017A101BC600300508A00685E070016A5
:1006C000020068DE8700360201BC600300B08A00C9
:1006D000685E070036020282DE0300160201BC607B
:1006E0000300908A0283DE0300160200E0600AF431
:1006F000D08A00685E0700160A0190422AA1308A5B
:1007000000685E0700360A0190422AA0108A01099B
:10071000DE030017A2018F5E8A11508A00685E8B8B
:1007200000160A0191E00E11508A0002DE02F0006C
:10073000000109DE030017A400E05A06F497A500A3
:10074000905E96F497A50203DE030016120282DE85
:100750000300161201BC61EF0857A60080DE96F474
:10076000D7A50116DE870017A300885E870077A152
:1007700000E15E8702D7A100E0DE8F0017A301BC75
:1007800060030017A2020E5E0300161901BC60038D
:100790000037A200905E96F457A50080DE96F437ED
:1007A000A100E141B7FFF7A600E1DE8701F7A10054
:1007B00080DE96F477A300E1DE860DB7A100E0DECF
:1007C0008F0017A3017A5E86F477A100885E86F415
:1007D00057A100B05E870017A20287DE030016262D
:1007E00000885E870057A103BFDE02F01633028740
:1007F0005E0300162D01BC639B0CD7A50080DE862E
:10080000F4B7A100E141B7FFF7A500E0DE870017CC
:10081000A100885E870057A103BFDE02F0163300F7
:10082000885E870057A101BC639B0CF7A50080DEA2
:1008300086F4B7A101BC62030017A500E141B6F43C
:10084000B7A500E0DE870017A100E05E8400D7A115
:100850000002DE02F0000002001FF7000012028218
:10086000DE5300163B0188600204902400E02092D1
:10087000F3082400E8208EF3082303BFDE02F00B08
:100880003701B8601604902401BC600301D0250331
:10089000055E02F0164C0287C037000C9E0386DE10
:1008A00002F00CA100025E02F01236035CDE02F0E0
:1008B000163D00D8409B0117A100E05E87023798E3
:1008C00000A85E630077980102DE530017A1018241
:1008D000E002F297940188DE84FFA7FD006EA08EEF
:1008E000F3164C00E85E6301D02501B86006049061
:1008F0002403BFDE02F0000201816004FFA7FD01B6
:10090000B8600A04902403BFDE02F0000202285EF1
:100910008700166200B041930017A400E0419300E5
:100920007064010A5E870017A200E84192F45063E8
:1009300001185E870017A100E86042F437A2008822
:100940005602F436000068418EF4965E00E8418F4E
:1009500000306300E8419300306400685E8B02164B
:100960005600905602F457A300B05806F4760103DF
:10097000BFDE02F0165600684192F4966200E8412C
:100980009300306401BC600300160003BFDE02F078
:10099000165E00B05E870017A10002DE02F00000C4
:1009A0000180600286143000B050CB001065013821
:1009B00050830017A10068DE3B06366A00E05A3318
:1009C00000368C006EDA32F4201200B05A0B001799
:1009D000A201BC63FF1FF7A300B050CF001064005A
:1009E0006EDA32F4366F00B05A370017A300B058F1
:1009F0001300178201BC600300160401BC601B1FBA
:100A0000D7B60102D0C70017A100E04196F43065C7
:100A100000E050CB00D06401BC60030017B401BCFF
:100A2000600300178001BC60030037810187600408
:100A30000310A0009052330097A400E0418701B753
:100A4000B500685ED2F0569600E05EDAF69063007C
:100A500020D802F0368A020250C700169000905645
:100A6000030097A100E85E86F497A1019E6002F45E
:100A700037A1006DDE87081690010A5E870017A275
:100A800001DA6002F437A100E05ED6F4506300881A
:100A90006006F437A100205602F4369000B05802E8
:100AA000F0360000E05A2B00368A006ADED2F47677
:100AB0008C0068DED2F0169100E05E030037800003
:100AC000685E030036910186E0040310A003BFDED8
:100AD00002F01691006ADED2F4768C00E05ED3005C
:100AE00037B400D05E0700378102985ED300167BD2
:100AF00000E0419300306403BFDE02F0167B006823
:100B00005E0300001203BFDE02F006CC0282D0C7F3
:100B10000016A000B02A370017A101B82A32F43617
:100B20008401025013001685013C50830017A10078
:100B3000B050A70017A4006D5A32F436A90182E024
:100B4000068634310288502B0016A500B05A3300B7
:100B500017A1019E5E8684F42701836006863431E6
:100B60000002DE02F0000000B050730017A101B8CF
:100B7000506EF436840106D00700168500B050ABE5
:100B80000017A400D06006C0978000E0419700D70E
:100B9000B5010A58130017A100E05ED6F437B5007E
:100BA000B0580F001063011656030017810068D873
:100BB000130016BE011400630017A10068DE870051
:100BC00016B40088013B01168003BFDE02F016B99F
:100BD0000068DE870076B700A0013BE0168003BF07
:100BE000DE02F016B900E05E8709706200885403E7
:100BF00001168000E85A0330168001BC600300161D
:100C00008101BC600300168201BC600300168303EF
:100C1000BFDE02F016C300E0418EC09063006EC1DB
:100C20008EC036C300E8418EC0306300E858030030
:100C300037A100E0418EF43063013850A30017A5BE
:100C40000068581303F6DE0068418EC056DE006D62
:100C5000DA0AF4B6DE011656030017A10068DE8634
:100C6000F036DE015856030017A100E05E870DD76D
:100C7000A200B05ED70010620020DE02A016D500F0
:100C8000E05E86D037A300E05E8ED077A3006D5A79
:100C900002F456DE006E5E8EF496DE00E86002F42A
:100CA000368300B05E8F00168100A05A0F00768355
:100CB00000E05A0B00368200E85A02F4568000D059
:100CC0005E0300378000E0581300360400E0418FD7
:100CD000003063029858130016DB00E05ED700373F
:100CE000B5006EC18EC036C400B058030010630357
:100CF000BFDE02F016C400B058130017A10068DA76
:100D0000370016E100B05E8700168D006DDE86D1DB
:100D1000B6E300B05E8700168D0002DE02F0000030
:100D200001BC60030017A1018760040310A001BC8F
:100D300060030990B500B0006300F0B401BC6057D7
:100D40000310B601BC60030090B500B0006300B0B2
:100D5000B400B042D30018000317DE02F016EC0313
:100D600097DE02F016ED00B02A3300142F018EE05A
:100D70000C0310A0006DDE02D1B6F300E85A36F085
:100D8000168D03BFDE02F016F501BC600300168C61
:100D900001BC600300168D006E5A3AF016F801BCD3
:100DA000600300168E03BFDE02F016F900E85A3A1F
:100DB000F0168E00B058070017A100E0580EF0168C
:100DC00003006ED80EF436FF00E85E86C017A1005F
:100DD000E8580EF4360300E8580F00360301185E99
:100DE000030017A1006DDE0302170700E86042F45C
:100DF00037A200905A1AF4368600885A1EF457A279
:100E000000905A1EF4368700B05A1AF4568603BF73
:100E1000DE02F0170900905A1EF4368601BC60030A
:100E20000016870002DE02F0000001586003001087
:100E30002A01B8600A04902401BC600302900401F6
:100E400089E0020D906C0002DE02F000000200DE7C
:100E50005300171901BC60170777A100025E02F06A
:100E6000012700B040670017A200B05E8B0057A2B8
:100E700000025E02F0012B01BC600303378001BC5D
:100E8000600300178100025E02F011320002DE02F0
:100E9000F0000001BC600303378000025E02F01125
:100EA0002D0183E006F037810181E006F0378100F3
:100EB000025E02F0113200B05E070017A200E044AB
:100EC000670B57A1006B4466F4372001BC60031127
:100ED000378000025E02F0112D01806006F037813C
:100EE00000025E02F0113201BC6003009780000234
:100EF0005E02F0112D01806006F0378100025E0273
:100F0000F0113200E044670157A1006B4466F437EA
:100F10002A01BC600303378001A0607EF457810082
:100F2000025E02F0113200E044670797A1006B44B3
:100F300066F4372F01BC600311578000025E02F097
:100F4000112D01846006F0378100025E02F011323B
:100F500000B05E070017A201BC60030A37800002E0
:100F60005E02F0112D01806002F0378100025E0206
:100F7000F0113200E044670037A1006B4466F4379B
:100F80003A01806006F0378100025E02F011320102
:100F9000BC600308578000025E02F0112D018A60D8
:100FA00002F0378100025E02F0113200E044670077
:100FB00037A1006B4466F43742018A600EF0378136
:100FC00000025E02F0113200E044670657A1006B98
:100FD0004466F4374601BC60030CB78000025E0231
:100FE000F0112D0280DE0700173001BC600311579D
:100FF0008001846002F4578100025E02F011320128
:10100000BC60030037A30206ABD30017510284C5AE
:10101000AF00175903BFDE02F017520280456F0080
:10102000175901BC60030017A3018B600E2B915C64
:1010300001BC600318517800B045E3001800018B33
:101040002B2E2F317900A84138F9D7A100B05E844A
:10105000F9B04E01BC60170777A100025E02F001F3
:101060002700B040670017A200A85E8B0057A200BF
:10107000025E02F0012B00E044670157A1006B44BF
:1010800066F4375F01BC600301B7A101BC600304D3
:1010900077A200025E02F0012B01BC60130AF7A1E7
:1010A00001BC60030017A200025E02F0012B01BC2C
:1010B00060030117A400E85E930037A401BC60033D
:1010C00001D7A100B05E930017A200025E02F001FA
:1010D0002B01BC60130AD7A101BC60030017A2005A
:1010E000025E02F0012B0068DE9300176700685E65
:1010F0008F0017710002DE02F0000001BC60270CB7
:10110000B7A101BC60030197A200025E02F0012BAF
:1011100001BC60270EB7A101BC60030137A2000229
:101120005E02F0012B01BC60030657A401BC600302
:101130000077A301BC60130957A100025E02F00111
:1011400027018060060337A200025E02F0012B0136
:10115000806002F457A200025E02F0012B00E0441E
:1011600066F497A1006B4466F4378000E85E8F0058
:1011700037A300685E8F00178701BC60030317A4C4
:1011800001BC60270F17A100025E02F00127006872
:10119000C0671FF77901BC60270EB7A101BC6003CF
:1011A00001F7A200025E02F0012B0002DE02F00055
:1011B000000002DE02F000000200DE5300179D0175
:1011C000BC60130E77A100025E02F0012700A04070
:1011D000673FEC4401BC60131497A100025E02F06B
:1011E00001270196E0020337A200025E02F0012B04
:1011F00001BC601309B7A100025E02F0012701875C
:1012000060020337A200025E02F0012B01BC6013F2
:101210000997A100025E02F00127018760060337EB
:10122000A200025E02F0012B0002DE02F0000001CB
:10123000BC60730017A301BC60131497A100025E89
:1012400002F0012700A04066F477A40196E01EF4A6
:1012500097A300B05E8D8897A200025E02F0012B7A
:1012600001BC601309B7A100025E02F001270187EB
:1012700060060337A200025E02F0012B01BC60137E
:101280000997A100025E02F001270187600603377B
:10129000A200025E02F0012B0002DE02F00000005C
:1012A00068DE930017B100E05E030057A201095EFB
:1012B0008B0017A103BFDE02F017B90068DE9300B0
:1012C00037B501105E030017A200E05E8B0097A106
:1012D00003BFDE02F017B901305E030017A200E081
:1012E0005E8B0197A1006D5E870597B901BC600315
:1012F0000597A10002DE02F0000000682BCB00176A
:10130000BF00B02BF30017A100E05E855FB7A1001E
:101310006BDE862337BF0186E006F7F7BF0002DEEB
:1013200002F0000000681F330017CD020200BF006A
:1013300017C3020345730017CD0285C5230017CDDF
:1013400000681F330037CB00B01FC70017A1000291
:101350005E02F0012700A84064F9D7A200B05E88C1
:10136000F9B7A200025E02F0012B03BFDE02F01704
:10137000CD00A84138F9D7A100B05E84F9B04E0085
:1013800002DE02F00000020200BF0017C3020345A4
:10139000730017CD0158600300102A0189E0020D87
:1013A000906C01BC600300900400B040130017A1D2
:1013B0000002DE02F00000018260060F10780207D2
:1013C000C1E30017D601BC60030C17A301BC600386
:1013D00000907601BC600300107700025E02F0010D
:1013E0003401BC60030C97A300025E02F0012F00E1
:1013F0008860118757A101BC5E860EF07700025EFF
:1014000002F0013401BC60030C17A301BC600300AF
:10141000B07601BC600300107700025E02F0013478
:1014200001BC60030C97A300025E02F0012F00884C
:1014300060058757A101BC5E860ED07600025E0271
:10144000F0013401BC60030017A300025E02F0014A
:101450002F018560060ED07600025E02F001340195
:10146000BC60030C17A301BC600300307601BC60B4
:101470000300107700025E02F0013401BC60030C2F
:1014800097A300025E02F0012F01AC60A20EF0777C
:1014900000025E02F0013401BC60030017A30002E9
:1014A0005E02F0012F018560060ED07600025E021A
:1014B000F0013401BC60030C17A301BC60030030D1
:1014C0007601BC600300107700025E02F001340177
:1014D000BC60030C97A300025E02F0012F01AC6018
:1014E000020EF07700025E02F0013401BC600300DE
:1014F00017A300025E02F0012F018560060ED07670
:1015000000025E02F00134018260020F10780002D6
:10151000DE02F0000001BC60130817A100025E02A9
:10152000F00127018060020337A200025E02F00191
:101530002B01BC60030037A100025E02F00127010D
:1015400088600E0337A20068B0EB001810018860B5
:101550000A0337A200025E02F0012B01BC601B06E9
:1015600057A100025E02F00127018830EA0337A28A
:1015700000025E02F0012B00025E02F017D501BCF2
:1015800060130817A100025E02F0012701806006C7
:101590000337A200025E02F0012B0002DE02F0001F
:1015A0000001BC60430890E600025E02F0016A019F
:1015B000BC604F1110E40190600A09104801BC6042
:1015C0000300000601BC600301D78201D2DE087768
:1015D000F0E000B00F030010E100B00047001086FB
:1015E00000B00F1F00108A01BC60030037810002A9
:1015F0005E02F0107001BC60030010BB01BC61030F
:101600000010800182600610308103D05E02F0037A
:10161000940002DE02F0000000681F8300188202BE
:101620008042030018820285C52300188200681FCB
:101630008F00388200681F8B00385F01BC60130880
:1016400017A100025E02F00127018060020337A2A9
:1016500000025E02F0012B01BC601B1B57A10002BF
:101660005E02F0012700B04067000C3E0182E006F8
:101670000337A200025E02F0012B01846006F457DA
:10168000A200025E02F0012B01BC60270F37A1000F
:10169000025E02F0012700B04067000C3F01886045
:1016A000060337A200025E02F0012B01BC60271581
:1016B00097A100025E02F0012700B04067000C40D5
:1016C000019B60160337A201806006F457A2000256
:1016D0005E02F0012B01BC60131077A101BC600B0E
:1016E0000017A200025E02F0012B01BC601310572C
:1016F000A100025E02F0012701B860820337A20058
:10170000025E02F0012B01BC60131037A100025EE3
:1017100002F001270180E0020337A200025E02F01E
:10172000012B01BC60030007E201BC60030007E37A
:101730000068310F00185700E044658867E103BF77
:10174000DE02F0185800E044670807E101BC6013AE
:101750001037A100025E02F0012701806006033706
:10176000A200025E02F0012B01BC60030027E20030
:10177000025E02F0012702004067001873028042F7
:10178000030018730285C52300187301BC60131091
:1017900037A100025E02F0012702004067001866D0
:1017A000006CC464FC385F00E03107002C4100E0AD
:1017B000310B002C4201BC601310F7A100025E0245
:1017C000F0012700B0406700018401BC601310D70E
:1017D000A100025E02F0012700B040670001850110
:1017E000BC602B1357A100025E02F0012700B0403D
:1017F0006700018601BC60131117A100025E02F0B0
:10180000012700B0406700018701BC60271597A140
:1018100000B031030017A200025E02F0012B01BCF0
:1018200060270F37A100B030FF0017A200025E0250
:10183000F0012B01BC601B1B57A100B030FB00174F
:10184000A200025E02F0012B01BC60130817A10088
:10185000025E02F00127018060060337A200025EEB
:1018600002F0012B01BC60030007E201BC60030031
:1018700007E000B05E870017A10002DE02F0000062
:1018800001BC6003000C2500B030CB00179E00B0F7
:1018900030CF00179D00B030D300179C00B030D778
:1018A00000179B03BFDE02F00A1A000000000000D0
:1018B0000000000000000000000000000000000028
:1018C0000000000000000000000000000000000018
:1018D00000207EC0000000000000000000000000AA
:1018E00000000000000000000000000000000000F8
:1018F00000000000000000000000000000000000E8
:1019000000000000000000000000000000000000D7
:1019100000207EC000000000000000000000000069
:1019200000000000000000000000000000000000B7
:101930000000000000002000000040110100000035
:101940000000801601008000000080160100800366
:1019500000008016000000400000801A2100E00313
:1019600000008016000200400000801A10020040B3
:101970000000801A100202400000801A6100E0039B
:1019800000008016100200400000801A6101E01380
:1019900000008016300200400000801A1002004053
:1019A0000000801A1C0200400000801A00020000A3
:1019B0000000801A1C0A00400000801A1C0A204007
:1019C0000000801A1FCA20400000801A1FCA204051
:1019D0000000801A010000000000801E09000000C5
:1019E0000000801E000000000000800200000000D7
:1019F00000008002000000000000800208000000DB
:101A00000000801E000000000000801E0100000099
:101A10000000801E110000000000801E1FCA20C0B0
:101A20000000801A1FCA20C00000801A5FCA20C0B0
:101A30000000801AB06400000000800E0000280042
:101A400000008012110000000000801E0000000055
:101A5000C825428500000000000040010000000091
:101A60000000400100000000000040015FCA20406B
:101A7000000040191FCA204000004019010000006A
:101A80000000401D010000000000401D010000009A
:101A90000000401D090000000000401D1FC2204042
:101AA000000040190F0000000000401D1FC220C0B0
:101AB000000040191BC220C000004019207D00001A
:101AC0000000400D00002000000040110000000058
:101AD00033044289000000000000400100000000C3
:101AE0000000400100000000000040011BC2204037
:101AF00000004019090000000000401D1BC22040EA
:101B000000004019010000000000401D000000001E
:101B10000000401D1FC220400000401901000000CD
:101B20000000401D090000000000401D1FC22040B1
:101B3000000040190B0100000000401D1FC220C022
:101B4000000040191BC220C000004019C0770000EF
:101B50000000400D000028000000401100000000BF
:101B6000331C42890000000000004001000000001A
:101B70000000400100000000000040011FC220C022
:101B8000000040191FC220C0000040196100E0138E
:101B900000004015000000000000400100000000AF
:101BA0000000400100000000000040016101E0135E
:101BB0000000401513C220C00000401961018013CD
:101BC000000040150A0100000000401D13C220C0A3
:101BD0000000401908040000000000F800000000A8
:101BE0000000400100000000000040010000000073
:101BF0000000400100000000000040010000000063
:101C00000000400113C22040000040190B010000F9
:101C10000000401D13C220C0000040190000000059
:101C2000000040010000000000004001030100002E
:101C30000000401D13C220400000401900000800B1
:101C40000000401161018013000040156101801304
:101C50000000401561018013000040151FC22040A4
:101C6000000040191FC22040000040191FC2204040
:101C7000000040190B0100000000401D0B01000096
:101C80000000401D1FC220C0000040191BC220C020
:101C900000004019C37700000000400D000008005C
:101CA0000000401100000000131C428800000000EA
:101CB00000004001000000000000400100000000A2
:101CC000000040011BC22040000040190900000034
:101CD0000000401D1BCA2040000040191FCA2040C0
:101CE00000004019090000000000401D1FC22040F4
:101CF000000040190F0000000000401D1FC220C05E
:101D0000000040191BC220C000004019237D0000C4
:101D10000000400D00000000000040110000000025
:101D20001304428800000000000040010000000091
:101D30000000400100000000000040011BC22040E4
:101D400000004019090000000000401D1BCA20408F
:101D500000004019010000000000401D1FCA204083
:101D600000004019110000000000401D1FCA204063
:101D7000000040191FCA20C0000040191FCA20C01F
:101D8000000040191FCA20C0000040195FCA20C0CF
:101D900000004019B06400000000400D0000080081
:101DA00000004011110000000000401D0000000074
:101DB000B82542840000000000004001000000003F
:101DC0000000400100000000000040015FCA204008
:101DD00000004019010000000000401D1FCA204003
:101DE000000040191FCA20400000401900000000F8
:101DF0000000401D1C0A2040000000181C0A204062
:101E000000000018000000000000001000000000AA
:101E10000000001C61018013000000141C0A204017
:101E2000000000186101800300000014100A204027
:101E300000000018000A204000000018000A0040BE
:101E40000000001841018003000000140008004059
:101E50000000001800001000000000100008024000
:101E600000000018000803400000001800080240AD
:101E700000000018000800400000001800000000EA
:101E8000000000100008004000000018000800409A
:101E90000000001841018000000000144101000012
:101EA000000000144001000000000014000802407F
:101EB00000000018000100000000001400080040AD
:101EC00000000018000800C000000018080C000006
:101ED0000000000408080000000000FC00000000F2
:101EE00000000000000000000000000000000000F2
:101EF000000000000C715D48075F3100B3C9A561A7
:101F0000005B234B45252447280800000000000003
:101F1000941DC51301BD32080100343334333961D7
:101F2000302D726F6D6C2F7364696F2D672D706F1C
:101F30006F6C2D7032702D69647375702D696461DA
:101F40007574682D706B7466696C7465722D6B6541
:101F50006570616C6976652D616F652D6C70632DA0
:101F600073776469762D7372666173742D6675611B
:101F700072742D627463782D6E6F636C6D696E631D
:101F80002D636C6D5F6D696E2D6662742D6D66706C
:101F90002D7361652D776F776C70662D746B6F2074
:101FA00056657273696F6E3A20372E39352E343983
:101FB0002028323237316262362043592920435279
:101FC000433A206237613238656633204461746574
:101FD0003A204D6F6E20323032312D31312D323971
:101FE0002032323A35303A3237205053542055633C
:101FF0006F6465205665723A20313034332E3231A9
:10200000363220465749442030312D63353164390A
:1020100034303000FA00445649442030312D6230CB
:10202000623435323066000000000000000000001D
:1020300000000000000000000000000000000000A0
:102040000000000000000000000000000000000090
:102050000000000000000000000000000000000080
:102060000000000000000000424C4F423C00000015
:10207000FA69E0BB0100000002000000000000005F
:102080003C000000980300000A6F2B520000000083
:1020900000000000D403000004000000A0B0E5E24E
:1020A00000000000434C4D204441544100000C000E
:1020B000020052617370626572727950692E5069C4
:1020C000636F57000000312E32392E3400000000BB
:1020D0000000000070000000436C6D496D706F726D
:1020E000743A20312E34372E3100000000000000F9
:1020F00000000000000076352032322F30362F32BB
:10210000340000000000000000000000010B010D81
:102110000C0D00006803000074010000680000005E
:10212000300100007C010000000000004C010000B4
:1021300046010000580300000000000028010000D4
:1021400090030000880300007FB200000000000040
:10215000000000000000000000000000000000007F
:1021600000000000000000000000000070030000FC
:10217000000000003201000000000000000000002C
:10218000000000000000000000000000000000004F
:10219000000000000000000000000000000000003F
:1021A000000000000000000000000000000000002F
:1021B000000000000000000000000000000000001F
:1021C00000000000000000000000000034000000DB
:1021D000810100000102323032322D30362D32348E
:1021E0002030363A35353A3038000000FF00000024
:1021F0000100FF011E0000014800010100FF011461
:102200000000014800010000FF0000000200000182
:102210001E01000148010100000000000000000054
:102220000001000101236E000200FFFFF000415495
:1022300000010001FFC000415500010001FFC00086
:10224000424500010001FFC000425200010001FFB1
:10225000C00043410000FF00FFCC004348000100E4
:1022600001FFC000434C00010001FFC000434E00CD
:10227000010001FFC000434F00010001FFC0004307
:102280005A00010001FFC00044450001FF01FFCCDE
:1022900000444B00010001FFC00045450001000162
:1022A000FFC000455300010001FFC000465200017D
:1022B0000001FFC000474200010001FFC00047527B
:1022C00000010001FFC000484B00010001FFC000F9
:1022D000485500010001FFC000494C00010001FF0A
:1022E000C000494E00010001FFC000495300010039
:1022F00001FFC000495400010001FFC0004A500026
:10230000010001FFC0004B4500010001FFC0004B70
:102310005200010001FFC0004C4900010001FFC054
:10232000004C5400010001FFC0004C5500010001A9
:10233000FFC0004C5600010001FFC0004D540001D9
:102340000001FFC0004D5800010001FFC0004D59C1
:1023500000010001FFC0004E4700010001FFC00066
:102360004E4C00010001FFC0004E4F00010001FF74
:10237000C0004E5A00010001FFC00050450001009E
:1023800001FFC000504800010001FFC000504C0098
:10239000010001FFC000505400010001FFC00053C4
:1023A0004500010001FFC000534700010001FFC0CC
:1023B00000534900010001FFC000534B0001000120
:1023C000FFC000544800010001FFC000545200014A
:1023D0000001FFC000545700010001FFC000555329
:1023E00000000000FFC00058580003FF02FFCC00AF
:1023F0005A4100010001FFC000010D010001480029
:102400000000014800000001480100000100000038
:10241000550300000A0C0D0E0F1011121314150CA9
:10242000000102030405060708090A0B000000006A
:10243000000000000000000000000000AFA9000044
:102440004E5652414D5265763D2452657624006DBC
:10245000616E6669643D30783264300070726F641A
:1024600069643D3078303732370076656E64696470
:102470003D3078313465340064657669643D307888
:102480003433653200626F617264747970653D3017
:10249000783038383700626F6172647265763D302B
:1024A000783131303000626F6172646E756D3D322B
:1024B00032006D6163616464723D30303A41303A9C
:1024C00035303A62353A35393A35650073726F6D99
:1024D0007265763D313100626F617264666C61676E
:1024E000733D3078303034303430303100626F61D9
:1024F0007264666C616773333D30783034303030ED
:10250000303030007874616C667265713D333734F9
:102510003030006E6F6372633D31006167303D3271
:10252000353500616132673D310063636F64653D3D
:10253000414C4C007061306974737369743D30783C
:1025400032300065787470616761696E32673D3062
:10255000007061326761303D2D3136382C373136AD
:10256000312C2D383230004176566D69645F63300E
:102570003D3078302C307863380063636B7077724D
:102580006F6666736574303D35006D6178703267D3
:1025900061303D383400747870777262636B6F66B7
:1025A0003D360063636B627732303267706F3D3067
:1025B000006C65676F66646D627732303267706F8A
:1025C0003D30783636313131313131006D637362EF
:1025D0007732303267706F3D30783737373131318D
:1025E00031310070726F70627732303267706F3DD8
:1025F00030786464006F66646D64696766696C74E2
:10260000747970653D3138006F66646D6469676622
:10261000696C747479706562653D31380070617001
:10262000646D6F64653D31007061706476616C69E2
:1026300064746573743D3100706163616C696478C2
:1026400032673D343500706170646570736F666623
:102650007365743D2D33300070617064656E64691C
:1026600064783D3538006C746563786D75783D30FD
:10267000006C746563787061646E756D3D307830A0
:10268000313032006C74656378666E73656C3D3012
:10269000783434006C746563786763696770696F58
:1026A0003D3078303100696C306D61636164647213
:1026B0003D30303A39303A34633A63353A31323A60
:1026C000333800776C3069643D30783433316200E0
:1026D000646561646D616E5F746F3D3078666666D7
:1026E0006666666666006D7578656E61623D307817
:1026F0003130300073707572636F6E6669673D309C
:10270000783300676C697463685F62617365645FE6
:102710006372736D696E3D31006274635F6D6F64E7
:10272000653D3100000000000050F2010000000093
:10273000636F756E74727900000000006375725FDC
:1027400065746865726164647200000000000000D6
:1027500000000000636C6D6C6F616400000000009D
:10276000636C6D6C6F61645F73746174757300008A
:102770000000000000A050B5595E000062737300B5
:10278000000000006D61786173736F6300000000EA
:1027900063636770696F696E0000000001000000EC
:1027A000FFFFFFFFFEFFFFFFFDFFFFFFE4AC011097
:1027B000F0AC011000000000F8AC011000000000B7
:1027C0000000000000AD01100CAD01100000000081
:1027D000000000000000000014AD011020AD011049
:1027E00000000000000000000000000030AD0110FB
:1027F00000000000000000000000000000000000D9
:1028000000000000000000000000000000000000C8
:1028100000000000000000000000000000000000B8
:1028200000000000000000000000000000000000A8
:102830000000000000000000000000000000000098
:102840000000000000000000000000000000000088
:102850000000000000000000000000000000000078
:102860000000000038AD0110000000000000000072
:102870000000000000000000000000000000000058
:102880000000000000000000000000000000000048
:102890000000000000000000000000000000000038
:1028A0000000000000000000000000000000000028
:1028B0000000000000000000000000000000000018
:1028C00040AD01100000000000000000000000000A
:1028D00000000000000000000000000000000000F8
:1028E00000000000000000000000000050AD0110DA
:1028F00000000000000000000000000000000000D8
:10290000000000000000000064AD011074AD011073
:1029100002000000A5640110E167011005670110C5
:102920002166011071680110396A0110A169011056
:102930000969011029670110000000000D660110EF
:10294000056601105D650110FF0000000000211008
:10295000422063308440A550C660E7700881299109
:102960004AA16BB18CC1ADD1CEE1EFF131121002B1
:1029700073325222B5529442F772D6623993188359
:102980007BB35AA3BDD39CC3FFF3DEE3622443347D
:1029900020040114E664C774A44485546AA54BB5A9
:1029A00028850995EEE5CFF5ACC58DD55336722651
:1029B00011163006D776F6669556B4465BB77AA7F9
:1029C00019973887DFF7FEE79DD7BCC7C448E5589D
:1029D0008668A7784008611802282338CCC9EDD949
:1029E0008EE9AFF9488969990AA92BB9F55AD44AF1
:1029F000B77A966A711A500A333A122AFDDBDCCB99
:102A0000BFFB9EEB799B588B3BBB1AABA66C877CBC
:102A1000E44CC55C222C033C600C411CAEED8FFDE8
:102A2000ECCDCDDD2AAD0BBD688D499D977EB66E90
:102A3000D55EF44E133E322E511E700E9FFFBEEF38
:102A4000DDDFFCCF1BBF3AAF599F788F8891A981FA
:102A5000CAB1EBA10CD12DC14EF16FE18010A100E4
:102A6000C230E3200450254046706760B9839893D4
:102A7000FBA3DAB33DC31CD37FE35EF3B102901234
:102A8000F322D2323542145277625672EAB5CBA5A0
:102A9000A89589856EF54FE52CD50DC5E234C32484
:102AA000A01481046674476424540544DBA7FAB774
:102AB0009987B8975FE77EF71DC73CD7D326F236D4
:102AC0009106B01657667676154634564CD96DC9C0
:102AD0000EF92FE9C899E9898AB9ABA94458654824
:102AE00006782768C018E1088238A3287DCB5CDB14
:102AF0003FEB1EFBF98BD89BBBAB9ABB754A545A74
:102B0000376A167AF10AD01AB32A923A2EFD0FEDDF
:102B10006CDD4DCDAABD8BADE89DC98D267C076CC3
:102B2000645C454CA23C832CE01CC10C1FEF3EFFB3
:102B30005DCF7CDF9BAFBABFD98FF89F176E367E13
:102B4000554E745E932EB23ED10EF01E0009121B3C
:102B5000242D363F48415A536C657E7719100B027D
:102B60003D342F265158434A757C676E323B2029ED
:102B7000161F040D7A7368615E574C452B2239305D
:102B80000F061D14636A7178474E555C646D767F3D
:102B90004049525B2C253E3708011A137D746F663D
:102BA00059504B42353C272E1118030A565F444DAD
:102BB000727B60691E170C053A3328214F465D541D
:102BC0006B627970070E151C232A31384148535A1D
:102BD000656C777E09001B122D243F3658514A43FD
:102BE0007C756E671019020B343D262F737A61686D
:102BF000575E454C3B3229201F160D046A637871DD
:102C00004E475C55222B3039060F141D252C373EBC
:102C10000108131A6D647F7649405B523C352E27BC
:102C200018110A03747D666F5059424B171E050C2C
:102C3000333A21285F564D447B7269600E071C159C
:102C40002A233831464F545D626B707900000000D2
:102C5000000000000000000000097E0000000000ED
:102C60000011210000001A1301174000000318048E
:102C7000052423000020160614122500000E020869
:102C800007195E0000000D0A15262A00003C0B09FA
:102C90000F292800003E3F0C3A105F000000220080
:102CA0007B2B000000000D7D007C00000000000078
:102CB00000000800000000140000000000001200E6
:102CC00013110300000000000000000000000000DD
:102CD000000000000000000000097E00000000006D
:102CE0000051210000005A5341574000004358440E
:102CF000452423000020564654522500004E4248E9
:102D000047595E0000004D4A55262A00003C4B49B9
:102D10004F292800003E3F4C3A505F00000022003F
:102D20007B2B000000000D7D007C000000000000F7
:102D30000000080000000014000000000000120065
:102D4000131103000000000000000000000000005C
:102D5000000000000000000000096000000000000A
:102D60000071310000007A7361773200006378648B
:102D7000653433000020766674723500006E626838
:102D80006779360000006D6A75373800002C6B6972
:102D90006F303900002E2F6C3B702D000000270093
:102DA0005B3D000000000D5D005C000000000000C5
:102DB00000000800000000140000000000001200E5
:0C2DC00013111B000000000000000000C8
:082DCC00E858FC7F0100000043
:102DD400A8B00110B4B00110C0B00110CCB0011003
:102DE400D8B00110E4B00110F0B00110FCB0011033
:042DF40048B20110D0
:102DF8000123F0B50D46466808318B401E4083B06C
:102E080001D003B0F0BD044601F0C6FB4FF000430B
:102E18006F4A04EB850705EB4505396A04EBC504E1
:102E2800107804F5865423612361C1F30523CCB2DD
:102E380038B1684968480D68006885423DD30E601E
:102E48001670152B6CD801A151F823F0D50100207C
:102E5800E5010020E5020020EF02002055020020D5
:102E68005B02002061020020670200206D02002042
:102E78003301002073020020830200209B020020FF
:102E8800C9020020510200205102002051020020F6
:102E9800510200205102002051020020510200205E
:102EA800DB0200204B490D684C4B6A1C1B685B5DBC
:102EB8000A601E463E6103B0F0BD152B30D80FF2F4
:102EC800080C5CF823F000BFD9010020F7020020AD
:102ED800E9020020F3020020550200205B020020D6
:102EE80061020020670200206D02002033010020EB
:102EF80073020020830200209B020020C9020020E8
:102F080051020020510200205102002051020020ED
:102F1800510200205102002051020020DB02002053
:102F2800FF26C7E72E4BDE78C4E72D4B9E78C1E716
:102F38002B4B5E78BEE72A4B1E78BBE70023137045
:102F4800B8E701F021FB0022264BA0F806421A80C0
:102F580057E701F019FB0022224B1A80B0F806321D
:102F680043EA0423A0F806324BE701F00DFB0346C1
:102F7800006850B30125B3F806221C1D00950023F4
:102F88002146D0F8AC52A8474FF40071204601F012
:102F9800F7FA134B186034E701F0F6FA114A138870
:102FA800591C18440679118084E721460E4801F01F
:102FB800EFFA7FE7084B1868C0F307267AE7064B55
:102FC8001868C6B276E7012674E71C1DDCE700BF67
:102FD80028FD00209CBB0020802C0020782C00209D
:102FE8007C2C002018FD00208C8F011010B5026881
:102FF800EFF3108372B6D2E8CF4F0121002CFAD13B
:10300800C2E8441F002CF6D1BFF35F8FB0F904204B
:10301800002A1CDC00210268C2E88F1F83F3108895
:1030280020BF0268EFF3108372B6D2E8CFEF5FF0EB
:10303800010CBEF1000FF8D1C2E84ECFBEF1000F6F
:10304800F3D1BFF35F8FB0F90420002AE3DD013A22
:10305800002104688280C4E88F1F83F3108810BDA4
:10306800F8B50027044616461D4608E0C1E88F7FDC
:103078008EF310883046294601F076FAF8B92168AF
:10308800EFF3108E72B6D1E8CF2F0123002AFAD1C0
:10309800C1E8423F002AF6D1BFF35F8FB4F904C0FC
:1030A8002168BCF1000FE1DD0CF1FF3C0023A4F81E
:1030B80004C0C1E88F3F8EF310880120F8BD0020BE
:1030C800F8BD00BF70B505460C4601F051FA02463E
:1030D8000B464FF47A704FF0FF3E6FF0004CE4FB64
:1030E800002396457CEB030138BF72462846BDE8AD
:1030F800704038BF6346FFF7B3BF00BF0368EFF304
:10310800108272B6D3E8CFCF0121BCF1000FF9D1FC
:10311800C3E84C1FBCF1000FF4D1BFF35F8FB0F9C7
:103128000430B0F906C001689C450ADD01334FF050
:10313800000C8380C1E88FCF82F3108840BF012044
:1031480070470020C1E88F0F82F31088704700BFD6
:1031580000B50368EFF3108272B6D3E8CFEF5FF0E3
:10316800010CBEF1000FF8D1C3E84ECFBEF1000F3D
:10317800F3D1BFF35F8FB0F904C003688C4509DA57
:103188004FF0000C8180C3E88FCF82F3108840BFD6
:103198005DF804FB81800021C3E88F1F82F310884B
:1031A8005DF804FB4FF0504310B5026893F90040F6
:1031B800EFF3108372B6D2E8CFCF0121BCF1000F34
:1031C800F9D1C2E84C1FBCF1000FF4D1BFF35F8FF7
:1031D80090F90420002A1CDB00210268C2E88F1F36
:1031E80083F3108820BF0268EFF3108372B6D2E829
:1031F800CFEF5FF0010CBEF1000FF8D1C2E84ECF5F
:10320800BEF1000FF3D1BFF35F8F90F90420002ABD
:10321800E3DA002201680471C1E88F2F83F3108874
:1032280010BD00BF4FF0504310B5026893F900403D
:10323800EFF3108372B6D2E8CFCF0121BCF1000FB3
:10324800F9D1C2E84C1FBCF1000FF4D1BFF35F8F76
:1032580090F90420944229D04FF0000C19E0C1E8FD
:103268008FCF83F3108820BF0268EFF3108372B604
:10327800D2E8CFEF0121BEF1000FF9D1C2E84E1F0D
:10328800BEF1000FF4D1BFF35F8F90F90420A24282
:103298000CD0002A0168E2DA4279047101324271E5
:1032A8000022C1E88F2F83F3108810BD0168F3E76F
:1032B800034600B50268EFF3108C72B6D2E8CFEF80
:1032C8000120BEF1000FF9D1C2E84E0FBEF1000F88
:1032D800F4D1BFF35F8F93F90420002A0ADB01B110
:1032E8000A60002000221B68C3E88F2F8CF3108827
:1032F8005DF804FB4FF05042126801201A71F1E7A3
:103308004FF05042034692F900C010B50268EFF33F
:10331800108E72B6D2E8CF4F0120002CFAD1C2E845
:10332800440F002CF6D1BFF35F8F93F90420002AD5
:1033380005DB624503D001B10A60002005E00120E9
:103348005A7983F804C002445A7100221B68C3E802
:103358008F2F8EF3108810BD4FF050412DE9F041AA
:103368000027044616461D46D1F8008008E0C1E84B
:103378008F7F8CF310883046294601F0F5F8E8B9BC
:103388002168EFF3108C72B6D1E8CF2F0123002A01
:10339800FAD1C1E8423F002AF6D1BFF35F8F94F912
:1033A80004302168002BE2DA002384F80480C1E8A5
:1033B8008F3F8CF310880120BDE8F0810020BDE824
:1033C800F08100BF30B50468EFF3108C72B6D4E812
:1033D800CFEF0125BEF1000FF9D1C4E84E5FBEF171
:1033E800000FF4D1BFF35F8F90F904400568002CFB
:1033F80010DB0021C5E88F1F8CF310884FF0504573
:1034080095F90050A54201D1084630BDBDE83040CD
:10341800FFF7A2BF4FF05042126800230271C5E8BF
:103428008F3F8CF31088012030BD00BF70B5054672
:103438000C4601F09DF802460B464FF47A704FF0A7
:10344800FF3E6FF0004CE4FB002396457CEB030144
:1034580038BF72462846BDE8704038BF6346FFF75C
:103468007BBF00BF0368EFF3108272B6D3E8CFCFFB
:103478000121BCF1000FF9D1C3E84C1FBCF1000FCA
:10348800F4D1BFF35F8F4FF0FF0C0023016880F881
:1034980004C0C1E88F3F82F3108840BF704700BF67
:1034A8000368EFF3108272B6D3E8CFCF0121BCF1E5
:1034B800000FF9D1C3E84C1FBCF1000FF4D1BFF3E2
:1034C8005F8F43790168013BDBB243714BB94FF021
:1034D800FF0C80F804C0C1E88F3F82F3108840BF1A
:1034E80070470023C1E88F3F82F31088704700BF00
:1034F800002108B5134B4FF4707299601248D960D7
:10350800196159619961D961196259629962D962DF
:10351800196359639963D963196459649964D964BF
:10352800196559659965D965196659669966D9669F
:10353800196759679967D96701F032F8034B044A4C
:103548001A6008BD00001050EC3F002074BB00203A
:10355800800110502DE9F04F1F4B85B0D3F858A0CB
:10356800BAF1000F22D0002401254FF4E069DFF8FA
:1035780070801A4F01E0202C18D00AEA0502611C5D
:103588002346AB46CCB26D00002AF4D004F0010209
:1035980003F0FE06164407EB46163046C8F858B046
:1035A80000F00AFC28B93AEA0B0AE4D105B0BDE8F4
:1035B800F08F00238DF80930B37801A88DF8083012
:1035C800F38A0121ADF80490039300F013FC304610
:1035D80000F098FBE7E700BF00001150AC3F002067
:1035E80000301150F0B5BB4B85B0D3F8985015F4A6
:1035F800003674D0B84BB94C996A94F83B30B84A45
:10360800022B116000F0D480002694F87B30022B46
:1036180000F03B8194F8BB30022B00F07D8194F8D8
:10362800FB30022B00F06C8194F83B31022B00F048
:10363800448194F87B31022B00F0338194F8BB313C
:10364800022B00F0B68194F8FB31022B00F0A68122
:1036580094F83B32022B00F0968194F87B32022BCF
:1036680000F0868194F8BB32022B00F0768194F842
:10367800FB32022B00F0668194F83B33022B00F0FA
:10368800568194F87B33022B00F0A48094F8BB3366
:10369800022B00F0998194F8FB33022B00F0B480E0
:1036A8003EB9904B1B7823B94FF400328E4BC3F8C8
:1036B80090204FF44072874B01219B6C01A8C3F303
:1036C8000A03ADF80420029300F094FBEA064FF4D5
:1036D8000036864C07D5FFF73DFF264603E0EA068D
:1036E8004FF01004F7D4EB0322D57C4C46F4803617
:1036F800A37E002B40F09980012394F83A20E370D0
:10370800002A40F0AD8001234FF4C061784A84F864
:103718002330ADF8041092E8030004AA02E903007C
:10372800194601A800F066FB4FF400326E4B1A658B
:10373800E90408D46A041DD42B042AD4AE4240F00C
:10374800C58105B0F0BD0024624B46F480561C606C
:10375800FFF7CEFE4FF48073012101A8ADF80430C5
:103768008DF8084000F046FB4FF400225E4B1A65C6
:103778006A04E1D54FF48063012101A8ADF8043053
:1037880000F038FB1022584B46F480461A652B048B
:10379800D4D54FF4A063012101A8ADF8043000F09E
:1037A80029FB4FF40062504B46F400461A65C5E702
:1037B80094F83A60002E3FF428AF94F83C30002B80
:1037C8003FF423AF002304F1200084F83C3000F0DC
:1037D800C1FA1AE794F87A73002F3FF457AF94F8B8
:1037E8007C33002B40F0648194F8BB33022B40F00B
:1037F800F48094F8BA33002B40F0EB8094F8FB3354
:10380800022B7FF456AF3E4694F8FA33002B3FF470
:1038180047AF94F8FC33002B3FF44BAF00233548F7
:1038280084F8FC3300F096FA43E70221324B294A28
:103838001966536E9F07FCD54FF440520021274864
:1038480000F066FA254800F05DFA0222264B5A6617
:103858001A66012394F83A20E370002A3FF453AF24
:10386800254A1366A2F50052536ED807FCD54FF4CB
:1038780040520021214800F04BFA204800F042FA5B
:103888000122194B5A661A663DE794F87A70002FA0
:103898003FF4C0AE94F87C30002B40F001813E46E6
:1038A800B8E694F87A71002F3FF4C8AE94F87C31EA
:1038B800002B40F0ED803E46C0E694F83A71002FA8
:1038C8003FF4B7AE94F83C31002B40F0D9803E4627
:1038D800AFE600BF0000115000000B40AC3F0020D5
:1038E8009C3F002026FD00200030115010000200EF
:1038F800000010508C43002000201150CC3F0020C5
:1039080094F8FA70002F3FF48FAE94F8FC30002B37
:1039180040F08E803E4687E694F8BA70002F3FF458
:103928007EAE94F8BC30002B7AD13E4677E694F808
:103938003A73002F3FF4A5AE94F83C33002B57D1CF
:103948003E469EE694F8FA72002F3FF495AE94F83E
:10395800FC32002B5CD13E468EE694F8BA72002FFA
:103968003FF485AE94F8BC32002B49D13E467EE642
:1039780094F87A72002F3FF475AE94F87C32002BDD
:1039880076D13E466EE694F83A72002F3FF465AE63
:1039980094F83C32002B63D13E465EE694F8FA7107
:1039A800002F3FF455AE94F8FC31002B50D13E4621
:1039B8004EE694F8BA71002F3FF445AE94F8BC3146
:1039C800002B3DD13E463EE694F8BA33002B3FF437
:1039D80062AE94F8BC33002B71D194F8FB33022B00
:1039E8007FF467AE94F8FA33002B3FF462AE10E729
:1039F8000023394884F83C333E4600F0ABF940E6F2
:103A08000023364884F8BC323E4600F0A3F92EE67F
:103A18000023334884F8FC323E4600F09BF92BE63D
:103A28000023304884F8BC303E4600F093F9F6E5B0
:103A380000232D4884F8FC303E4600F08BF9F3E56E
:103A480000232A4884F8BC313E4600F083F9FAE5A1
:103A58000023274884F8FC313E4600F07BF9F7E55F
:103A68000023244884F83C323E4600F073F9F4E51C
:103A78000023214884F87C323E4600F06BF9F1E5DA
:103A880000231E4884F83C313E4600F063F9D0E537
:103A980000231B4884F87C313E4600F05BF9CDE5F5
:103AA8000023184884F87C303E4600F053F9B1E50D
:103AB8000023154884F87C3300F04CF994E6002381
:103AC800124884F8BC3300F045F986E7104886EAC6
:103AD800050100F051FD00BFCC4200204C420020FF
:103AE8008C4200204C4000208C4000204C4100209B
:103AF8008C410020CC4100200C420020CC4000200A
:103B08000C4100200C4000200C4300204C430020B6
:103B1800349101102DE9F047848A058BC278A542BB
:103B280028BF2546171E18BF0127641B467882F058
:103B38000102A4B20346C270848245F4806040EA60
:103B48004730A6BBD3E903266F1E02EB811E55B38F
:103B5800052F98BF721C31D902EB811C721CACEB8B
:103B68000204022C2AD932464FEA95094FEA890AFB
:103B780006EB890852F8044B42454CF8044BF9D13E
:103B88005545A7EB0A070EEB0A040AD016F8296078
:103B98000EF829602FB15678012F667001D09278FF
:103BA800A2701E699C8A2E441E6140F400400CB924
:103BB80040F4804001B10004BDE8F0870EF1FF3EFB
:103BC8002E4400E0013212F8014CB2420EF8014FC7
:103BD800F8D1E6E783680246186801B1000C53780B
:103BE800C0F30900002B3CD02DE9F041D2E90334A1
:103BF800461E03EB811E40B3052E3BD989014D1C9F
:103C08001D44651B022D35D97346214600F47F7784
:103C18004FEA9008FD1853F804CBAB4241F804CBA7
:103C2800F9D1B842A6EB070604EB07030EEB070130
:103C38000AD01EF8285004F828502EB14C78012ECE
:103C48005C7001D0897899701469D38A044403445C
:103C5800D382138B1461834284BF00239382BDE80F
:103C6800F081D38A0344D382138B834284BF002319
:103C780093827047013C0EEB00011EF8013B714531
:103C880004F8013FF9D1DFE710B504468368002145
:103C98001B68FFF79FFF63681B685B0002D5238BD7
:103CA800834200D010BD2046BDE810400121FFF737
:103CB80091BF00BF084B1B6C13F0020302D182783E
:103CC800D20901D100207047C07EA0F10200B0FAED
:103CD80080F04009704700BF0000115008B5FFF799
:103CE800E9FF50B1054A064B906A1B68A0F5487079
:103CF800C01AC6288CBF0020012008BD00000B4058
:103D08009C3F00200023C0E904338376704700BF3E
:103D180010B5836809B11C68214082B1114352056E
:103D28000DD51A6854050CD4084A21F480641C6027
:103D3800126C920703D40C23033BFDD283681960ED
:103D480010BD8178024800F017FC00BF0000115038
:103D58004891011030B54368002183B004461D68BE
:103D6800FFF7D8FE134B40F48052196CA3788907EB
:103D78000ED55B060ED025F0A04545F00055002174
:103D8800204663681D6003B0BDE83040FFF7C0BF40
:103D9800DB09F0D0A38A002BEDD001212046019247
:103DA800FFF7B8FE019A25F00055024345F0A045FB
:103DB800E5E700BF0000115038B5857E044695B18F
:103DC800FFF762FFA38A0BB9284638BD2046FFF7E4
:103DD80085FF20B1012323770025284638BD2046DA
:103DE800FFF7B8FFF8E78178014800F0C5FB00BF8E
:103DF800689101102DE9F04343788146023B0D4656
:103E080085B0042B13D8DFE803F0034A6A73440033
:103E180000217B4B1A7822F001021A701A7822F0DE
:103E280002021A7059701A7861F382021A70754B7F
:103E38001C686369EFF3108272B6D3E8CF0F0121D3
:103E48000028FAD1C3E8401F0028F6D1BFF35F8FDE
:103E5800A2614946204600F0A7FB00236269C2E838
:103E68008F3FA36983F3108848B94FF0E023D3F854
:103E7800F03DDB070AD500BE05B0BDE8F0832A4651
:103E880099F8011099F8000000F092FB05B0BDE820
:103E9800F0835D4A13780133DBB21370C7E700245F
:103EA8005A4E23463178DFF86C81594F11E03B6850
:103EB80013EB441307D0DB692BB1D9F8041099F838
:103EC8000000984731780134E4B24A1CA2422346E4
:103ED80017DBA142EBD85B1A08EB4313EBE7484B1F
:103EE8001A78D607D2D51A7842F004021A709EE7DB
:103EF800434B1A78D407C9D51A7822F004021A70ED
:103F080095E73F4C237858073AD4E378DA07BDD5CC
:103F1800032300263B4A99F800101468D9F80420B6
:103F28008DF804108DF805306369CDF80660CDF87A
:103F38000A60ADF80E600292EFF3108272B6D3E811
:103F4800CF0F01210028FAD1C3E8401F0028F6D17D
:103F5800BFF35F8F2046A26101A900F025FB6369CA
:103F6800C3E88F6FA36983F3108800283FF47DAFFF
:103F78002A469DF805109DF8040000F019FB85E716
:103F88002378002723F00403237005231D4A8DF8A6
:103F98000530166899F80020ADF80E708DF80420E9
:103FA8007369CDF80670CDF80A70EFF3108272B617
:103FB800D3E8CF0F01210028FAD1C3E8401F002819
:103FC800F6D1BFF35F8F3046B26101A900F0ECFA79
:103FD8007369C3E88F7FB36983F3108838B94FF0EA
:103FE800E023D3F8F03DD9078FD500BE8DE72A46E8
:103FF8009DF805109DF8040000F0DAFA85E700BF87
:1040080090270020E827002027FD002025FD00201C
:10401800C0250020D4B2011070B500244FF0A0458F
:10402800012600E0013400F0C7FA844212D220468B
:1040380000F0C6FA43690A2BF4D1036AD5F80C24B8
:1040480006FA03F31A42EDD0C5F80C343430FFF702
:1040580055F8E7E770BD00BF70B500244FF0A045E4
:10406800012600E0013400F0A7FA844212D220466B
:1040780000F0A6FA43690B2BF4D1036AD5F81C2487
:1040880006FA03F31A42EDD0C5F81C343430FFF7B2
:1040980035F8E7E770BD00BF70B5466A044626F0FC
:1040A8003006002949D0A56A46F01006666225F058
:1040B800C005002A48D045F04005E069A5628001A6
:1040C80000F1A04E206A800100F1A04C2068CEF8D3
:1040D80000100830CEF80400CEF80830CEF8106092
:1040E800CCF8000004F13400CCF80420CCF80830F7
:1040F800CCF8105005460021FFF72AF801224FF0AE
:10410800A046E3692846256A02FA03F3AA40134346
:104118004FF47A71C6F85034FEF7D4FF60B1E26903
:104128009201324413695901FCD4226A920102F1C6
:10413800A04213695B01FCD470BDA56A034966629D
:1041480025F0C005002AB6D1014AB6E7482905106E
:10415800F81C0020844610466AB3013900B501EB0B
:10416800020EDCF80C309B07FBD511F8013F7145B6
:10417800CCF80830F5D1DCF80C30590705D5DCF857
:104188000830DCF80C305907F9D4DCF80C30DA06C2
:1041980006D5DCF80C30DA06F7D401E0DCF8083094
:1041A800DCF80C305B07F9D40123CCF820305DF83B
:1041B80004FBDCF80830DCF80C305907F9D4DCF8DB
:1041C8000C30DA0606D5DCF80C30DA06F7D401E054
:1041D800DCF80830DCF80C305B07F9D40123CCF8A4
:1041E8002030704753B94AB9002908BF00281CBFBE
:1041F8004FF0FF314FF0FF3000F0B2B9ADF1080CCD
:104208006DE904CE00F006F8DDF804E0DDE90223EC
:1042180004B070472DE9F04F8C46099E04460F46BE
:10422800002B48D18A4215465ED9B2FA82F33BB1D7
:10423800C3F120029F409D409C4020FA02F21743A0
:104248004FEA154E1FFA85FC220CB7FBFEF10EFB58
:10425800117701FB0CF042EA0742904207D9AA18ED
:1042680001F1FF3702D2904200F258813946121A02
:10427800A4B2B2FBFEF00EFB102200FB0CFC44EAD9
:104288000244A4450BD92C1900F1FF322CBF012799
:104298000027A44502D9002F00F04381104640EAC8
:1042A8000140A4EB0C0400211EB1DC400023C6E948
:1042B8000043BDE8F08F8B4206D90EB1C6E9000174
:1042C80000210846BDE8F08FB3FA83F1002951D1E7
:1042D8006345C0F01681824240F213810846002EE1
:1042E800E7D0C6E90047E4E7002A00F0AF80B2FA59
:1042F80082F3002B40F0C2808A1A4FEA154EAFB203
:104308000121200CB2FBFEFC0EFB1C2240EA0242FB
:1043180007FB0CF090420ED9AA180CF1FF382CBFFD
:104328004FF001094FF00009904203D9B9F1000F8D
:1043380000F0F080C446121AA4B2B2FBFEF00EFBE5
:10434800102200FB07F744EA0244A7420ED92C19B1
:1043580000F1FF322CBF4FF0010E4FF0000EA742C4
:1043680003D9BEF1000F00F0D2801046E41B40EAEA
:104378000C4099E7C1F120058B400CFA01F400FAD2
:1043880001F922FA05F72CFA05FC8A401F4320FAA6
:1043980005F3380C23431FFA87FE1C0CBCFBF0F80E
:1043A80000FB18CC44EA0C4408FB0EFCA4450ED9CB
:1043B8003C1908F1FF3A2CBF4FF0010B4FF0000BEE
:1043C800A44503D9BBF1000F00F0B880D046A4EB98
:1043D8000C041FFA83FCB4FBF0F300FB134403FB4B
:1043E8000EFE4CEA0444A6450ED93C1903F1FF30F1
:1043F8002CBF4FF0010C4FF0000CA64503D9BCF1BF
:10440800000F00F09F80034643EA0840A4EB0E0427
:10441800A0FB02EC64457346E04602D307D1F145A0
:1044280005D2BEEB02036CEB070C0138E0465EB127
:10443800B9EB030264EB080404FA05F522FA01F368
:10444800CC401D43C6E90054002132E742082F46FC
:104458004B08AC4642EAC172AE46C407110C92B290
:1044680041EA034142EA0142B1FBF5F1B3FBF5F041
:104478001F23A2EB0C0241EA004142E79D40C3F131
:10448800200299409C402CFA02FC4FEA154E20FA73
:1044980002F2AFB2BCFBFEF80A430EFB18CC110CBB
:1044A80041EA0C4108FB07FC8C4550D9691808F112
:1044B800FF302CBF4FF001094FF000098C4502D99D
:1044C800B9F1000F30D0A1EB0C01B1FBFEF808FBED
:1044D80007FC0EFB181192B242EA0142624534D23F
:1044E800AA1808F1FF312CBF4FF001094FF000095D
:1044F8006245BED2B9F1000FBBD1A8F102012A442E
:10450800B7E7841A6CEB030201201746E7E62C4450
:1045180002382BE7ACF1020C2A440CE702392A4492
:10452800A5E62C440238BAE6A5EB0C0CA8F102006B
:104538006144B1FBFEF808FB07FCCAE7A8F10208D2
:104548003C4444E7023B3C445EE7414691E7A1EB2B
:104558000C014046B1FBFEF808FB07FCB9E700BFB9
:10456800704700BF000000005FF800F0C124001091
:104578005FF800F0152600105FF800F0AD1200108B
:104588005FF800F0BD0600105FF800F09D0C001009
:104598005FF800F0ED4F00105FF800F0F50B001029
:1045A8005FF800F0ED8401105FF800F095740010DA
:1045B8005FF800F0BD5A00105FF800F03D0C0010E5
:1045C8005FF800F0410C0010C48F0110B01B0020F0
:1045D80016000000000000001600000000000000A7
:1045E80000000000000000000000000000000000C3
:1045F80000000000000000000000000000000000B3
:1046080000000000000000000000000000000000A2
:104618000000000000000000000000000000000092
:104628000000000000000000000000000000000082
:104638000000000000000000000000000000000072
:104648000000000000000000000000000000000062
:104658000000000000000000000000000000000052
:104668000000000000000000000000000000000042
:104678000000000000000000000000000000000032
:104688000000000000000000000000000000000022
:104698000000000000000000000000000000000012
:1046A8000000000000000000000000000000000002
:1046B80000000000000000000000000000000000F2
:1046C80000000000000000000000000000000000E2
:1046D80000000000000000000000000000000000D2
:1046E80000000000000000000000000000000000C2
:1046F80000000000000000000000000000000000B2
:1047080000000000000000000000000000000000A1
:104718000000000000000000000000000000000091
:104728000000000000000000000000000000000081
:104738000000000000000000000000000000000071
:104748000000000000000000000000000000000061
:104758000000000000000000000000000000000051
:104768000000000000000000000000000000000041
:104778000000000000000000000000000000000031
:104788000000000000000000000000000000000021
:104798000000000000000000000000000000000011
:1047A8000000000000000000000000000000000001
:1047B80000000000000000000000000000000000F1
:1047C80000000000000000000000000000000000E1
:1047D80000000000000000000000000000000000D1
:1047E80000000000000000000000000000000000C1
:1047F80000000000000000000000000000000000B1
:1048080000000000000000000000000000000000A0
:104818000000000000000000000000000000000090
:104828000000000000000000000000000000000080
:104838000000000000000000000000000000000070
:104848000000000000000000000000000000000060
:104858000000000000000000000000000000000050
:104868000000000000000000000000000000000040
:104878000000000000000000000000000000000030
:10488800008008401C0000001B0000001A00000007
:1048980020BCBE0000000000000000000000000076
:1048A8000000000000000000000000000000000000
:1048B80000000000000000000000000000000000F0
:1048C80000000000FFFFFFFF1000000000000000D4
:1048D80000000100000000000000000000000200CD
:1048E80000000000000000000000030000000000BD
:1048F800000000000000FF000000000001B548684B
:1049080001318E460047704609380149884701BD84
:10491800C5190010000000000000000000000000A1
:104928000000000000000000C822002059520010BA
:10493800055200107D510010ED50001000000000DD
:1049480000010000EC27002010000C00000000000F
:10495800000000000000000000000000000000004F
:10496800FF0000000000000000000000557D00105E
:10497800000000000000000000000000000000002F
:1049880000000000597D0010000000000000000039
:104998006E19000000C000C0585800000000000058
:1049A8002D6201100000000000000000000000005F
:1049B80000000000916101100000000000000000EC
:1049C8000000000000000000A5010000FFFFFFFF3D
:1049D80000000200000000000000000000000000CD
:1049E800081D0020081D0020101D0020101D00209B
:1049F800181D0020181D0020201D0020201D00204B
:104A0800281D0020281D0020301D0020301D0020FA
:104A1800381D0020381D0020401D0020401D0020AA
:104A2800481D0020481D0020501D0020501D00205A
:104A3800581D0020581D0020601D0020601D00200A
:104A4800681D0020681D0020701D0020701D0020BA
:104A5800781D0020781D0020801D0020801D00206A
:104A6800881D0020881D0020901D0020901D00201A
:104A7800981D0020981D0020A01D0020A01D0020CA
:104A8800A81D0020A81D0020B01D0020B01D00207A
:104A9800B81D0020B81D0020C01D0020C01D00202A
:104AA800C81D0020C81D0020D01D0020D01D0020DA
:104AB800D81D0020D81D0020E01D0020E01D00208A
:104AC800E81D0020E81D0020F01D0020F01D00203A
:104AD800F81D0020F81D0020001E0020001E0020E8
:104AE800081E0020081E0020101E0020101E002096
:104AF800181E0020181E0020201E0020201E002046
:104B0800281E0020281E0020301E0020301E0020F5
:104B1800381E0020381E0020401E0020401E0020A5
:104B2800481E0020481E0020501E0020501E002055
:104B3800581E0020581E0020601E0020601E002005
:104B4800681E0020681E0020701E0020701E0020B5
:104B5800781E0020781E0020801E0020801E002065
:104B6800881E0020881E0020901E0020901E002015
:104B7800981E0020981E0020A01E0020A01E0020C5
:104B8800A81E0020A81E0020B01E0020B01E002075
:104B9800B81E0020B81E0020C01E0020C01E002025
:104BA800C81E0020C81E0020D01E0020D01E0020D5
:104BB800D81E0020D81E0020E01E0020E01E002085
:104BC800E81E0020E81E0020F01E0020F01E002035
:104BD800F81E0020F81E0020001F0020001F0020E3
:104BE800081F0020081F0020101F0020101F002091
:104BF800181F0020181F0020201F0020201F002041
:104C0800281F0020281F0020301F0020301F0020F0
:104C1800381F0020381F0020401F0020401F0020A0
:104C2800481F0020481F0020501F0020501F002050
:104C3800581F0020581F0020601F0020601F002000
:104C4800681F0020681F0020701F0020701F0020B0
:104C5800781F0020781F0020801F0020801F002060
:104C6800881F0020881F0020901F0020901F002010
:104C7800981F0020981F0020A01F0020A01F0020C0
:104C8800A81F0020A81F0020B01F0020B01F002070
:104C9800B81F0020B81F0020C01F0020C01F002020
:104CA800C81F0020C81F0020D01F0020D01F0020D0
:104CB800D81F0020D81F0020E01F0020E01F002080
:104CC800E81F0020E81F0020F01F0020F01F002030
:104CD800F81F0020F81F00200020002000200020DE
:104CE800082000200820002010200020102000208C
:104CF800182000201820002020200020202000203C
:104D080028200020282000203020002030200020EB
:104D1800382000203820002040200020402000209B
:104D2800482000204820002050200020502000204B
:104D380058200020582000206020002060200020FB
:104D480068200020682000207020002070200020AB
:104D5800782000207820002080200020802000205B
:104D6800882000208820002090200020902000200B
:104D78009820002098200020A0200020A0200020BB
:104D8800A8200020A8200020B0200020B02000206B
:104D9800B8200020B8200020C0200020C02000201B
:104DA800C8200020C8200020D0200020D0200020CB
:104DB800D8200020D8200020E0200020E02000207B
:104DC800E8200020E8200020F0200020F02000202B
:104DD800F8200020F82000200021002000210020D9
:104DE8001821002000000000000000008824002096
:104DF800F0240020582500200000000000000000DA
:104E0800000000000000000000000000000000009A
:104E1800000000000000000000000000000000008A
:104E2800000000000000000000000000000000007A
:104E3800000000000000000000000000000000006A
:104E4800000000000000000000000000000000005A
:104E5800000000000000000000000000000000004A
:104E6800000000000000000000000000000000003A
:104E7800000000000000000000000000000000002A
:104E880001000000000000000E33CDAB34126DE6C7
:104E9800ECDE05000B000000000000000000000030
:104EA80000000000000000000000000000000000FA
:104EB80000000000000000000000000000000000EA
:104EC80000000000000000000000000000000000DA
:104ED80000000000000000000000000000000000CA
:104EE80000000000000000000000000000000000BA
:104EF80000000000000000000000000000000000AA
:104F08000000000000000000000000000000000099
:104F18000000000000000000000000000000000089
:104F28000000000000000000000000000000000079
:104F38000000000000000000000000000000000069
:084F4800000000000000000061
:104F5000D3DEFFFFFE010000FF010000E8B1FAFF11
:044F6000793512ABE2
:040000051000014D99
:00000001FF
